{"type": "FeatureCollection", "features": [{"type": "Feature", "properties": {"ID_0": 105, "ISO": "IND", "NAME_0": "India", "ID_1": 1, "NAME_1": "Andaman and Nicobar", "NL_NAME_1": "", "VARNAME_1": "Andaman & Nicobar Islands|Andaman et Nicobar|Iihas de Andama e Nicobar|Inseln Andamanen und Nikobare", "TYPE_1": "Union Territor", "ENGTYPE_1": "Union Territory", "filename": "", "filename_1": "", "filename_2": "", "filename_3": "", "filename_4": ""}, "geometry": {"type": "MultiPolygon", "coordinates": [[[[93.790916, 6.851042], [93.784447, 6.849166], [93.785278, 6.848061], [93.790916, 6.851042]]], [[[93.712219, 7.208055], [93.721527, 7.213122], [93.709091, 7.23125], [93.712219, 7.208055]]], [[[93.848053, 7.24028], [93.655563, 7.125281], [93.663033, 7.006646], [93.745277, 6.961945], [93.815552, 6.81611], [93.804886, 6.764531], [93.828316, 6.754256], [93.947807, 6.998874], [93.848053, 7.24028]]], [[[93.845901, 7.285641], [93.844223, 7.28844], [93.845001, 7.285555], [93.845901, 7.285641]]], [[[93.665359, 7.384032], [93.662033, 7.383211], [93.666191, 7.38353], [93.665359, 7.384032]]], [[[93.772499, 7.398333], [93.762222, 7.398055], [93.769997, 7.39362], [93.772499, 7.398333]]], [[[93.695, 7.399445], [93.683052, 7.405278], [93.690834, 7.396667], [93.695, 7.399445]]], [[[93.755745, 7.359843], [93.703331, 7.40139], [93.71389, 7.392779], [93.6325, 7.370555], [93.648331, 7.2425], [93.755745, 7.359843]]], [[[93.652496, 7.473611], [93.644165, 7.470833], [93.651947, 7.470279], [93.652496, 7.473611]]], [[[93.633148, 7.475521], [93.6325, 7.480001], [93.63028, 7.479721], [93.633148, 7.475521]]], [[[93.550293, 7.517026], [93.539719, 7.52], [93.542503, 7.509999], [93.550293, 7.517026]]], [[[93.342697, 7.90506], [93.340431, 7.904721], [93.34243, 7.904139], [93.342697, 7.90506]]], [[[93.340462, 7.909511], [93.338783, 7.91058], [93.339378, 7.90865], [93.340462, 7.909511]]], [[[93.379997, 8.024722], [93.317223, 7.933611], [93.46167, 7.872222], [93.464996, 7.930001], [93.379997, 8.024722]]], [[[93.582771, 7.99167], [93.507233, 7.984721], [93.577499, 7.928333], [93.582771, 7.99167]]], [[[93.601387, 8.05], [93.561386, 8.118055], [93.592781, 8.03779], [93.601387, 8.05]]], [[[93.526489, 8.231271], [93.453888, 8.173611], [93.500832, 7.997219], [93.550278, 8.036111], [93.526489, 8.231271]]], [[[93.251709, 8.233434], [93.220123, 8.245062], [93.239441, 8.22083], [93.251709, 8.233434]]], [[[93.126274, 8.355864], [93.087219, 8.269444], [93.199448, 8.193891], [93.126389, 8.276388], [93.126274, 8.355864]]], [[[93.653336, 8.387777], [93.645279, 8.394721], [93.643677, 8.393404], [93.653336, 8.387777]]], [[[93.633949, 8.394922], [93.635406, 8.396793], [93.633247, 8.398042], [93.633949, 8.394922]]], [[[93.056946, 8.46], [93.035278, 8.448611], [93.057503, 8.439167], [93.056946, 8.46]]], [[[93.611115, 8.485834], [93.613609, 8.485278], [93.613487, 8.486055], [93.611115, 8.485834]]], [[[93.642426, 8.468536], [93.610138, 8.544326], [93.628334, 8.48861], [93.615555, 8.456388], [93.622856, 8.42162], [93.642426, 8.468536]]], [[[93.609444, 8.579445], [93.60659, 8.58125], [93.60833, 8.578059], [93.609444, 8.579445]]], [[[92.851944, 8.822221], [92.863266, 8.829931], [92.858612, 8.837432], [92.851944, 8.822221]]], [[[92.798615, 9.118333], [92.792221, 9.117782], [92.796669, 9.11774], [92.798615, 9.118333]]], [[[92.804443, 9.120001], [92.803886, 9.119999], [92.799721, 9.118611], [92.80278, 9.118891], [92.804443, 9.120001]]], [[[92.81472, 9.125834], [92.811668, 9.125558], [92.811668, 9.124441], [92.81472, 9.125834]]], [[[92.787781, 9.244166], [92.720833, 9.21361], [92.731667, 9.124377], [92.830551, 9.138695], [92.787781, 9.244166]]], [[[92.515831, 10.897641], [92.376114, 10.781667], [92.385277, 10.532222], [92.513054, 10.511667], [92.569443, 10.57889], [92.587708, 10.786945], [92.515831, 10.897641]]], [[[92.618332, 10.93389], [92.609093, 10.930417], [92.620003, 10.928612], [92.618332, 10.93389]]], [[[92.222221, 10.972777], [92.22139, 10.982919], [92.214722, 10.977499], [92.222221, 10.972777]]], [[[92.658447, 10.98655], [92.669792, 10.988453], [92.661942, 10.992779], [92.658447, 10.98655]]], [[[92.725555, 11.141665], [92.722778, 11.143331], [92.724167, 11.14028], [92.725555, 11.141665]]], [[[92.735001, 11.145556], [92.726944, 11.145556], [92.730278, 11.141458], [92.735001, 11.145556]]], [[[92.681114, 11.18111], [92.674721, 11.189445], [92.677498, 11.176942], [92.681114, 11.18111]]], [[[92.705833, 11.263057], [92.692497, 11.280834], [92.687363, 11.242082], [92.705833, 11.263057]]], [[[92.710281, 11.30861], [92.698334, 11.308056], [92.712158, 11.303122], [92.710281, 11.30861]]], [[[92.712837, 11.309011], [92.723999, 11.33195], [92.721657, 11.33306], [92.712837, 11.309011]]], [[[92.545883, 11.395921], [92.550735, 11.394563], [92.550369, 11.397175], [92.545883, 11.395921]]], [[[92.556404, 11.395196], [92.562675, 11.393663], [92.562744, 11.397218], [92.556404, 11.395196]]], [[[92.671242, 11.487289], [92.672356, 11.488987], [92.670197, 11.48881], [92.671242, 11.487289]]], [[[92.610321, 11.50774], [92.615334, 11.509516], [92.616257, 11.511298], [92.610321, 11.50774]]], [[[92.64389, 11.51419], [92.646049, 11.514051], [92.645676, 11.515396], [92.64389, 11.51419]]], [[[92.641457, 11.51014], [92.587105, 11.400479], [92.600296, 11.346521], [92.690872, 11.37034], [92.641457, 11.51014]]], [[[92.27047, 11.517091], [92.273346, 11.516531], [92.272781, 11.518195], [92.27047, 11.517091]]], [[[92.606392, 11.534461], [92.600761, 11.530137], [92.606461, 11.5219], [92.606392, 11.534461]]], [[[92.569061, 11.527382], [92.552727, 11.53099], [92.566437, 11.516989], [92.569061, 11.527382]]], [[[92.626648, 11.544026], [92.629723, 11.546668], [92.628273, 11.549241], [92.626648, 11.544026]]], [[[92.620277, 11.55609], [92.601593, 11.553471], [92.610481, 11.531806], [92.620277, 11.55609]]], [[[92.572853, 11.565621], [92.577011, 11.568958], [92.577011, 11.570902], [92.572853, 11.565621]]], [[[92.567024, 11.568677], [92.565552, 11.570749], [92.565208, 11.568126], [92.567024, 11.568677]]], [[[92.583618, 11.53444], [92.597168, 11.562606], [92.592438, 11.577393], [92.583618, 11.53444]]], [[[92.576599, 11.584859], [92.579445, 11.584444], [92.577217, 11.585281], [92.576599, 11.584859]]], [[[92.619217, 11.57709], [92.600601, 11.568094], [92.614616, 11.562699], [92.619217, 11.57709]]], [[[92.270729, 11.584091], [92.214546, 11.529451], [92.269829, 11.522507], [92.270729, 11.584091]]], [[[92.569397, 11.588422], [92.531952, 11.595065], [92.530182, 11.554127], [92.569397, 11.588422]]], [[[92.700752, 11.659437], [92.695107, 11.663421], [92.692833, 11.660702], [92.700752, 11.659437]]], [[[92.759811, 11.67669], [92.766609, 11.67839], [92.76593, 11.680831], [92.759811, 11.67669]]], [[[92.725197, 11.686702], [92.722763, 11.689622], [92.721756, 11.687721], [92.725197, 11.686702]]], [[[92.549454, 11.724267], [92.550568, 11.723652], [92.551407, 11.725304], [92.549454, 11.724267]]], [[[93.077576, 11.781004], [93.086349, 11.785963], [93.084793, 11.789681], [93.077576, 11.781004]]], [[[93.063316, 11.84476], [93.049988, 11.812221], [93.07222, 11.835562], [93.063316, 11.84476]]], [[[92.595558, 11.915001], [92.601669, 11.914445], [92.601112, 11.918892], [92.595558, 11.915001]]], [[[92.567955, 11.950102], [92.56292, 11.947347], [92.568611, 11.94368], [92.567955, 11.950102]]], [[[92.731911, 11.944751], [92.723259, 11.95291], [92.726387, 11.941015], [92.731911, 11.944751]]], [[[92.741966, 11.96614], [92.745163, 11.966054], [92.744392, 11.96744], [92.741966, 11.96614]]], [[[92.767136, 11.955884], [92.736153, 11.953199], [92.745758, 11.944792], [92.767136, 11.955884]]], [[[92.609444, 11.942777], [92.588608, 11.97528], [92.598877, 11.92778], [92.609444, 11.942777]]], [[[92.581474, 11.979382], [92.585052, 11.97773], [92.583961, 11.98268], [92.581474, 11.979382]]], [[[92.774727, 12.012801], [92.771187, 12.01779], [92.771439, 12.013907], [92.774727, 12.012801]]], [[[93.009453, 12.018891], [92.925537, 11.99579], [93.042671, 11.882261], [93.009453, 12.018891]]], [[[92.969467, 12.064961], [92.971085, 12.064255], [92.971069, 12.065201], [92.969467, 12.064961]]], [[[93.00528, 12.102781], [92.95961, 12.106483], [92.992775, 12.043617], [93.00528, 12.102781]]], [[[92.992462, 12.110531], [92.993896, 12.111071], [92.992493, 12.11164], [92.992462, 12.110531]]], [[[92.742569, 12.112201], [92.738968, 12.110501], [92.738708, 12.106886], [92.742569, 12.112201]]], [[[92.957825, 12.099057], [92.949722, 12.088329], [92.951942, 12.08389], [92.957825, 12.099057]]], [[[92.628723, 12.115082], [92.630318, 12.11332], [92.630379, 12.11655], [92.628723, 12.115082]]], [[[92.630318, 12.119462], [92.631416, 12.119011], [92.631538, 12.120454], [92.630318, 12.119462]]], [[[93.098755, 12.135815], [93.096321, 12.134783], [93.0979, 12.133509], [93.098755, 12.135815]]], [[[93.123611, 12.140262], [93.109093, 12.143081], [93.115562, 12.129951], [93.123611, 12.140262]]], [[[92.844025, 12.148995], [92.847206, 12.15044], [92.846764, 12.150971], [92.844025, 12.148995]]], [[[93.027779, 12.156941], [92.955605, 12.142192], [93.007263, 12.10723], [93.045525, 12.04537], [93.027779, 12.156941]]], [[[92.763672, 12.179379], [92.756462, 12.18024], [92.759483, 12.178045], [92.758652, 12.168047], [92.759232, 12.1666], [92.763672, 12.179379]]], [[[92.719093, 12.17936], [92.721222, 12.181701], [92.720947, 12.182321], [92.719093, 12.17936]]], [[[92.732506, 12.182351], [92.725403, 12.186072], [92.7285, 12.18158], [92.732506, 12.182351]]], [[[93.068604, 12.211334], [93.037186, 12.133361], [93.074646, 12.08363], [93.095001, 12.142422], [93.068604, 12.211334]]], [[[92.680077, 12.218881], [92.683533, 12.223131], [92.682816, 12.224433], [92.680077, 12.218881]]], [[[93.021988, 12.224196], [93.01918, 12.22291], [93.019806, 12.222641], [93.021988, 12.224196]]], [[[92.94162, 12.217351], [92.924881, 12.211471], [92.933167, 12.195855], [92.94162, 12.217351]]], [[[92.700867, 12.235609], [92.611046, 11.87126], [92.562401, 11.946474], [92.513519, 11.848001], [92.711281, 11.477318], [92.756653, 11.665071], [92.694572, 11.622729], [92.666206, 11.653901], [92.701897, 11.70713], [92.755074, 11.701056], [92.788551, 11.901219], [92.746254, 11.931821], [92.718193, 11.824522], [92.710182, 11.814516], [92.692467, 11.808762], [92.680077, 11.81858], [92.739243, 12.040917], [92.783607, 12.04694], [92.735275, 12.065278], [92.700867, 12.235609]]], [[[92.732887, 12.210252], [92.723442, 12.188842], [92.76368, 12.18218], [92.762299, 12.229374], [92.732887, 12.210252]]], [[[92.881943, 12.24889], [92.879448, 12.248056], [92.881111, 12.245271], [92.881943, 12.24889]]], [[[92.861465, 12.243028], [92.869156, 12.24801], [92.866013, 12.250741], [92.861465, 12.243028]]], [[[92.696106, 12.246611], [92.699409, 12.248281], [92.696999, 12.250825], [92.696106, 12.246611]]], [[[92.879234, 12.208278], [92.88446, 12.239249], [92.870842, 12.244692], [92.879234, 12.208278]]], [[[93.105988, 12.260204], [93.063332, 12.229166], [93.100746, 12.203941], [93.105988, 12.260204]]], [[[92.901413, 12.259071], [92.899445, 12.260792], [92.900299, 12.258615], [92.901413, 12.259071]]], [[[92.735069, 12.269354], [92.738716, 12.27299], [92.738396, 12.275503], [92.735069, 12.269354]]], [[[93.027, 12.27353], [93.024483, 12.278022], [93.022079, 12.274765], [93.027, 12.27353]]], [[[92.750084, 12.287695], [92.739517, 12.282104], [92.740082, 12.272709], [92.734787, 12.248491], [92.750084, 12.287695]]], [[[92.735947, 12.281571], [92.737289, 12.288242], [92.738174, 12.292403], [92.73539, 12.28851], [92.735947, 12.281571]]], [[[92.753113, 12.277511], [92.768013, 12.284501], [92.762878, 12.294122], [92.753113, 12.277511]]], [[[92.754997, 12.293611], [92.752777, 12.294167], [92.753052, 12.291945], [92.754997, 12.293611]]], [[[92.768936, 12.28851], [92.768387, 12.292957], [92.766731, 12.289089], [92.768936, 12.28851]]], [[[92.876976, 12.295899], [92.8806, 12.295416], [92.880211, 12.29785], [92.876976, 12.295899]]], [[[92.723862, 12.29138], [92.701477, 12.267369], [92.710693, 12.230329], [92.723862, 12.29138]]], [[[92.76593, 12.297442], [92.763687, 12.298236], [92.763687, 12.29657], [92.76593, 12.297442]]], [[[92.928665, 12.237943], [92.901466, 12.288221], [92.922089, 12.230951], [92.928665, 12.237943]]], [[[92.889313, 12.265942], [92.781723, 12.28508], [92.742287, 12.24554], [92.769867, 12.236852], [92.764679, 12.06332], [92.880508, 12.195137], [92.858887, 12.245831], [92.86467, 12.251345], [92.87825, 12.25144], [92.889313, 12.265942]]], [[[93.072937, 12.315391], [93.068527, 12.31906], [93.063011, 12.315922], [93.072937, 12.315391]]], [[[93.875267, 12.288059], [93.826683, 12.24486], [93.880699, 12.236642], [93.875267, 12.288059]]], [[[92.91111, 12.333332], [92.913612, 12.333056], [92.911942, 12.335281], [92.91111, 12.333332]]], [[[92.904533, 12.339971], [92.906609, 12.33985], [92.905373, 12.341143], [92.904533, 12.339971]]], [[[92.909447, 12.348178], [92.918808, 12.35022], [92.915047, 12.355481], [92.909447, 12.348178]]], [[[92.895416, 12.392797], [92.897789, 12.394319], [92.896187, 12.395181], [92.895416, 12.392797]]], [[[92.888786, 12.4076], [92.844353, 12.394951], [92.883987, 12.374156], [92.888786, 12.4076]]], [[[92.897499, 12.40889], [92.89917, 12.41139], [92.898056, 12.41139], [92.897499, 12.40889]]], [[[92.888298, 12.413332], [92.889488, 12.413952], [92.88858, 12.414162], [92.888298, 12.413332]]], [[[92.869217, 12.413781], [92.858902, 12.416808], [92.860603, 12.413491], [92.869217, 12.413781]]], [[[92.899628, 12.42143], [92.904854, 12.42313], [92.900421, 12.426022], [92.899628, 12.42143]]], [[[92.838058, 12.425001], [92.833893, 12.4175], [92.84639, 12.415], [92.838058, 12.425001]]], [[[92.932343, 12.359449], [92.956253, 12.43549], [92.919334, 12.364615], [92.932343, 12.359449]]], [[[92.87587, 12.444741], [92.87426, 12.444531], [92.87545, 12.444048], [92.87587, 12.444741]]], [[[92.68457, 12.53878], [92.66861, 12.534231], [92.678116, 12.52222], [92.68457, 12.53878]]], [[[92.700943, 12.63911], [92.703369, 12.639356], [92.702164, 12.640744], [92.700943, 12.63911]]], [[[92.730873, 12.702591], [92.732536, 12.703411], [92.731163, 12.704521], [92.730873, 12.702591]]], [[[92.729576, 12.730891], [92.722893, 12.735611], [92.727867, 12.726731], [92.729576, 12.730891]]], [[[92.725548, 12.752171], [92.726677, 12.753349], [92.725418, 12.753678], [92.725548, 12.752171]]], [[[92.654266, 12.771398], [92.657539, 12.773176], [92.656769, 12.773994], [92.654266, 12.771398]]], [[[92.71563, 12.775651], [92.717636, 12.776161], [92.715637, 12.777011], [92.71563, 12.775651]]], [[[92.720001, 12.777777], [92.722221, 12.778611], [92.717216, 12.78778], [92.715279, 12.778333], [92.720001, 12.777777]]], [[[92.716515, 12.795896], [92.715401, 12.796954], [92.715111, 12.795048], [92.716515, 12.795896]]], [[[92.717041, 12.798693], [92.715637, 12.800591], [92.716209, 12.798392], [92.717041, 12.798693]]], [[[92.717041, 12.80256], [92.716492, 12.804281], [92.715965, 12.802585], [92.717041, 12.80256]]], [[[92.712288, 12.777055], [92.694542, 12.797143], [92.718033, 12.7189], [92.725502, 12.7487], [92.712288, 12.777055]]], [[[92.727303, 12.83394], [92.727058, 12.83814], [92.725395, 12.832303], [92.727303, 12.83394]]], [[[92.731476, 12.85532], [92.729843, 12.85643], [92.729561, 12.854759], [92.731476, 12.85532]]], [[[92.718613, 12.835291], [92.720276, 12.864446], [92.709999, 12.833611], [92.718613, 12.835291]]], [[[92.776283, 12.86497], [92.77774, 12.866661], [92.77594, 12.866041], [92.776283, 12.86497]]], [[[92.7612, 12.86773], [92.767189, 12.857941], [92.765762, 12.872614], [92.7612, 12.86773]]], [[[92.760429, 12.87725], [92.756996, 12.878431], [92.757057, 12.876131], [92.760429, 12.87725]]], [[[92.79171, 12.890961], [92.78167, 12.885277], [92.785835, 12.881945], [92.79171, 12.890961]]], [[[92.893539, 12.89745], [92.892036, 12.899829], [92.891563, 12.897573], [92.893539, 12.89745]]], [[[92.756752, 12.89448], [92.748405, 12.893373], [92.753128, 12.889211], [92.756752, 12.89448]]], [[[92.863075, 12.913648], [92.865036, 12.913869], [92.863098, 12.914425], [92.863075, 12.913648]]], [[[92.792892, 12.89177], [92.791626, 12.916592], [92.774239, 12.906029], [92.792892, 12.89177]]], [[[92.912262, 12.913659], [92.911423, 12.9175], [92.908607, 12.9136], [92.912262, 12.913659]]], [[[92.76815, 12.916419], [92.766708, 12.917821], [92.766693, 12.917231], [92.76815, 12.916419]]], [[[92.936699, 12.91504], [92.931419, 12.918671], [92.934166, 12.913037], [92.936699, 12.91504]]], [[[92.767281, 12.920342], [92.762276, 12.921905], [92.764221, 12.917461], [92.767281, 12.920342]]], [[[92.968422, 12.496669], [92.901306, 12.922662], [92.897781, 12.927411], [92.895973, 12.89884], [92.873543, 12.881161], [92.841728, 12.875607], [92.810959, 12.897452], [92.791908, 12.889854], [92.782219, 12.807499], [92.723915, 12.827084], [92.746117, 12.722499], [92.732887, 12.674411], [92.788643, 12.67448], [92.684486, 12.608141], [92.720436, 12.30031], [92.895119, 12.320345], [92.794197, 12.438181], [92.7911, 12.469722], [92.899017, 12.415629], [92.849007, 12.458614], [92.829155, 12.496434], [92.834679, 12.494781], [92.885757, 12.453992], [92.87825, 12.44467], [92.908989, 12.421072], [92.914528, 12.405893], [92.968422, 12.496669]]], [[[92.775902, 12.926121], [92.770081, 12.92895], [92.772057, 12.91785], [92.775902, 12.926121]]], [[[92.886086, 12.922985], [92.860039, 12.933109], [92.865036, 12.916734], [92.886086, 12.922985]]], [[[92.766487, 12.92807], [92.761177, 12.932542], [92.763168, 12.925556], [92.766487, 12.92807]]], [[[92.89283, 12.936421], [92.89003, 12.937241], [92.889496, 12.935047], [92.89283, 12.936421]]], [[[92.90226, 12.94089], [92.899757, 12.940854], [92.903069, 12.938349], [92.90226, 12.94089]]], [[[92.67009, 12.9483], [92.672607, 12.9492], [92.670067, 12.94948], [92.67009, 12.9483]]], [[[92.669838, 12.952218], [92.668121, 12.95361], [92.668686, 12.95163], [92.669838, 12.952218]]], [[[92.695656, 12.991959], [92.664543, 12.8806], [92.629883, 12.882731], [92.668159, 12.782572], [92.695656, 12.991959]]], [[[92.982826, 12.934481], [92.959747, 12.988912], [92.95195, 12.940539], [92.982826, 12.934481]]], [[[92.986389, 13.000002], [92.988861, 12.998381], [92.989441, 13.00056], [92.986389, 13.000002]]], [[[92.910843, 13.003601], [92.912781, 13.003329], [92.91111, 13.00528], [92.910843, 13.003601]]], [[[92.948608, 13.021111], [92.949448, 13.02471], [92.945267, 13.02528], [92.948608, 13.021111]]], [[[92.940002, 13.02528], [92.92083, 13.001112], [92.941658, 12.995321], [92.940002, 13.02528]]], [[[92.914589, 13.042221], [92.918892, 13.043611], [92.916107, 13.047501], [92.914589, 13.042221]]], [[[92.932495, 13.050004], [92.934448, 13.05139], [92.93222, 13.05278], [92.932495, 13.050004]]], [[[92.913246, 13.061532], [92.916817, 13.062562], [92.91346, 13.066899], [92.913246, 13.061532]]], [[[92.731392, 13.0932], [92.72805, 13.092781], [92.728333, 13.090279], [92.731392, 13.0932]]], [[[92.706116, 13.07014], [92.696106, 13.095001], [92.701111, 13.070831], [92.706116, 13.07014]]], [[[92.797638, 13.169301], [92.79361, 13.16861], [92.796806, 13.167641], [92.797638, 13.169301]]], [[[93.059067, 13.22193], [93.059998, 13.225554], [93.05793, 13.226664], [93.059067, 13.22193]]], [[[93.015198, 13.283333], [93.016113, 13.284999], [93.014313, 13.284361], [93.015198, 13.283333]]], [[[93.078888, 13.3], [93.071114, 13.300549], [93.073059, 13.29778], [93.078888, 13.3]]], [[[93.025093, 13.328332], [93.00943, 13.310969], [93.021721, 13.302961], [93.025093, 13.328332]]], [[[92.96611, 13.335557], [92.967781, 13.335281], [92.969719, 13.338333], [92.96611, 13.335557]]], [[[93.016121, 13.337932], [93.014427, 13.340386], [93.013908, 13.337708], [93.016121, 13.337932]]], [[[93.036606, 13.342501], [93.038612, 13.342499], [93.038048, 13.343901], [93.036606, 13.342501]]], [[[93.078056, 13.363141], [93.076172, 13.366786], [93.07386, 13.365755], [93.078056, 13.363141]]], [[[93.080971, 13.368055], [93.083473, 13.368821], [93.081947, 13.370001], [93.080971, 13.368055]]], [[[93.061623, 13.38529], [93.063995, 13.385429], [93.063286, 13.38694], [93.061623, 13.38529]]], [[[92.8675, 13.4125], [92.864998, 13.41194], [92.867516, 13.411602], [92.8675, 13.4125]]], [[[92.818886, 13.416389], [92.81192, 13.40587], [92.815002, 13.403056], [92.818886, 13.416389]]], [[[93.091476, 13.410342], [93.087059, 13.415771], [93.0886, 13.410203], [93.091476, 13.410342]]], [[[93.06897, 13.4133], [93.072685, 13.431103], [93.067627, 13.42416], [93.06897, 13.4133]]], [[[93.103058, 13.434722], [93.098892, 13.430556], [93.104248, 13.429929], [93.103058, 13.434722]]], [[[92.841942, 13.425831], [92.821663, 13.436671], [92.821953, 13.420831], [92.841942, 13.425831]]], [[[94.275002, 13.440557], [94.249443, 13.44625], [94.255753, 13.430262], [94.275002, 13.440557]]], [[[92.874733, 13.504441], [92.866669, 13.509168], [92.871109, 13.501945], [92.874733, 13.504441]]], [[[92.921387, 13.51278], [92.915283, 13.513612], [92.913887, 13.507502], [92.921387, 13.51278]]], [[[92.912498, 13.533333], [92.904724, 13.533889], [92.906113, 13.530279], [92.912498, 13.533333]]], [[[92.878609, 13.53778], [92.873886, 13.536668], [92.875832, 13.534721], [92.878609, 13.53778]]], [[[93.005554, 13.556945], [93.006813, 13.559361], [93.006187, 13.559976], [93.005554, 13.556945]]], [[[93.057411, 13.562399], [93.052223, 13.564653], [93.053886, 13.559721], [93.057411, 13.562399]]], [[[93.029442, 13.573334], [92.988892, 13.527777], [92.917503, 13.53639], [92.929443, 13.501667], [92.871666, 13.471391], [92.884163, 13.429722], [92.867775, 13.402222], [92.843063, 13.402222], [92.78833, 13.019172], [92.841713, 12.87663], [92.872932, 12.88323], [92.854439, 12.92743], [92.882301, 12.982724], [92.938522, 12.971276], [92.908058, 13.0], [92.901665, 13.021804], [92.91629, 13.05415], [92.89431, 13.056531], [92.936676, 13.084713], [92.934776, 13.042802], [92.959846, 13.015051], [92.974617, 13.012861], [93.034882, 13.080991], [93.032219, 13.178891], [93.066673, 13.2725], [93.012497, 13.276666], [92.950539, 13.343901], [93.041664, 13.367221], [93.065834, 13.303056], [93.090591, 13.335933], [93.055275, 13.382222], [93.04911, 13.373931], [93.02829, 13.373181], [93.029442, 13.573334]]], [[[92.90361, 13.596388], [92.881386, 13.582777], [92.885277, 13.574171], [92.90361, 13.596388]]], [[[93.067497, 13.65062], [93.042503, 13.636945], [93.046951, 13.620832], [93.067497, 13.65062]]], [[[93.022919, 13.67128], [93.024239, 13.672511], [93.022697, 13.6743], [93.022919, 13.67128]]], [[[93.032219, 13.633891], [92.976669, 13.655], [93.027779, 13.62694], [93.032219, 13.633891]]], [[[93.23243, 13.983264], [93.21833, 13.976801], [93.223053, 13.9716], [93.23243, 13.983264]]], [[[93.363541, 14.04806], [93.366943, 14.0525], [93.364243, 14.056862], [93.363541, 14.04806]]], [[[93.382233, 14.127219], [93.382225, 14.129444], [93.380836, 14.128331], [93.382233, 14.127219]]], [[[93.378609, 14.147221], [93.353333, 14.145831], [93.364304, 14.058731], [93.378609, 14.147221]]], [[[93.360153, 14.192361], [93.357498, 14.188888], [93.361107, 14.19111], [93.360153, 14.192361]]], [[[93.37278, 14.18972], [93.359726, 14.18722], [93.366943, 14.178889], [93.37278, 14.18972]]], [[[93.549286, 14.785089], [93.550903, 14.787701], [93.550339, 14.788383], [93.549286, 14.785089]]], [[[93.568962, 14.8486], [93.571945, 14.848055], [93.569649, 14.849521], [93.568962, 14.8486]]], [[[93.570557, 14.859168], [93.57132, 14.86132], [93.569725, 14.860834], [93.570557, 14.859168]]], [[[93.572464, 14.868159], [93.569443, 14.872152], [93.568047, 14.871111], [93.572464, 14.868159]]], [[[93.611946, 14.835561], [93.612923, 14.873657], [93.608612, 14.846391], [93.611946, 14.835561]]], [[[93.651947, 14.9327], [93.646111, 14.935278], [93.650833, 14.929721], [93.651947, 14.9327]]]]}}, {"type": "Feature", "properties": {"ID_0": 105, "ISO": "IND", "NAME_0": "India", "ID_1": 2, "NAME_1": "Andhra Pradesh", "NL_NAME_1": "", "VARNAME_1": "", "TYPE_1": "State", "ENGTYPE_1": "State", "filename": "", "filename_1": "", "filename_2": "", "filename_3": "", "filename_4": ""}, "geometry": {"type": "MultiPolygon", "coordinates": [[[[80.286247, 13.448472], [80.273743, 13.458471], [80.275696, 13.455132], [80.286247, 13.448472]]], [[[80.227081, 13.490693], [80.22403, 13.491812], [80.22403, 13.490141], [80.227081, 13.490693]]], [[[80.234863, 13.492081], [80.229309, 13.492922], [80.230415, 13.490693], [80.234863, 13.492081]]], [[[80.267906, 13.510419], [80.264305, 13.516249], [80.265976, 13.499579], [80.267906, 13.510419]]], [[[80.195419, 13.518193], [80.188469, 13.515141], [80.197083, 13.512921], [80.195419, 13.518193]]], [[[80.183746, 13.532641], [80.179863, 13.534031], [80.179863, 13.533482], [80.183746, 13.532641]]], [[[80.055969, 13.588753], [80.052361, 13.588192], [80.056808, 13.586806], [80.055969, 13.588753]]], [[[80.141808, 13.544861], [80.13903, 13.607079], [80.120415, 13.605694], [80.141808, 13.544861]]], [[[80.09626, 13.63736], [80.093193, 13.63986], [80.09153, 13.63625], [80.09626, 13.63736]]], [[[80.108192, 13.646805], [80.100136, 13.639311], [80.10125, 13.636806], [80.108192, 13.646805]]], [[[80.106247, 13.67681], [80.102081, 13.67681], [80.104309, 13.668194], [80.106247, 13.67681]]], [[[80.062363, 15.19764], [80.059303, 15.199028], [80.062363, 15.19708], [80.062363, 15.19764]]], [[[80.211807, 15.499311], [80.20903, 15.500421], [80.209587, 15.499031], [80.211807, 15.499311]]], [[[81.02903, 15.76319], [81.025696, 15.76125], [81.020416, 15.757651], [81.02903, 15.76319]]], [[[80.791519, 15.824031], [80.782349, 15.83625], [80.789307, 15.824305], [80.791519, 15.824031]]], [[[80.790413, 15.841811], [80.786247, 15.84153], [80.78875, 15.83764], [80.790413, 15.841811]]], [[[80.787918, 15.854583], [80.783752, 15.852083], [80.787636, 15.84486], [80.787918, 15.854583]]], [[[80.780136, 15.847916], [80.771797, 15.855971], [80.780418, 15.843472], [80.780136, 15.847916]]], [[[81.546806, 16.34903], [81.53653, 16.35486], [81.53347, 16.351805], [81.528473, 16.350695], [81.520416, 16.354584], [81.513191, 16.35014], [81.546806, 16.34903]]], [[[81.53347, 16.35236], [81.532356, 16.355421], [81.531517, 16.35264], [81.53347, 16.35236]]], [[[82.317085, 16.57403], [82.315414, 16.575974], [82.314857, 16.57375], [82.317085, 16.57403]]], [[[82.263474, 16.674862], [82.260696, 16.67597], [82.262642, 16.66958], [82.263474, 16.674862]]], [[[82.299576, 16.714031], [82.299438, 16.714128], [82.299385, 16.714029], [82.299576, 16.714031]]], [[[82.307083, 16.712917], [82.301529, 16.714031], [82.30014, 16.71125], [82.307083, 16.712917]]], [[[82.314026, 16.71958], [82.30986, 16.721252], [82.30986, 16.718748], [82.314026, 16.71958]]], [[[82.331253, 16.72625], [82.333748, 16.72514], [82.332352, 16.728201], [82.331253, 16.72625]]], [[[82.332077, 16.724861], [82.326813, 16.721809], [82.329025, 16.714306], [82.310417, 16.70125], [82.258751, 16.690111], [82.310692, 16.60236], [82.332077, 16.724861]]], [[[83.172363, 17.566801], [83.171249, 17.56875], [83.170692, 17.565969], [83.172363, 17.566801]]], [[[83.30542, 17.683195], [83.303749, 17.684031], [83.302917, 17.68264], [83.30542, 17.683195]]], [[[83.304031, 17.680695], [83.311249, 17.68486], [83.29792, 17.679308], [83.304031, 17.680695]]], [[[83.268753, 17.708195], [83.270142, 17.71014], [83.268471, 17.709862], [83.268753, 17.708195]]], [[[82.174637, 16.725109], [82.311806, 16.733473], [82.342918, 16.737917], [82.365692, 16.902081], [82.357918, 16.963753], [82.354309, 16.851528], [82.249031, 16.93042], [82.368462, 17.11875], [82.607635, 17.296249], [83.21347, 17.590973], [83.263474, 17.710972], [83.572639, 18.018194], [84.12458, 18.309305], [84.746246, 19.048471], [84.705223, 19.14901], [84.591843, 19.12384], [84.664589, 19.066292], [84.590118, 19.01338], [84.566139, 19.065039], [84.415131, 19.013861], [84.42939, 18.913683], [84.312492, 18.77919], [84.081779, 18.74464], [83.870178, 18.81843], [83.788307, 19.007811], [83.745827, 18.918173], [83.623283, 19.153631], [83.531387, 19.005421], [83.459396, 19.069672], [83.455482, 18.94558], [83.305267, 18.989681], [83.396301, 18.830709], [83.205063, 18.71586], [83.132957, 18.772449], [83.009682, 18.63653], [83.089333, 18.53791], [83.015411, 18.444429], [83.053391, 18.375299], [82.902748, 18.355911], [82.799171, 18.439402], [82.626877, 18.228741], [82.474007, 18.536833], [82.36129, 18.40991], [82.334442, 18.317133], [82.393013, 18.30644], [82.306099, 18.19566], [82.364296, 18.134859], [82.261078, 17.982401], [82.024658, 18.05788], [81.611153, 17.815363], [81.159569, 17.852631], [81.045227, 17.783991], [80.973679, 18.16815], [80.862022, 18.132669], [80.82959, 18.234119], [80.734558, 18.171713], [80.788116, 18.25404], [80.632683, 18.518841], [80.483467, 18.62812], [80.341843, 18.586441], [80.26754, 18.71797], [80.110817, 18.676189], [79.909096, 18.80669], [79.934486, 19.0217], [79.858047, 19.104111], [79.943207, 19.170601], [79.973053, 19.40102], [79.811096, 19.573841], [79.470421, 19.497452], [79.243866, 19.612553], [79.177788, 19.460691], [78.954552, 19.55183], [78.968956, 19.649233], [78.858803, 19.656311], [78.845627, 19.75835], [78.493919, 19.79315], [78.310196, 19.912741], [78.367737, 19.78108], [78.269722, 19.66313], [78.308891, 19.456409], [78.182167, 19.41177], [78.170059, 19.23633], [77.948921, 19.34128], [77.860878, 19.30213], [77.848137, 19.09008], [77.757393, 19.028551], [77.942551, 18.82229], [77.837463, 18.807461], [77.736511, 18.55481], [77.597267, 18.547541], [77.528481, 18.440481], [77.60302, 18.278], [77.545746, 18.053761], [77.653397, 17.969353], [77.439926, 17.58147], [77.686966, 17.49157], [77.510147, 17.427259], [77.380356, 17.21977], [77.49939, 17.00732], [77.416573, 16.662811], [77.464172, 16.584209], [77.235176, 16.468081], [77.591606, 16.337511], [77.487556, 16.249821], [77.509453, 15.92086], [77.065956, 15.899311], [77.02227, 15.83178], [77.120926, 15.637201], [77.029282, 15.633839], [76.97039, 15.490922], [77.164146, 15.25907], [77.154037, 15.120521], [77.078819, 15.00001], [76.770821, 15.058289], [76.763771, 14.96987], [76.865479, 14.9376], [76.76091, 14.596281], [76.870201, 14.46844], [76.973396, 14.478281], [76.883141, 14.390291], [76.937843, 14.240121], [77.10508, 14.213282], [77.152153, 14.337741], [77.281143, 14.331111], [77.383789, 14.191821], [77.385658, 14.32487], [77.499367, 14.26051], [77.500443, 14.150961], [77.347733, 14.124341], [77.395447, 14.103441], [77.326187, 14.02294], [77.430641, 13.96878], [77.397057, 13.880541], [77.313492, 14.02482], [77.147339, 13.991622], [77.023697, 14.053259], [77.019829, 14.172702], [76.891426, 14.158999], [77.035843, 13.925591], [76.992592, 13.742551], [77.16658, 13.754669], [77.177032, 13.9174], [77.178802, 13.85984], [77.42453, 13.83513], [77.449753, 13.675791], [77.649086, 13.77584], [77.708748, 13.732739], [77.818291, 13.934881], [77.978577, 13.947651], [77.94458, 13.819971], [78.106041, 13.853541], [78.080727, 13.635341], [78.155762, 13.64871], [78.183273, 13.55638], [78.390762, 13.5781], [78.366997, 13.32004], [78.577469, 13.26205], [78.422653, 12.9686], [78.421356, 12.92353], [78.456131, 12.892753], [78.454239, 12.853162], [78.345428, 12.928061], [78.241096, 12.847421], [78.18985, 12.68131], [78.36834, 12.61184], [78.454781, 12.61202], [78.484352, 12.734781], [78.547676, 12.685591], [78.613663, 12.97889], [78.702446, 13.056151], [78.876038, 13.08616], [78.88192, 13.019762], [78.924637, 13.018641], [78.979591, 13.07651], [79.152702, 13.007293], [79.218323, 13.135551], [79.307938, 13.096911], [79.42379, 13.187461], [79.374603, 13.30304], [79.428879, 13.323562], [79.580261, 13.245371], [79.668533, 13.281931], [79.744377, 13.194911], [79.721291, 13.27224], [79.925507, 13.33594], [80.007713, 13.532372], [80.069443, 13.537591], [80.1521, 13.47888], [80.230331, 13.47685], [80.27597, 13.389142], [80.312126, 13.369381], [80.262093, 13.47292], [80.115417, 13.507641], [80.050957, 13.588192], [80.106796, 13.70931], [80.138474, 13.612916], [80.12986, 13.723751], [80.147087, 13.724311], [80.31514, 13.433751], [80.122086, 14.114584], [80.199028, 14.587083], [80.059303, 14.81986], [80.04792, 15.07735], [80.045967, 15.209309], [80.08847, 15.21931], [80.079865, 15.315973], [80.270416, 15.673196], [80.686813, 15.882641], [80.774017, 15.866252], [80.80542, 15.84264], [80.822083, 15.712916], [80.966805, 15.731806], [81.365135, 16.359859], [81.54097, 16.359032], [81.720413, 16.310141], [81.94458, 16.39514], [82.30986, 16.56764], [82.174637, 16.725109]]]]}}, {"type": "Feature", "properties": {"ID_0": 105, "ISO": "IND", "NAME_0": "India", "ID_1": 3, "NAME_1": "Arunachal Pradesh", "NL_NAME_1": "", "VARNAME_1": "Agence de la Frontire du Nord-Est(French-obsolete)|North East Frontier Agency", "TYPE_1": "State", "ENGTYPE_1": "State", "filename": "", "filename_1": "", "filename_2": "", "filename_3": "", "filename_4": ""}, "geometry": {"type": "Polygon", "coordinates": [[[96.243568, 29.235123], [96.080536, 29.463345], [95.777626, 29.3564], [95.53772, 29.214001], [95.546806, 29.128651], [95.410133, 29.034121], [94.797989, 29.16461], [94.628159, 29.348591], [94.557899, 29.22891], [94.214691, 29.084089], [93.926132, 28.671801], [93.336906, 28.64016], [93.182663, 28.439991], [93.218979, 28.333731], [92.686989, 28.125799], [92.739487, 27.98941], [92.560692, 27.821041], [92.315956, 27.77824], [92.210396, 27.85899], [91.918762, 27.715101], [91.824211, 27.81035], [91.552521, 27.858572], [91.640022, 27.757992], [91.562004, 27.584209], [91.653236, 27.482981], [92.018761, 27.479746], [92.120613, 27.287571], [92.039597, 27.266672], [92.023376, 27.162334], [92.107887, 26.89382], [92.585213, 26.961863], [92.658928, 27.038521], [93.019371, 26.91683], [93.489357, 26.93853], [93.835022, 27.074991], [93.808586, 27.151751], [94.259727, 27.523491], [94.252228, 27.64093], [94.45974, 27.557711], [95.606743, 27.957769], [95.977463, 27.9685], [95.758217, 27.73111], [95.881332, 27.55323], [95.849342, 27.430321], [96.020912, 27.37126], [95.893967, 27.263012], [95.516182, 27.268631], [95.457787, 27.135641], [95.195518, 27.04295], [95.237633, 26.686291], [95.423309, 26.696712], [95.532776, 26.831209], [95.730812, 26.887491], [96.099022, 27.231409], [96.522331, 27.29397], [96.620483, 27.37282], [96.802361, 27.354431], [96.866226, 27.19969], [97.146431, 27.10284], [96.91185, 27.462709], [96.897583, 27.620802], [97.256477, 27.909531], [97.389023, 27.896379], [97.415161, 28.02408], [97.307747, 28.077101], [97.400566, 28.2005], [97.092567, 28.369692], [96.996498, 28.316231], [96.664566, 28.465771], [96.399406, 28.3445], [96.263771, 28.41338], [96.615997, 28.77858], [96.477402, 28.99404], [96.5252, 29.079281], [96.166527, 28.90593], [96.114502, 29.077602], [96.392807, 29.2565], [96.243568, 29.235123]]]}}, {"type": "Feature", "properties": {"ID_0": 105, "ISO": "IND", "NAME_0": "India", "ID_1": 4, "NAME_1": "Assam", "NL_NAME_1": "", "VARNAME_1": "", "TYPE_1": "State", "ENGTYPE_1": "State", "filename": "", "filename_1": "", "filename_2": "", "filename_3": "", "filename_4": ""}, "geometry": {"type": "MultiPolygon", "coordinates": [[[[89.879959, 25.48864], [89.85778, 25.53483], [89.859573, 25.473391], [89.879959, 25.48864]]], [[[89.871452, 25.537298], [89.874557, 25.541561], [89.870949, 25.538643], [89.871452, 25.537298]]], [[[95.952316, 27.941841], [95.606743, 27.957769], [94.45974, 27.557711], [94.252228, 27.64093], [94.259056, 27.5226], [93.655113, 26.966478], [93.019371, 26.91683], [92.658928, 27.038521], [92.585213, 26.961863], [92.055191, 26.848053], [91.85778, 26.914028], [91.687248, 26.805094], [90.699867, 26.768015], [90.409706, 26.90192], [90.214821, 26.853701], [90.127838, 26.749043], [89.862389, 26.737003], [89.857292, 26.38446], [89.717827, 26.3057], [89.694839, 26.189072], [89.890358, 25.940229], [89.814529, 25.81698], [89.870102, 25.544222], [90.017296, 25.602192], [89.892616, 25.735001], [90.118652, 25.96126], [90.477287, 26.015261], [90.512543, 25.89624], [90.582458, 25.959791], [90.624809, 25.898899], [90.942749, 25.947571], [91.029221, 25.888048], [91.000786, 25.82225], [91.19648, 25.859011], [91.223877, 25.723419], [91.333557, 25.83884], [91.444397, 25.841021], [91.525406, 25.87289], [91.474762, 25.871231], [91.575836, 26.03311], [91.669312, 25.90539], [91.819313, 26.11874], [91.922096, 25.999531], [92.297318, 26.079149], [92.156319, 25.944799], [92.225479, 25.907049], [92.160698, 25.67186], [92.385101, 25.753563], [92.572502, 25.560421], [92.653458, 25.59218], [92.567413, 25.46747], [92.78437, 25.332539], [92.80442, 25.21933], [92.484299, 25.108061], [92.423637, 24.996099], [92.491798, 24.874022], [92.240517, 24.899191], [92.298271, 24.736551], [92.212852, 24.24931], [92.422379, 24.253111], [92.466827, 24.13504], [92.765198, 24.520849], [92.828987, 24.377769], [93.039169, 24.411131], [93.109787, 24.80974], [93.197357, 24.81126], [93.24884, 25.018801], [93.474022, 25.30928], [93.461868, 25.434698], [93.331741, 25.54681], [93.773018, 25.966021], [93.795761, 25.81435], [93.979393, 25.91968], [94.004807, 26.173271], [94.276741, 26.55884], [94.316513, 26.462931], [94.467941, 26.669821], [94.756371, 26.772268], [94.89447, 26.93733], [95.021347, 26.9254], [95.457787, 27.135641], [95.510887, 27.26627], [95.893967, 27.263012], [96.018356, 27.367901], [95.849342, 27.430321], [95.881332, 27.55323], [95.758713, 27.726681], [95.952316, 27.941841]]]]}}, {"type": "Feature", "properties": {"ID_0": 105, "ISO": "IND", "NAME_0": "India", "ID_1": 5, "NAME_1": "Bihar", "NL_NAME_1": "", "VARNAME_1": "", "TYPE_1": "State", "ENGTYPE_1": "State", "filename": "", "filename_1": "", "filename_2": "", "filename_3": "", "filename_4": ""}, "geometry": {"type": "MultiPolygon", "coordinates": [[[[88.106216, 26.536015], [88.100655, 26.536129], [88.10202, 26.534389], [88.106216, 26.536015]]], [[[84.11972, 27.513521], [83.870247, 27.428507], [83.905518, 27.376215], [83.828957, 27.32276], [83.923599, 27.316431], [84.052002, 26.891701], [84.241096, 26.862431], [84.233986, 26.739531], [84.414398, 26.627171], [84.081779, 26.64286], [83.902283, 26.450251], [84.171356, 26.37398], [84.157303, 26.244131], [84.005516, 26.23407], [84.049057, 26.099701], [84.528641, 25.877741], [84.6306, 25.72834], [84.488388, 25.677851], [84.331291, 25.744572], [84.285576, 25.66153], [84.094391, 25.720381], [83.838371, 25.43689], [83.349609, 25.19894], [83.318176, 25.017321], [83.386803, 24.78422], [83.541412, 24.626181], [83.498169, 24.52706], [83.868042, 24.532881], [83.99221, 24.638033], [84.109779, 24.4814], [84.292976, 24.56599], [84.293213, 24.450823], [84.493538, 24.287041], [84.521523, 24.376261], [84.658257, 24.393742], [84.795326, 24.529491], [84.898033, 24.372129], [85.076157, 24.439871], [85.089417, 24.3792], [85.282516, 24.52669], [85.664703, 24.58193], [85.73674, 24.822651], [85.950302, 24.732119], [86.050583, 24.779541], [86.133293, 24.60354], [86.322861, 24.584091], [86.279137, 24.462002], [86.452209, 24.368629], [86.602921, 24.605068], [86.777122, 24.619761], [86.911179, 24.538679], [86.930092, 24.64282], [87.050468, 24.60677], [87.146767, 25.024311], [87.291107, 25.08927], [87.323456, 25.223091], [87.47216, 25.19467], [87.481506, 25.295172], [87.58007, 25.348391], [87.836647, 25.199261], [87.781326, 25.444651], [87.926048, 25.536213], [88.070412, 25.480501], [88.04863, 25.690571], [87.803581, 25.920721], [87.964058, 26.151979], [88.279556, 26.335531], [88.179039, 26.49058], [88.231201, 26.551983], [88.106148, 26.535624], [88.032555, 26.364632], [87.890633, 26.48642], [87.608414, 26.380602], [87.469093, 26.440065], [87.343414, 26.347515], [87.093918, 26.450016], [87.07428, 26.585466], [86.733521, 26.422045], [86.33004, 26.619154], [86.030739, 26.666422], [85.852119, 26.568415], [85.636688, 26.871902], [85.212288, 26.758703], [85.197708, 26.866594], [85.024445, 26.855433], [84.964485, 26.960276], [84.644852, 27.047197], [84.693062, 27.214802], [84.622017, 27.338207], [84.295891, 27.384172], [84.11972, 27.513521]]], [[[87.306213, 27.843216], [87.306175, 27.843218], [87.306801, 27.83659], [87.306213, 27.843216]]], [[[87.252487, 27.842867], [87.25132, 27.843115], [87.251183, 27.843061], [87.252487, 27.842867]]], [[[87.262917, 27.850716], [87.266281, 27.849453], [87.267212, 27.850117], [87.262917, 27.850716]]]]}}, {"type": "Feature", "properties": {"ID_0": 105, "ISO": "IND", "NAME_0": "India", "ID_1": 6, "NAME_1": "Chandigarh", "NL_NAME_1": "", "VARNAME_1": "", "TYPE_1": "Union Territor", "ENGTYPE_1": "Union Territory", "filename": "", "filename_1": "", "filename_2": "", "filename_3": "", "filename_4": ""}, "geometry": {"type": "Polygon", "coordinates": [[[76.819809, 30.685829], [76.797768, 30.785271], [76.690628, 30.76008], [76.726303, 30.69591], [76.819809, 30.685829]]]}}, {"type": "Feature", "properties": {"ID_0": 105, "ISO": "IND", "NAME_0": "India", "ID_1": 7, "NAME_1": "Chhattisgarh", "NL_NAME_1": "", "VARNAME_1": "", "TYPE_1": "State", "ENGTYPE_1": "State", "filename": "", "filename_1": "", "filename_2": "", "filename_3": "", "filename_4": ""}, "geometry": {"type": "Polygon", "coordinates": [[[83.327599, 24.099649], [83.127411, 23.89002], [82.949501, 23.87299], [82.798653, 23.962181], [82.516197, 23.784231], [81.916443, 23.87299], [81.782661, 23.81184], [81.610512, 23.906973], [81.687286, 23.72135], [81.569733, 23.58865], [81.607048, 23.506889], [81.916359, 23.532091], [81.97612, 23.413111], [82.18586, 23.32539], [82.151077, 23.141741], [81.938103, 23.07781], [81.940247, 22.95709], [81.769402, 22.873508], [81.762726, 22.663589], [81.615791, 22.539021], [81.396553, 22.44132], [81.322937, 22.52433], [81.109993, 22.44112], [81.004272, 22.070021], [80.90609, 22.114441], [80.811203, 21.747492], [80.718529, 21.711861], [80.672951, 21.298288], [80.455269, 21.169081], [80.423759, 21.00959], [80.54184, 20.93392], [80.580116, 20.683641], [80.481598, 20.6171], [80.622322, 20.603863], [80.617767, 20.333681], [80.382957, 20.24172], [80.393837, 20.14402], [80.546158, 20.06571], [80.520378, 19.93088], [80.406296, 19.932501], [80.49752, 19.86875], [80.394707, 19.794579], [80.542427, 19.819271], [80.656853, 19.612261], [80.892067, 19.465681], [80.787933, 19.426701], [80.845009, 19.36091], [80.749237, 19.286741], [80.610153, 19.30714], [80.567818, 19.400921], [80.383347, 19.23914], [80.267723, 18.987329], [80.347786, 18.815941], [80.239563, 18.752211], [80.338791, 18.588209], [80.488388, 18.62672], [80.72654, 18.408991], [80.788277, 18.249781], [80.734558, 18.171713], [80.82959, 18.234119], [80.862022, 18.132669], [80.973679, 18.16815], [81.037651, 17.78624], [81.159569, 17.852631], [81.384132, 17.80349], [81.527962, 18.259081], [81.744911, 18.34535], [81.946907, 18.559151], [81.885376, 18.65033], [82.078583, 18.712082], [82.239563, 18.91046], [82.159782, 19.12648], [82.18306, 19.41761], [82.022392, 19.501802], [82.05983, 19.783098], [81.849632, 19.908051], [81.873756, 20.046181], [81.941353, 20.102251], [82.024406, 20.01004], [82.230629, 19.998081], [82.339447, 19.829962], [82.439491, 19.90292], [82.590767, 19.866219], [82.58506, 19.771049], [82.711006, 19.84856], [82.707489, 19.990219], [82.390862, 20.059589], [82.429169, 20.425753], [82.324013, 20.553881], [82.346619, 20.883848], [82.459053, 20.823841], [82.635941, 21.14945], [83.190102, 21.135529], [83.27002, 21.375038], [83.402657, 21.348431], [83.334633, 21.49555], [83.380722, 21.612751], [83.484543, 21.625563], [83.419746, 21.67502], [83.467178, 21.78274], [83.584473, 21.843601], [83.532448, 22.034048], [83.61927, 22.19636], [84.004211, 22.367661], [84.005051, 22.569563], [84.220612, 22.668911], [84.376923, 22.875891], [84.370537, 22.975071], [84.189926, 23.02372], [84.148003, 22.963869], [84.033676, 23.138441], [84.070251, 23.32999], [83.965828, 23.38121], [84.007027, 23.632311], [83.935257, 23.56304], [83.774887, 23.599501], [83.695389, 23.820669], [83.561211, 23.862951], [83.506706, 24.02824], [83.327599, 24.099649]]]}}, {"type": "Feature", "properties": {"ID_0": 105, "ISO": "IND", "NAME_0": "India", "ID_1": 8, "NAME_1": "Dadra and Nagar Haveli", "NL_NAME_1": "", "VARNAME_1": "DAdra et Nagar Haveli|Dadra e Nagar Haveli", "TYPE_1": "Union Territor", "ENGTYPE_1": "Union Territory", "filename": "", "filename_1": "", "filename_2": "", "filename_3": "", "filename_4": ""}, "geometry": {"type": "Polygon", "coordinates": [[[73.103386, 20.360361], [72.92231, 20.274401], [72.985321, 20.113451], [73.198906, 20.062271], [73.227783, 20.18705], [73.06424, 20.203161], [73.177101, 20.312323], [73.103386, 20.360361]]]}}, {"type": "Feature", "properties": {"ID_0": 105, "ISO": "IND", "NAME_0": "India", "ID_1": 9, "NAME_1": "Daman and Diu", "NL_NAME_1": "", "VARNAME_1": "", "TYPE_1": "Union Territor", "ENGTYPE_1": "Union Territory", "filename": "", "filename_1": "", "filename_2": "", "filename_3": "", "filename_4": ""}, "geometry": {"type": "MultiPolygon", "coordinates": [[[[72.875526, 20.38105], [72.830406, 20.44042], [72.821533, 20.37108], [72.875526, 20.38105]]], [[[70.888535, 20.709032], [70.883957, 20.71381], [70.873749, 20.709583], [70.888535, 20.709032]]], [[[70.997643, 20.714027], [70.904877, 20.726528], [70.892082, 20.707916], [70.997643, 20.714027]]], [[[70.768028, 20.96196], [70.674026, 20.75819], [70.838196, 20.690142], [70.896179, 20.824793], [70.816963, 20.8512], [70.901611, 20.90333], [70.768028, 20.96196]]]]}}, {"type": "Feature", "properties": {"ID_0": 105, "ISO": "IND", "NAME_0": "India", "ID_1": 10, "NAME_1": "Delhi", "NL_NAME_1": "", "VARNAME_1": "", "TYPE_1": "Union Territor", "ENGTYPE_1": "Union Territory", "filename": "", "filename_1": "", "filename_2": "", "filename_3": "", "filename_4": ""}, "geometry": {"type": "Polygon", "coordinates": [[[77.217323, 28.835279], [77.075851, 28.884512], [76.942307, 28.820681], [76.933907, 28.63765], [76.837616, 28.55699], [77.240616, 28.42886], [77.337532, 28.617493], [77.217323, 28.835279]]]}}, {"type": "Feature", "properties": {"ID_0": 105, "ISO": "IND", "NAME_0": "India", "ID_1": 11, "NAME_1": "Goa", "NL_NAME_1": "", "VARNAME_1": "Ga", "TYPE_1": "State", "ENGTYPE_1": "State", "filename": "", "filename_1": "", "filename_2": "", "filename_3": "", "filename_4": ""}, "geometry": {"type": "MultiPolygon", "coordinates": [[[[73.782082, 15.348471], [73.762077, 15.35514], [73.760696, 15.352081], [73.782082, 15.348471]]], [[[73.799309, 15.37764], [73.792641, 15.37681], [73.796249, 15.37237], [73.799309, 15.37764]]], [[[73.865417, 15.403749], [73.861526, 15.407084], [73.86264, 15.403196], [73.865417, 15.403749]]], [[[73.879868, 15.779212], [73.679306, 15.722361], [73.787636, 15.461528], [73.896797, 15.41486], [73.876808, 15.396805], [73.792076, 15.418751], [73.782913, 15.40875], [73.886528, 15.35042], [73.911804, 15.084028], [74.042923, 14.918471], [74.211838, 14.92142], [74.302338, 15.03986], [74.257523, 15.257629], [74.341652, 15.292931], [74.255257, 15.65421], [74.002388, 15.609052], [73.879868, 15.779212]]]]}}, {"type": "Feature", "properties": {"ID_0": 105, "ISO": "IND", "NAME_0": "India", "ID_1": 12, "NAME_1": "Gujarat", "NL_NAME_1": "", "VARNAME_1": "Goudjerate|Gujerat|Gujerate", "TYPE_1": "State", "ENGTYPE_1": "State", "filename": "", "filename_1": "", "filename_2": "", "filename_3": "", "filename_4": ""}, "geometry": {"type": "MultiPolygon", "coordinates": [[[[70.857635, 20.742083], [70.840347, 20.728451], [70.870407, 20.718719], [70.857635, 20.742083]]], [[[72.857643, 20.75264], [72.844017, 20.758753], [72.847076, 20.753759], [72.857643, 20.75264]]], [[[71.387642, 20.863468], [71.385971, 20.865419], [71.386803, 20.863468], [71.387642, 20.863468]]], [[[71.520142, 20.906252], [71.50708, 20.902916], [71.530418, 20.903473], [71.520142, 20.906252]]], [[[71.648476, 20.974585], [71.645142, 20.977083], [71.644302, 20.974581], [71.648476, 20.974585]]], [[[71.687363, 20.991528], [71.674026, 20.99292], [71.673752, 20.985142], [71.687363, 20.991528]]], [[[71.703751, 20.995138], [71.698196, 20.99931], [71.695419, 20.996811], [71.703751, 20.995138]]], [[[71.714027, 20.99765], [71.706528, 20.998753], [71.705971, 20.99736], [71.714027, 20.99765]]], [[[72.657356, 21.065142], [72.645416, 21.071527], [72.647919, 21.067921], [72.657356, 21.065142]]], [[[72.680687, 21.096531], [72.678749, 21.096806], [72.680687, 21.095421], [72.680687, 21.096531]]], [[[72.67292, 21.104305], [72.669296, 21.10486], [72.676247, 21.09708], [72.67292, 21.104305]]], [[[72.703186, 21.11458], [72.697639, 21.116812], [72.699577, 21.11236], [72.703186, 21.11458]]], [[[72.710419, 21.140694], [72.665138, 21.142084], [72.689026, 21.089861], [72.696808, 21.11875], [72.710419, 21.140694]]], [[[72.103203, 21.27042], [72.102081, 21.270691], [72.09903, 21.265409], [72.103203, 21.27042]]], [[[72.587357, 21.33625], [72.587082, 21.339861], [72.585983, 21.33625], [72.587357, 21.33625]]], [[[72.582916, 21.36236], [72.579582, 21.364311], [72.578751, 21.36014], [72.582916, 21.36236]]], [[[72.599861, 21.377914], [72.59375, 21.380701], [72.587639, 21.367361], [72.599861, 21.377914]]], [[[72.621803, 21.403193], [72.617088, 21.40514], [72.61264, 21.395695], [72.621803, 21.403193]]], [[[72.635696, 21.413193], [72.635132, 21.417641], [72.631531, 21.411806], [72.635696, 21.413193]]], [[[72.672638, 21.44014], [72.665413, 21.443201], [72.66375, 21.439583], [72.672638, 21.44014]]], [[[69.722084, 21.554583], [69.718483, 21.557638], [69.719582, 21.554028], [69.722084, 21.554583]]], [[[69.740143, 21.59264], [69.724586, 21.60903], [69.734581, 21.594311], [69.740143, 21.59264]]], [[[72.365143, 21.597639], [72.345413, 21.60235], [72.358749, 21.579861], [72.365143, 21.597639]]], [[[72.584023, 21.625971], [72.583473, 21.62903], [72.581253, 21.626249], [72.584023, 21.625971]]], [[[72.607361, 21.61903], [72.606247, 21.628471], [72.605148, 21.619581], [72.607361, 21.61903]]], [[[72.610687, 21.62986], [72.610138, 21.63125], [72.609863, 21.629591], [72.610687, 21.62986]]], [[[72.615974, 21.63625], [72.614296, 21.63653], [72.614586, 21.635418], [72.615974, 21.63625]]], [[[72.595963, 21.63014], [72.587906, 21.63014], [72.599022, 21.617361], [72.601517, 21.62681], [72.611526, 21.635695], [72.595963, 21.63014]]], [[[72.618469, 21.638458], [72.617081, 21.639584], [72.617081, 21.639029], [72.618469, 21.638458]]], [[[72.599586, 21.637083], [72.599861, 21.639584], [72.597641, 21.64097], [72.595695, 21.640694], [72.599586, 21.637083]]], [[[72.745972, 21.658751], [72.716797, 21.64459], [72.750969, 21.652916], [72.745972, 21.658751]]], [[[72.282639, 21.734583], [72.267639, 21.73653], [72.287636, 21.707361], [72.282639, 21.734583]]], [[[72.357361, 21.92931], [72.347641, 21.929029], [72.36042, 21.924583], [72.357361, 21.92931]]], [[[72.215973, 22.002083], [72.212357, 22.005421], [72.210419, 22.003193], [72.215973, 22.002083]]], [[[72.472359, 22.20319], [72.467918, 22.20542], [72.467918, 22.20236], [72.472359, 22.20319]]], [[[72.392082, 22.210411], [72.382637, 22.215416], [72.387642, 22.210136], [72.392082, 22.210411]]], [[[72.376526, 22.203751], [72.363472, 22.223473], [72.363472, 22.214027], [72.376526, 22.203751]]], [[[69.31208, 22.304029], [69.309288, 22.304581], [69.311806, 22.303194], [69.31208, 22.304029]]], [[[69.458191, 22.352079], [69.439583, 22.35681], [69.437363, 22.354305], [69.458191, 22.352079]]], [[[69.185692, 22.367083], [69.18264, 22.36681], [69.185417, 22.36404], [69.185692, 22.367083]]], [[[69.19458, 22.36764], [69.192642, 22.37097], [69.189857, 22.369305], [69.19458, 22.36764]]], [[[69.215141, 22.384027], [69.212364, 22.384027], [69.214302, 22.38236], [69.215141, 22.384027]]], [[[69.199577, 22.384027], [69.202362, 22.387642], [69.199585, 22.387083], [69.199577, 22.384027]]], [[[69.340416, 22.380972], [69.322906, 22.38236], [69.332077, 22.372641], [69.340416, 22.380972]]], [[[69.489029, 22.39292], [69.480141, 22.390139], [69.484581, 22.387642], [69.489029, 22.39292]]], [[[69.280693, 22.415695], [69.278198, 22.417921], [69.277641, 22.415974], [69.280693, 22.415695]]], [[[69.277916, 22.418194], [69.275696, 22.419861], [69.275139, 22.419031], [69.277916, 22.418194]]], [[[69.142639, 22.452917], [69.140968, 22.45681], [69.140694, 22.454584], [69.142639, 22.452917]]], [[[69.657082, 22.428194], [69.588196, 22.43708], [69.636528, 22.40653], [69.657082, 22.428194]]], [[[69.324585, 22.469584], [69.301247, 22.452917], [69.326805, 22.457083], [69.324585, 22.469584]]], [[[69.146805, 22.463194], [69.093483, 22.461531], [69.084862, 22.420959], [69.146805, 22.463194]]], [[[69.086807, 22.486803], [69.085136, 22.48819], [69.08403, 22.485138], [69.086807, 22.486803]]], [[[69.363747, 22.512362], [69.315697, 22.519859], [69.335136, 22.507359], [69.363747, 22.512362]]], [[[69.947083, 22.53153], [69.943474, 22.530416], [69.947639, 22.530416], [69.947083, 22.53153]]], [[[69.406517, 22.527081], [69.401802, 22.528194], [69.403198, 22.524305], [69.406517, 22.527081]]], [[[69.956802, 22.534031], [69.955139, 22.535973], [69.95237, 22.53264], [69.956802, 22.534031]]], [[[69.96347, 22.541811], [69.958191, 22.542641], [69.954033, 22.535973], [69.96347, 22.541811]]], [[[69.953194, 22.536806], [69.941803, 22.550421], [69.938751, 22.538481], [69.953194, 22.536806]]], [[[69.941528, 22.517916], [69.895142, 22.522921], [69.865692, 22.531248], [69.862358, 22.527081], [69.89653, 22.511806], [69.941528, 22.517916]]], [[[70.019859, 22.547916], [70.015976, 22.551531], [70.011528, 22.549583], [70.019859, 22.547916]]], [[[70.00486, 22.54903], [70.000687, 22.552361], [69.995972, 22.548752], [70.00486, 22.54903]]], [[[70.024582, 22.55514], [70.016823, 22.55792], [70.012642, 22.554028], [70.024582, 22.55514]]], [[[70.04097, 22.56653], [70.038475, 22.564585], [70.040413, 22.564306], [70.04097, 22.56653]]], [[[70.045967, 22.56986], [70.042076, 22.570141], [70.042076, 22.56736], [70.045967, 22.56986]]], [[[70.183197, 22.58264], [70.180138, 22.58153], [70.183197, 22.580971], [70.183197, 22.58264]]], [[[70.027084, 22.567917], [69.965141, 22.577921], [69.957916, 22.54958], [70.027084, 22.567917]]], [[[70.191803, 22.598194], [70.188751, 22.599583], [70.189308, 22.597639], [70.191803, 22.598194]]], [[[69.963753, 22.599028], [69.947639, 22.605139], [69.948753, 22.599028], [69.953194, 22.595415], [69.963753, 22.599028]]], [[[70.215973, 22.646811], [70.215416, 22.645416], [70.217087, 22.64514], [70.216805, 22.642084], [70.220413, 22.640141], [70.22097, 22.643473], [70.215973, 22.646811]]], [[[70.238472, 22.683203], [70.235138, 22.682362], [70.238472, 22.682362], [70.238472, 22.683203]]], [[[70.243469, 22.682362], [70.239029, 22.68375], [70.239029, 22.682079], [70.243469, 22.682362]]], [[[70.24736, 22.68819], [70.241806, 22.689583], [70.242638, 22.68681], [70.24736, 22.68819]]], [[[70.246529, 22.714582], [70.243469, 22.71236], [70.245415, 22.711805], [70.246529, 22.714582]]], [[[69.654861, 22.75597], [69.630974, 22.761251], [69.666527, 22.75069], [69.666527, 22.753195], [69.654861, 22.75597]]], [[[69.637352, 22.778749], [69.635139, 22.777916], [69.637642, 22.77569], [69.637352, 22.778749]]], [[[70.450966, 22.98597], [70.435692, 22.983749], [70.43264, 22.97875], [70.450966, 22.98597]]], [[[70.429863, 23.034861], [70.429016, 23.04653], [70.414581, 23.022638], [70.429863, 23.034861]]], [[[70.434303, 23.013748], [70.414581, 23.01931], [70.41375, 22.989849], [70.434303, 23.013748]]], [[[70.450142, 23.050138], [70.453476, 23.053194], [70.45153, 23.052361], [70.450142, 23.050138]]], [[[70.45903, 23.05764], [70.449593, 23.052641], [70.457359, 23.055141], [70.449585, 23.043194], [70.45903, 23.05764]]], [[[70.449028, 23.05792], [70.44709, 23.05932], [70.445969, 23.058195], [70.449028, 23.05792]]], [[[70.468193, 23.05875], [70.46125, 23.05792], [70.460419, 23.05571], [70.468193, 23.05875]]], [[[70.451805, 23.026527], [70.458191, 23.049862], [70.446251, 23.025139], [70.451805, 23.026527]]], [[[68.611809, 23.227638], [68.60347, 23.225695], [68.612923, 23.221251], [68.611809, 23.227638]]], [[[68.597641, 23.260139], [68.59375, 23.260693], [68.594582, 23.259581], [68.597641, 23.260139]]], [[[68.660423, 23.268749], [68.657082, 23.268749], [68.660141, 23.267916], [68.660423, 23.268749]]], [[[68.629303, 23.28903], [68.627914, 23.286528], [68.629028, 23.285418], [68.629303, 23.28903]]], [[[68.708748, 23.309584], [68.69986, 23.309313], [68.708473, 23.306528], [68.708748, 23.309584]]], [[[68.612076, 23.296532], [68.54097, 23.265694], [68.614861, 23.27153], [68.612076, 23.296532]]], [[[68.646248, 23.30736], [68.634308, 23.313751], [68.633186, 23.307919], [68.646248, 23.30736]]], [[[68.634026, 23.314028], [68.630417, 23.313192], [68.631248, 23.31208], [68.634026, 23.314028]]], [[[68.643471, 23.318211], [68.63958, 23.31625], [68.643196, 23.31542], [68.643471, 23.318211]]], [[[68.618752, 23.299311], [68.582916, 23.31514], [68.598473, 23.30208], [68.618752, 23.299311]]], [[[68.631805, 23.320139], [68.631248, 23.319578], [68.632362, 23.31875], [68.631805, 23.320139]]], [[[68.62986, 23.315697], [68.625687, 23.31208], [68.627907, 23.311531], [68.62986, 23.315697]]], [[[68.629028, 23.32375], [68.625137, 23.324306], [68.629028, 23.321529], [68.629028, 23.32375]]], [[[68.544586, 23.33847], [68.540413, 23.33931], [68.541527, 23.337082], [68.544586, 23.33847]]], [[[68.550697, 23.339306], [68.545418, 23.34042], [68.545135, 23.338753], [68.550697, 23.339306]]], [[[68.55542, 23.339022], [68.553749, 23.34181], [68.553192, 23.339863], [68.55542, 23.339022]]], [[[68.527641, 23.337084], [68.502357, 23.32375], [68.537636, 23.31847], [68.527641, 23.337084]]], [[[68.531807, 23.342361], [68.521248, 23.342638], [68.532082, 23.339306], [68.531807, 23.342361]]], [[[68.56514, 23.34264], [68.560966, 23.34292], [68.561249, 23.34181], [68.56514, 23.34264]]], [[[68.632637, 23.347918], [68.628471, 23.348749], [68.634308, 23.34236], [68.635696, 23.345421], [68.632637, 23.347918]]], [[[68.476517, 23.355421], [68.47097, 23.35597], [68.47625, 23.35347], [68.476517, 23.355421]]], [[[68.574577, 23.35903], [68.56958, 23.358749], [68.575691, 23.35236], [68.574577, 23.35903]]], [[[68.599586, 23.359583], [68.596252, 23.360695], [68.59597, 23.359581], [68.599586, 23.359583]]], [[[68.595139, 23.358749], [68.567917, 23.37207], [68.617363, 23.327641], [68.61792, 23.354031], [68.595139, 23.358749]]], [[[68.539307, 23.374861], [68.539024, 23.377083], [68.537918, 23.37513], [68.539307, 23.374861]]], [[[68.502914, 23.380974], [68.50264, 23.378469], [68.505142, 23.377361], [68.505142, 23.379864], [68.502914, 23.380974]]], [[[68.505142, 23.38126], [68.503754, 23.384308], [68.504303, 23.38097], [68.505142, 23.38126]]], [[[68.53653, 23.38236], [68.535423, 23.380701], [68.542915, 23.380138], [68.53653, 23.38236]]], [[[68.58625, 23.38014], [68.577919, 23.384029], [68.58709, 23.375971], [68.58625, 23.38014]]], [[[68.534302, 23.37125], [68.530693, 23.384861], [68.530418, 23.383196], [68.534302, 23.37125]]], [[[68.556526, 23.403749], [68.552917, 23.402081], [68.556808, 23.402639], [68.556526, 23.403749]]], [[[68.550697, 23.402361], [68.528198, 23.390692], [68.546249, 23.396807], [68.555695, 23.360416], [68.56736, 23.375973], [68.556252, 23.379028], [68.550697, 23.402361]]], [[[68.469017, 23.403469], [68.460701, 23.403469], [68.462082, 23.402361], [68.469017, 23.403469]]], [[[68.527359, 23.399031], [68.520416, 23.39403], [68.527359, 23.38625], [68.527359, 23.399031]]], [[[68.471252, 23.404306], [68.469856, 23.404581], [68.475975, 23.402916], [68.471252, 23.404306]]], [[[68.432358, 23.405701], [68.429581, 23.40597], [68.432358, 23.40486], [68.432358, 23.405701]]], [[[68.463196, 23.406811], [68.461533, 23.40625], [68.464577, 23.405142], [68.463196, 23.406811]]], [[[68.409859, 23.405701], [68.408752, 23.409309], [68.409027, 23.40625], [68.409859, 23.405701]]], [[[68.55542, 23.405142], [68.557358, 23.409309], [68.551247, 23.404306], [68.55542, 23.405142]]], [[[68.42347, 23.400688], [68.413193, 23.403749], [68.418747, 23.400417], [68.42347, 23.400688]]], [[[68.462914, 23.410973], [68.457916, 23.412083], [68.457916, 23.411249], [68.462914, 23.410973]]], [[[68.54792, 23.410418], [68.549858, 23.414862], [68.541527, 23.40543], [68.54792, 23.410418]]], [[[68.402641, 23.41847], [68.398483, 23.419031], [68.401802, 23.415972], [68.402641, 23.41847]]], [[[68.402641, 23.420691], [68.401253, 23.42292], [68.401802, 23.420416], [68.402641, 23.420691]]], [[[68.401253, 23.42318], [68.398476, 23.427084], [68.398193, 23.421806], [68.401253, 23.42318]]], [[[68.501251, 23.43014], [68.50042, 23.43125], [68.50042, 23.43014], [68.501251, 23.43014]]], [[[68.516251, 23.429859], [68.51403, 23.43264], [68.513748, 23.430416], [68.516251, 23.429859]]], [[[68.500969, 23.435417], [68.498749, 23.436251], [68.496803, 23.43458], [68.500969, 23.435417]]], [[[68.502083, 23.443195], [68.499306, 23.442362], [68.500687, 23.43903], [68.502083, 23.443195]]], [[[68.502357, 23.449581], [68.495972, 23.448475], [68.496803, 23.444027], [68.502357, 23.449581]]], [[[68.525139, 23.443201], [68.502907, 23.429312], [68.525696, 23.436251], [68.525139, 23.443201]]], [[[68.40625, 23.45236], [68.401253, 23.455139], [68.401253, 23.453751], [68.40625, 23.45236]]], [[[68.502357, 23.458195], [68.49514, 23.47403], [68.500137, 23.455139], [68.502357, 23.458195]]], [[[68.472862, 23.480419], [68.412086, 23.443472], [68.421249, 23.420141], [68.418198, 23.439861], [68.474586, 23.459864], [68.484581, 23.403191], [68.472862, 23.480419]]], [[[68.495972, 23.47736], [68.487083, 23.485695], [68.482086, 23.477921], [68.495972, 23.47736]]], [[[68.509026, 23.490417], [68.505966, 23.492081], [68.506805, 23.490417], [68.509026, 23.490417]]], [[[68.511528, 23.492361], [68.509308, 23.492081], [68.511253, 23.49069], [68.511528, 23.492361]]], [[[68.489586, 23.49375], [68.48597, 23.489031], [68.48764, 23.486523], [68.489586, 23.49375]]], [[[68.471252, 23.480417], [68.458748, 23.487364], [68.459587, 23.479584], [68.471252, 23.480417]]], [[[68.43959, 23.498751], [68.436821, 23.500141], [68.437363, 23.499031], [68.43959, 23.498751]]], [[[68.486809, 23.48597], [68.472923, 23.494028], [68.479576, 23.477921], [68.486809, 23.48597]]], [[[68.470413, 23.518751], [68.463196, 23.518751], [68.464302, 23.515417], [68.470413, 23.518751]]], [[[68.474586, 23.522078], [68.46875, 23.524584], [68.471527, 23.520691], [68.474586, 23.522078]]], [[[68.476517, 23.532921], [68.472076, 23.53097], [68.474861, 23.53042], [68.476517, 23.532921]]], [[[68.483192, 23.54875], [68.481529, 23.54875], [68.482086, 23.547083], [68.483192, 23.54875]]], [[[68.47625, 23.539305], [68.457359, 23.542641], [68.453194, 23.528749], [68.47625, 23.539305]]], [[[68.228195, 23.584307], [68.222359, 23.585419], [68.22403, 23.584028], [68.228195, 23.584307]]], [[[68.253471, 23.582081], [68.245972, 23.589029], [68.244858, 23.587078], [68.253471, 23.582081]]], [[[68.217636, 23.587084], [68.215141, 23.587078], [68.217102, 23.58625], [68.217636, 23.587084]]], [[[68.481247, 23.561251], [68.479576, 23.589861], [68.467918, 23.591532], [68.472916, 23.578194], [68.453186, 23.561251], [68.435417, 23.557083], [68.43042, 23.50765], [68.445969, 23.54014], [68.481247, 23.561251]]], [[[68.467636, 23.591806], [68.444305, 23.578194], [68.451248, 23.573195], [68.467636, 23.591806]]], [[[68.486526, 23.603195], [68.479027, 23.60404], [68.480141, 23.59819], [68.486526, 23.603195]]], [[[68.46653, 23.600981], [68.434593, 23.616249], [68.440407, 23.586531], [68.46653, 23.600981]]], [[[68.490974, 23.604305], [68.469566, 23.616249], [68.468193, 23.59264], [68.47876, 23.606531], [68.490974, 23.604305]]], [[[68.482086, 23.71986], [68.473473, 23.720972], [68.472641, 23.714581], [68.482086, 23.71986]]], [[[68.450142, 23.730415], [68.447639, 23.732641], [68.447357, 23.73181], [68.450142, 23.730415]]], [[[68.485138, 23.732361], [68.459297, 23.724861], [68.48764, 23.729031], [68.485138, 23.732361]]], [[[68.484863, 23.737638], [68.483467, 23.742371], [68.481796, 23.73624], [68.484863, 23.737638]]], [[[68.22403, 23.76403], [68.214859, 23.758196], [68.217636, 23.755693], [68.22403, 23.76403]]], [[[68.346802, 23.780138], [68.341805, 23.789305], [68.340416, 23.777082], [68.346802, 23.780138]]], [[[68.397919, 23.784861], [68.33403, 23.710972], [68.231247, 23.642916], [68.280418, 23.652088], [68.311813, 23.650141], [68.260139, 23.63986], [68.210136, 23.640417], [68.204582, 23.64764], [68.197083, 23.597086], [68.390419, 23.654306], [68.426247, 23.794861], [68.397919, 23.784861]]], [[[68.601807, 23.796249], [68.593475, 23.803473], [68.595139, 23.796804], [68.601807, 23.796249]]], [[[68.595413, 23.810139], [68.593475, 23.812084], [68.594307, 23.810139], [68.595413, 23.810139]]], [[[68.307907, 23.82375], [68.290138, 23.816805], [68.297081, 23.812084], [68.298195, 23.803749], [68.267639, 23.772362], [68.265976, 23.729586], [68.257362, 23.715975], [68.274033, 23.70125], [68.307907, 23.82375]]], [[[68.516808, 23.75458], [68.447906, 23.806532], [68.437363, 23.739311], [68.516808, 23.75458]]], [[[68.710419, 23.848751], [68.702637, 23.850973], [68.702637, 23.850414], [68.710419, 23.848751]]], [[[68.700417, 23.851526], [68.695137, 23.85153], [68.694862, 23.84931], [68.700417, 23.851526]]], [[[68.534859, 23.864861], [68.530418, 23.870972], [68.524025, 23.858473], [68.534859, 23.864861]]], [[[68.426529, 23.810421], [68.387642, 23.874031], [68.377907, 23.87431], [68.377083, 23.857916], [68.344307, 23.83931], [68.330139, 23.787361], [68.426529, 23.810421]]], [[[68.234024, 23.842916], [68.215973, 23.86681], [68.215973, 23.84763], [68.234024, 23.842916]]], [[[68.449303, 23.938473], [68.352913, 23.900694], [68.349861, 23.846251], [68.377357, 23.87653], [68.417076, 23.87236], [68.40847, 23.885139], [68.422363, 23.894861], [68.442093, 23.870422], [68.449303, 23.938473]]], [[[68.542358, 23.93375], [68.525696, 23.892641], [68.48597, 23.88987], [68.517082, 23.856527], [68.532639, 23.876251], [68.546806, 23.872917], [68.588753, 23.916811], [68.558472, 23.923195], [68.558197, 23.930973], [68.542358, 23.93375]]], [[[68.522919, 23.945415], [68.51458, 23.949583], [68.51458, 23.949306], [68.522919, 23.945415]]], [[[68.482086, 23.99264], [68.428192, 23.93792], [68.448761, 23.94014], [68.462914, 23.932083], [68.443466, 23.848471], [68.518471, 23.924305], [68.482086, 23.99264]]], [[[68.430138, 23.99542], [68.277084, 23.914862], [68.287361, 23.839308], [68.212914, 23.834583], [68.237923, 23.68125], [68.265686, 23.792921], [68.295692, 23.804312], [68.28875, 23.817362], [68.303749, 23.824583], [68.337639, 23.819305], [68.344856, 23.901251], [68.430138, 23.99542]]], [[[72.353783, 24.618101], [72.05249, 24.70579], [71.944191, 24.62678], [71.876472, 24.675159], [71.858391, 24.60417], [71.798988, 24.670521], [71.536972, 24.678921], [71.297737, 24.607641], [71.10714, 24.680651], [70.998268, 24.54134], [71.007568, 24.442242], [71.131767, 24.4018], [70.805763, 24.222727], [70.574249, 24.252333], [70.574867, 24.420315], [70.119041, 24.290699], [70.000641, 24.166395], [69.724579, 24.175097], [69.600677, 24.277847], [69.000534, 24.22588], [68.947243, 24.276627], [68.887543, 24.19585], [68.772652, 24.294136], [68.749245, 23.962046], [68.546806, 23.963194], [68.663193, 23.91736], [68.515137, 23.824862], [68.525139, 23.759026], [68.535141, 23.75708], [68.574585, 23.821251], [68.600136, 23.839581], [68.598747, 23.847361], [68.603752, 23.85014], [68.63736, 23.83597], [68.660141, 23.858473], [68.716248, 23.857361], [68.754303, 23.875141], [68.761253, 23.87487], [68.496803, 23.65292], [68.491806, 23.500971], [68.518753, 23.48959], [68.535698, 23.421249], [68.560417, 23.41931], [68.558472, 23.38707], [68.605972, 23.380974], [68.636803, 23.346807], [68.650139, 23.304308], [68.758186, 23.33042], [68.725136, 23.295694], [68.630142, 23.295694], [68.671806, 23.27014], [68.630692, 23.213194], [68.60125, 23.21847], [68.59903, 23.240417], [68.585419, 23.234585], [68.659027, 23.14986], [69.190697, 22.841249], [69.469582, 22.773748], [69.633751, 22.79542], [69.705139, 22.727917], [69.79847, 22.850695], [70.13208, 22.924582], [70.13903, 22.94125], [70.099861, 22.938192], [70.090973, 22.952641], [70.153198, 23.029581], [70.123192, 22.960695], [70.347641, 22.930416], [70.401253, 23.030701], [70.43792, 23.062641], [70.493469, 23.07514], [70.471527, 23.01236], [70.42347, 22.932638], [70.353737, 22.870701], [70.303192, 22.757639], [70.252914, 22.733473], [70.255142, 22.706532], [70.238472, 22.701811], [70.253197, 22.692921], [70.24292, 22.66264], [70.162918, 22.551531], [69.97625, 22.543194], [69.87014, 22.446529], [69.83625, 22.454029], [69.843193, 22.494862], [69.834305, 22.500694], [69.797638, 22.399858], [69.728203, 22.473751], [69.575691, 22.319031], [69.591248, 22.36097], [69.498192, 22.435694], [69.488472, 22.337917], [69.232635, 22.257917], [69.157913, 22.312916], [69.194031, 22.42375], [69.069305, 22.395695], [69.06736, 22.480141], [68.935974, 22.310139], [69.587639, 21.62097], [69.710693, 21.539307], [69.632637, 21.64292], [69.696808, 21.59292], [69.73764, 21.650419], [69.764313, 21.578751], [69.712906, 21.528471], [70.099586, 21.104582], [70.666252, 20.752359], [70.735512, 20.989832], [70.886986, 20.94521], [70.816963, 20.8512], [70.896179, 20.824793], [70.873474, 20.709862], [71.050415, 20.73097], [72.113747, 21.196527], [72.075974, 21.302084], [72.305969, 21.628469], [72.182915, 21.82375], [72.26458, 21.740417], [72.253197, 21.897362], [72.147087, 21.954861], [72.14653, 21.983473], [72.22097, 21.956251], [72.172363, 22.041531], [72.30014, 22.108749], [72.241531, 22.049583], [72.263191, 21.946529], [72.278473, 21.932079], [72.323753, 22.130136], [72.310417, 22.144581], [72.312637, 22.180695], [72.30014, 22.185968], [72.294304, 22.202362], [72.317642, 22.180695], [72.316246, 22.14653], [72.343491, 22.124861], [72.356247, 22.27125], [72.416527, 22.227362], [72.361809, 22.375669], [72.48597, 22.197359], [72.52597, 22.26931], [72.542641, 22.280972], [72.91597, 22.278194], [72.757637, 22.174028], [72.582085, 22.200972], [72.502357, 21.955141], [72.569862, 21.824308], [72.537636, 21.664305], [72.835136, 21.667921], [72.629303, 21.617651], [72.597359, 21.552361], [72.625687, 21.492359], [72.683197, 21.542919], [72.742363, 21.55014], [72.587357, 21.275688], [72.653198, 21.226805], [72.627083, 21.07597], [72.667076, 21.155418], [72.720695, 21.143194], [72.88958, 20.748196], [72.875526, 20.38105], [72.775696, 20.333471], [72.73764, 20.136539], [72.969246, 20.210911], [72.924591, 20.27866], [73.107376, 20.36071], [73.179543, 20.289862], [73.072449, 20.16345], [73.180176, 20.208609], [73.259468, 20.12464], [73.31115, 20.207211], [73.429916, 20.20623], [73.39135, 20.3902], [73.50074, 20.540241], [73.402733, 20.642599], [73.453697, 20.71047], [73.670708, 20.56234], [73.949532, 20.74231], [73.906448, 20.98315], [73.774857, 21.01045], [73.752609, 21.11409], [73.659943, 21.108379], [73.588303, 21.1679], [73.822548, 21.171921], [73.832138, 21.26745], [73.948486, 21.29755], [73.952843, 21.40237], [74.067162, 21.481932], [74.327721, 21.49575], [74.309967, 21.567322], [73.860786, 21.495823], [73.787613, 21.62505], [73.898102, 21.667271], [73.810516, 21.823338], [74.148903, 21.960711], [74.097702, 22.015459], [74.18071, 22.086601], [74.071983, 22.360241], [74.191063, 22.32193], [74.294182, 22.394468], [74.190826, 22.47788], [74.123001, 22.420811], [74.04464, 22.542122], [74.15332, 22.51742], [74.265358, 22.644831], [74.381088, 22.638639], [74.47892, 22.858641], [74.362022, 22.93309], [74.246033, 23.188259], [74.127022, 23.17885], [74.106583, 23.294123], [73.962471, 23.38139], [73.894272, 23.337139], [73.83213, 23.446751], [73.632751, 23.452393], [73.660736, 23.622902], [73.513489, 23.616812], [73.508537, 23.703331], [73.362648, 23.78743], [73.424683, 23.931061], [73.373466, 24.128139], [73.245827, 24.01071], [73.082687, 24.18498], [73.231476, 24.36466], [73.084961, 24.39447], [73.098923, 24.491491], [73.012787, 24.482401], [72.923912, 24.326323], [72.732536, 24.361271], [72.69725, 24.457211], [72.544579, 24.506851], [72.464676, 24.40712], [72.44249, 24.50425], [72.250999, 24.58016], [72.353783, 24.618101]]]]}}, {"type": "Feature", "properties": {"ID_0": 105, "ISO": "IND", "NAME_0": "India", "ID_1": 13, "NAME_1": "Haryana", "NL_NAME_1": "", "VARNAME_1": "", "TYPE_1": "State", "ENGTYPE_1": "State", "filename": "", "filename_1": "", "filename_2": "", "filename_3": "", "filename_4": ""}, "geometry": {"type": "Polygon", "coordinates": [[[77.153526, 30.688721], [76.762543, 30.89341], [76.930267, 30.39259], [76.757866, 30.43889], [76.715157, 30.332911], [76.547638, 30.264921], [76.638916, 30.20594], [76.601051, 30.080231], [76.452087, 30.10071], [76.410202, 30.20229], [76.322899, 30.108221], [76.203873, 30.158901], [76.254997, 30.10458], [76.16629, 29.928659], [76.242012, 29.869028], [76.041481, 29.748781], [75.771622, 29.82539], [75.568787, 29.74262], [75.444267, 29.80785], [75.22348, 29.546171], [75.157837, 29.66271], [75.23098, 29.752068], [75.182343, 29.838701], [75.090179, 29.806662], [75.084801, 29.91514], [74.989929, 29.856461], [74.801178, 29.992573], [74.646973, 29.904671], [74.524643, 29.951561], [74.553566, 29.865641], [74.465263, 29.78755], [74.6054, 29.75288], [74.614403, 29.527111], [74.529106, 29.449539], [74.595779, 29.328312], [74.841133, 29.40407], [75.078079, 29.23245], [75.395706, 29.26194], [75.361153, 29.14262], [75.511101, 29.01083], [75.467079, 28.92625], [75.55571, 28.614592], [75.770317, 28.407619], [75.922379, 28.36891], [76.092888, 28.155218], [75.936089, 28.093531], [76.035629, 28.07398], [75.923622, 27.93309], [75.963081, 27.864731], [76.223282, 27.840931], [76.154938, 27.998991], [76.177338, 28.059259], [76.3368, 28.029661], [76.288857, 28.182673], [76.470993, 28.154741], [76.453728, 28.049669], [76.538521, 28.03912], [76.538193, 27.970541], [76.863632, 28.22464], [76.961761, 28.144011], [76.88092, 27.699369], [76.970497, 27.657143], [76.993538, 27.741701], [77.079216, 27.738411], [77.038277, 27.820042], [77.234558, 27.78581], [77.536133, 27.949303], [77.474556, 28.413511], [77.334473, 28.511089], [77.165771, 28.408461], [77.072479, 28.520281], [76.879372, 28.50905], [76.832916, 28.582508], [76.933907, 28.63765], [76.942307, 28.820681], [77.221191, 28.904133], [77.122047, 29.105768], [77.117043, 29.770901], [77.270409, 30.04834], [77.414429, 30.10713], [77.592018, 30.370861], [77.50985, 30.44883], [77.434952, 30.403671], [77.450539, 30.465231], [77.202606, 30.480341], [77.111496, 30.567289], [77.153526, 30.688721]]]}}, {"type": "Feature", "properties": {"ID_0": 105, "ISO": "IND", "NAME_0": "India", "ID_1": 14, "NAME_1": "Himachal Pradesh", "NL_NAME_1": "", "VARNAME_1": "", "TYPE_1": "Union Territor", "ENGTYPE_1": "Union Territory", "filename": "", "filename_1": "", "filename_2": "", "filename_3": "", "filename_4": ""}, "geometry": {"type": "Polygon", "coordinates": [[[76.802757, 33.23666], [76.627007, 33.162479], [76.391678, 33.186691], [75.987419, 32.900581], [75.787422, 32.893322], [75.912483, 32.757122], [75.850967, 32.50787], [75.934631, 32.424759], [75.622543, 32.23468], [75.661827, 32.164669], [75.578758, 32.08168], [75.894547, 31.9498], [76.172829, 31.30674], [76.296097, 31.319201], [76.363136, 31.441351], [76.431137, 31.282841], [76.634148, 31.21534], [76.610069, 31.00423], [76.902161, 30.897228], [77.153526, 30.688721], [77.122337, 30.548231], [77.565346, 30.38489], [77.810646, 30.53318], [77.688286, 30.768669], [77.887489, 31.154701], [78.356323, 31.290871], [78.470108, 31.203751], [78.795036, 31.20504], [78.871399, 31.107321], [78.996582, 31.115339], [78.706642, 31.518393], [78.831093, 31.615261], [78.691353, 31.79335], [78.771027, 31.999811], [78.597336, 32.122032], [78.592911, 32.21867], [78.439209, 32.24646], [78.518761, 32.418499], [78.438393, 32.505352], [78.278519, 32.507931], [78.388817, 32.62323], [78.371353, 32.761829], [77.982559, 32.586529], [77.712486, 32.971802], [77.327896, 32.819881], [77.136391, 32.980461], [76.917511, 33.03368], [76.802757, 33.23666]]]}}, {"type": "Feature", "properties": {"ID_0": 105, "ISO": "IND", "NAME_0": "India", "ID_1": 15, "NAME_1": "Jammu and Kashmir", "NL_NAME_1": "", "VARNAME_1": "", "TYPE_1": "State", "ENGTYPE_1": "State", "filename": "", "filename_1": "", "filename_2": "", "filename_3": "", "filename_4": ""}, "geometry": {"type": "Polygon", "coordinates": [[[77.899567, 35.427895], [77.823929, 35.501331], [77.156822, 35.054699], [77.018097, 35.038464], [76.99749, 34.939152], [76.749367, 34.926601], [76.681816, 34.75959], [76.474342, 34.794373], [75.749207, 34.515831], [74.375542, 34.803444], [74.141792, 34.6912], [73.96022, 34.696682], [73.948067, 34.57309], [73.76432, 34.371071], [73.899406, 34.359814], [73.976227, 34.264809], [73.883217, 34.04995], [74.214676, 34.038555], [74.262741, 33.974289], [74.219673, 33.867176], [73.956253, 33.720291], [74.187073, 33.455521], [74.014275, 33.19825], [74.349831, 33.016251], [74.318031, 32.919701], [74.531532, 32.74073], [74.697021, 32.839714], [74.642212, 32.61105], [74.698418, 32.48494], [75.071609, 32.482964], [75.498947, 32.27533], [75.923622, 32.6437], [75.807953, 32.92979], [75.94577, 32.885139], [76.391678, 33.186691], [76.729866, 33.179432], [76.778267, 33.255711], [76.917511, 33.03368], [77.136391, 32.980461], [77.327896, 32.819881], [77.712486, 32.971802], [77.982559, 32.586529], [78.371353, 32.761829], [78.31041, 32.475929], [78.745926, 32.696079], [78.781181, 32.4753], [78.977203, 32.34277], [79.104469, 32.371712], [79.202957, 32.51083], [79.312218, 32.487091], [79.545357, 32.607361], [79.540527, 32.748692], [79.35247, 32.979031], [79.409836, 33.178772], [79.074966, 33.228611], [78.710983, 33.654869], [78.783989, 33.770432], [78.706383, 34.072182], [78.9562, 34.217831], [78.981461, 34.332851], [78.569336, 34.61195], [78.248032, 34.695099], [77.991852, 35.348549], [78.109833, 35.476768], [77.899567, 35.427895]]]}}, {"type": "Feature", "properties": {"ID_0": 105, "ISO": "IND", "NAME_0": "India", "ID_1": 16, "NAME_1": "Jharkhand", "NL_NAME_1": "", "VARNAME_1": "Vananchal", "TYPE_1": "State", "ENGTYPE_1": "State", "filename": "", "filename_1": "", "filename_2": "", "filename_3": "", "filename_4": ""}, "geometry": {"type": "Polygon", "coordinates": [[[87.78331, 25.246178], [87.490067, 25.305201], [87.467636, 25.193142], [87.323456, 25.223091], [87.291107, 25.08927], [87.176643, 25.06402], [87.050468, 24.60677], [86.930092, 24.64282], [86.911179, 24.538679], [86.777122, 24.619761], [86.602921, 24.605068], [86.452209, 24.368629], [86.279137, 24.462002], [86.322861, 24.584091], [86.133293, 24.60354], [86.050583, 24.779541], [85.950302, 24.732119], [85.73674, 24.822651], [85.664703, 24.58193], [85.282516, 24.52669], [85.089417, 24.3792], [85.076157, 24.439871], [84.898033, 24.372129], [84.795326, 24.529491], [84.658257, 24.393742], [84.521523, 24.376261], [84.493538, 24.287041], [84.293213, 24.450823], [84.297432, 24.563143], [84.109779, 24.4814], [83.99221, 24.638033], [83.868042, 24.532881], [83.39547, 24.503771], [83.451393, 24.36475], [83.323563, 24.10133], [83.506706, 24.02824], [83.561211, 23.862951], [83.695389, 23.820669], [83.774887, 23.599501], [83.935257, 23.56304], [84.007027, 23.632311], [83.965828, 23.38121], [84.070251, 23.32999], [84.033676, 23.138441], [84.148003, 22.963869], [84.189926, 23.02372], [84.389053, 22.93874], [84.220612, 22.668911], [84.080391, 22.636551], [84.002502, 22.520861], [84.289223, 22.33732], [85.062492, 22.478411], [85.114456, 22.290489], [84.97982, 22.084681], [85.095436, 22.099451], [85.230942, 22.000271], [85.39444, 22.1586], [85.681503, 22.04878], [85.802048, 22.11083], [85.76075, 21.989719], [85.905426, 21.966631], [86.026718, 22.185223], [85.953506, 22.455973], [86.03849, 22.563589], [86.433357, 22.30154], [86.499947, 22.340952], [86.747803, 22.207981], [86.885681, 22.252121], [86.75148, 22.45068], [86.759941, 22.57243], [86.651703, 22.57579], [86.617867, 22.673389], [86.416153, 22.776508], [86.432823, 22.923403], [86.518356, 22.94433], [86.540283, 22.98723], [86.212479, 22.99185], [86.036926, 23.14361], [85.914993, 23.12953], [85.831558, 23.19512], [85.859543, 23.450951], [86.047226, 23.493643], [86.046867, 23.58387], [86.300003, 23.420061], [86.43988, 23.62961], [86.792038, 23.68737], [86.792839, 23.831381], [87.242729, 23.82616], [87.294548, 23.898571], [87.237976, 24.04122], [87.45797, 23.981421], [87.493599, 24.11521], [87.689568, 24.149839], [87.635712, 24.242531], [87.81002, 24.40662], [87.769409, 24.58176], [87.909973, 24.593868], [87.900833, 24.7216], [87.818062, 24.765982], [87.973343, 24.896482], [87.776527, 25.09127], [87.78331, 25.246178]]]}}, {"type": "Feature", "properties": {"ID_0": 105, "ISO": "IND", "NAME_0": "India", "ID_1": 17, "NAME_1": "Karnataka", "NL_NAME_1": "", "VARNAME_1": "Maisur|Mysore", "TYPE_1": "State", "ENGTYPE_1": "State", "filename": "", "filename_1": "", "filename_2": "", "filename_3": "", "filename_4": ""}, "geometry": {"type": "MultiPolygon", "coordinates": [[[[74.676247, 13.194861], [74.670143, 13.198471], [74.675972, 13.191527], [74.676247, 13.194861]]], [[[74.728195, 13.279027], [74.725136, 13.280142], [74.727356, 13.278471], [74.728195, 13.279027]]], [[[74.701248, 13.279305], [74.698753, 13.28153], [74.699303, 13.278749], [74.701248, 13.279305]]], [[[74.728203, 13.28597], [74.722359, 13.28764], [74.724586, 13.28514], [74.728203, 13.28597]]], [[[74.692085, 13.332083], [74.689857, 13.330693], [74.69236, 13.330691], [74.692085, 13.332083]]], [[[74.689857, 13.335418], [74.685692, 13.337084], [74.687637, 13.33514], [74.689857, 13.335418]]], [[[74.687363, 13.342082], [74.681526, 13.342916], [74.68708, 13.34125], [74.687363, 13.342082]]], [[[74.674858, 13.380695], [74.670143, 13.37985], [74.67514, 13.37569], [74.674858, 13.380695]]], [[[74.482918, 14.00653], [74.47847, 14.00931], [74.480423, 14.004861], [74.482918, 14.00653]]], [[[74.330414, 14.018194], [74.323456, 14.015421], [74.327637, 14.01125], [74.330414, 14.018194]]], [[[74.404587, 14.312638], [74.40181, 14.315421], [74.399017, 14.31264], [74.404587, 14.312638]]], [[[74.378197, 14.545418], [74.363197, 14.54457], [74.366806, 14.541249], [74.378197, 14.545418]]], [[[74.255142, 14.703752], [74.25264, 14.705974], [74.251526, 14.704321], [74.255142, 14.703752]]], [[[74.240143, 14.70903], [74.238197, 14.710694], [74.237923, 14.70903], [74.240143, 14.70903]]], [[[74.158211, 14.739311], [74.153198, 14.74014], [74.157356, 14.73764], [74.158211, 14.739311]]], [[[74.112915, 14.757918], [74.109848, 14.754029], [74.12014, 14.753471], [74.112915, 14.757918]]], [[[74.089027, 14.795421], [74.08625, 14.79486], [74.089027, 14.793752], [74.089027, 14.795421]]], [[[74.056252, 14.815969], [74.054863, 14.817084], [74.054306, 14.81625], [74.056252, 14.815969]]], [[[74.065697, 14.81986], [74.062637, 14.820689], [74.06292, 14.819306], [74.065697, 14.81986]]], [[[74.06208, 14.820416], [74.057083, 14.820142], [74.057358, 14.819028], [74.06208, 14.820416]]], [[[74.094864, 14.836805], [74.093193, 14.838196], [74.092918, 14.835971], [74.094864, 14.836805]]], [[[74.102081, 14.844584], [74.097084, 14.842916], [74.100975, 14.842084], [74.102081, 14.844584]]], [[[74.097359, 14.87708], [74.094582, 14.877921], [74.094307, 14.875972], [74.097359, 14.87708]]], [[[77.41011, 18.388531], [77.240227, 18.408648], [77.108887, 18.152691], [76.954109, 18.184891], [76.916443, 17.915091], [76.740677, 17.89801], [76.78817, 17.826471], [76.690552, 17.679953], [76.523697, 17.75889], [76.489296, 17.660669], [76.331673, 17.59487], [76.381706, 17.31181], [76.244362, 17.37468], [76.175758, 17.297211], [76.121208, 17.366341], [75.931152, 17.32411], [75.887238, 17.41733], [75.802338, 17.370102], [75.63559, 17.47751], [75.578537, 17.382931], [75.659889, 17.26144], [75.674606, 16.96027], [75.288437, 16.954773], [75.215858, 16.84034], [75.090416, 16.94865], [74.938393, 16.94099], [74.92382, 16.769951], [74.698196, 16.7152], [74.690376, 16.60446], [74.574051, 16.55197], [74.477386, 16.66078], [74.389923, 16.527901], [74.276367, 16.544533], [74.36911, 16.394329], [74.330658, 16.27294], [74.503113, 16.231041], [74.496407, 16.10158], [74.368156, 16.052959], [74.470276, 16.040541], [74.364853, 15.773651], [74.227348, 15.785671], [74.096527, 15.67085], [74.255257, 15.65421], [74.341652, 15.292931], [74.257523, 15.257629], [74.321907, 15.18407], [74.270119, 14.966641], [74.104172, 14.90375], [74.130417, 14.839862], [74.092636, 14.80319], [74.24958, 14.739584], [74.309593, 14.520691], [74.337364, 14.568749], [74.38736, 14.54681], [74.501526, 14.022641], [74.633186, 13.84903], [74.867081, 12.754452], [74.992287, 12.79046], [75.047806, 12.660089], [75.327858, 12.585181], [75.272408, 12.539881], [75.340866, 12.45605], [75.41449, 12.496712], [75.365601, 12.407041], [75.419128, 12.2864], [75.66243, 12.091181], [75.799683, 12.071181], [75.865898, 11.94563], [76.10791, 11.970639], [76.108063, 11.851181], [76.407677, 11.753331], [76.41021, 11.66457], [76.504211, 11.698041], [76.560066, 11.610121], [76.83728, 11.57448], [76.899689, 11.783272], [77.004433, 11.80302], [77.109299, 11.712801], [77.241737, 11.80246], [77.41925, 11.750671], [77.484398, 11.9324], [77.664711, 11.9397], [77.768448, 12.105592], [77.726357, 12.16732], [77.465668, 12.202261], [77.620087, 12.40848], [77.59034, 12.657541], [77.731407, 12.66398], [77.8256, 12.85899], [78.22065, 12.75259], [78.345428, 12.928061], [78.454239, 12.853162], [78.422653, 12.9686], [78.577469, 13.26205], [78.366997, 13.32004], [78.390762, 13.5781], [78.183273, 13.55638], [78.155762, 13.64871], [78.080727, 13.635341], [78.113533, 13.840891], [78.041153, 13.886729], [77.94458, 13.819971], [77.978577, 13.947651], [77.818291, 13.934881], [77.708748, 13.732739], [77.649086, 13.77584], [77.476486, 13.6776], [77.42453, 13.83513], [77.178802, 13.85984], [77.177032, 13.9174], [77.16658, 13.754669], [76.993927, 13.74151], [77.035843, 13.925591], [76.891426, 14.158999], [77.019829, 14.172702], [77.023697, 14.053259], [77.147339, 13.991622], [77.313492, 14.02482], [77.397057, 13.880541], [77.430641, 13.96878], [77.326187, 14.02294], [77.395447, 14.103441], [77.347733, 14.124341], [77.500443, 14.150961], [77.499367, 14.26051], [77.385658, 14.32487], [77.383789, 14.191821], [77.281143, 14.331111], [77.152153, 14.337741], [77.10508, 14.213282], [76.943466, 14.23631], [76.883141, 14.390291], [76.973396, 14.478281], [76.870201, 14.46844], [76.76091, 14.596281], [76.865479, 14.9376], [76.763771, 14.96987], [76.774223, 15.071381], [77.078819, 15.00001], [77.1632, 15.161331], [77.164146, 15.25907], [76.97039, 15.490922], [77.029282, 15.633839], [77.124977, 15.659051], [77.02227, 15.83178], [77.180626, 15.950063], [77.509453, 15.92086], [77.487556, 16.249821], [77.592278, 16.29011], [77.235176, 16.468081], [77.464172, 16.584209], [77.416573, 16.662811], [77.49939, 17.00732], [77.380356, 17.21977], [77.510147, 17.427259], [77.687996, 17.498543], [77.439926, 17.58147], [77.653397, 17.969353], [77.545746, 18.053761], [77.60302, 18.278], [77.362526, 18.30829], [77.41011, 18.388531]]]]}}, {"type": "Feature", "properties": {"ID_0": 105, "ISO": "IND", "NAME_0": "India", "ID_1": 18, "NAME_1": "Kerala", "NL_NAME_1": "", "VARNAME_1": "", "TYPE_1": "State", "ENGTYPE_1": "State", "filename": "", "filename_1": "", "filename_2": "", "filename_3": "", "filename_4": ""}, "geometry": {"type": "MultiPolygon", "coordinates": [[[[76.479027, 9.537083], [76.465973, 9.529861], [76.479309, 9.530139], [76.479027, 9.537083]]], [[[76.404861, 9.527638], [76.382362, 9.534031], [76.382919, 9.527638], [76.404861, 9.527638]]], [[[76.434029, 9.528473], [76.405693, 9.542362], [76.40625, 9.527638], [76.434029, 9.528473]]], [[[76.464577, 9.54153], [76.435417, 9.528473], [76.464302, 9.529861], [76.464577, 9.54153]]], [[[76.425697, 9.54986], [76.38208, 9.543196], [76.382919, 9.534861], [76.425697, 9.54986]]], [[[76.387917, 9.619032], [76.381813, 9.617931], [76.384583, 9.613473], [76.387917, 9.619032]]], [[[76.380966, 9.716811], [76.381531, 9.71486], [76.381813, 9.717092], [76.380966, 9.716811]]], [[[76.373192, 9.752361], [76.370132, 9.75653], [76.372917, 9.751251], [76.373192, 9.752361]]], [[[76.329033, 9.81764], [76.322914, 9.809027], [76.325417, 9.80735], [76.329033, 9.81764]]], [[[76.373474, 9.824861], [76.371803, 9.82319], [76.373192, 9.821528], [76.373474, 9.824861]]], [[[76.369858, 9.826251], [76.366806, 9.82569], [76.370132, 9.824031], [76.369858, 9.826251]]], [[[76.379303, 9.837081], [76.377083, 9.83903], [76.376251, 9.836806], [76.379303, 9.837081]]], [[[76.375137, 9.83764], [76.373466, 9.84125], [76.372643, 9.840418], [76.375137, 9.83764]]], [[[76.290413, 9.84625], [76.287918, 9.846811], [76.288193, 9.84403], [76.290413, 9.84625]]], [[[76.366249, 9.855421], [76.34903, 9.838472], [76.371803, 9.830973], [76.366249, 9.855421]]], [[[76.311249, 9.90819], [76.304306, 9.902921], [76.31736, 9.886532], [76.315414, 9.896528], [76.317093, 9.902921], [76.311249, 9.90819]]], [[[76.260696, 9.970696], [76.257637, 9.968191], [76.265137, 9.961531], [76.267357, 9.939312], [76.294029, 9.92569], [76.260696, 9.970696]]], [[[76.270973, 9.970969], [76.268753, 9.972642], [76.268753, 9.972081], [76.270973, 9.970969]]], [[[76.244308, 9.978472], [76.243187, 9.980421], [76.243195, 9.978194], [76.244308, 9.978472]]], [[[76.269859, 10.00042], [76.266808, 10.00153], [76.269028, 9.996805], [76.269859, 10.00042]]], [[[76.24958, 9.975981], [76.239861, 10.012921], [76.246529, 9.976528], [76.24958, 9.975981]]], [[[76.253746, 10.01236], [76.25042, 10.014311], [76.251808, 10.01236], [76.253746, 10.01236]]], [[[76.259308, 10.02514], [76.259583, 10.02931], [76.258194, 10.02514], [76.259308, 10.02514]]], [[[76.267082, 10.02292], [76.257919, 10.023749], [76.262642, 10.018473], [76.267082, 10.02292]]], [[[76.239861, 10.10237], [76.239029, 10.098751], [76.243187, 10.097922], [76.240135, 10.096249], [76.240417, 10.091811], [76.248192, 10.09069], [76.246529, 10.096809], [76.239861, 10.10237]]], [[[76.051529, 10.533752], [76.05014, 10.535142], [76.049309, 10.533752], [76.051529, 10.533752]]], [[[76.051247, 10.536528], [76.049576, 10.53903], [76.049309, 10.535974], [76.051247, 10.536528]]], [[[75.83625, 11.128191], [75.830139, 11.129862], [75.831528, 11.126527], [75.83625, 11.128191]]], [[[75.811249, 11.159584], [75.81041, 11.16153], [75.810143, 11.15931], [75.811249, 11.159584]]], [[[75.363747, 11.93792], [75.366806, 11.943472], [75.365417, 11.94236], [75.363747, 11.93792]]], [[[75.36792, 11.939582], [75.364853, 11.93875], [75.364304, 11.935972], [75.36792, 11.939582]]], [[[75.302361, 11.961249], [75.300423, 11.96153], [75.302361, 11.959581], [75.302361, 11.961249]]], [[[75.298187, 11.96681], [75.295143, 11.96764], [75.29847, 11.965138], [75.298187, 11.96681]]], [[[75.296249, 11.969311], [75.284859, 11.985691], [75.285713, 11.982641], [75.289017, 11.97486], [75.296249, 11.969311]]], [[[75.295135, 12.012917], [75.292358, 12.013752], [75.289017, 12.01542], [75.287918, 12.014312], [75.295135, 12.012917]]], [[[75.299858, 12.02236], [75.295418, 12.023472], [75.295967, 12.02153], [75.299858, 12.02236]]], [[[75.181808, 12.04986], [75.157082, 12.109582], [75.157639, 12.106528], [75.164307, 12.089312], [75.181808, 12.04986]]], [[[75.170692, 12.110141], [75.160431, 12.111811], [75.168747, 12.095969], [75.170692, 12.110141]]], [[[75.19458, 12.114031], [75.192093, 12.115419], [75.191803, 12.113751], [75.19458, 12.114031]]], [[[75.162086, 12.134042], [75.149582, 12.139583], [75.15847, 12.120971], [75.162086, 12.134042]]], [[[75.151802, 12.159582], [75.134308, 12.18236], [75.150139, 12.146805], [75.151802, 12.159582]]], [[[75.134026, 12.18736], [75.131248, 12.191251], [75.13208, 12.18875], [75.134026, 12.18736]]], [[[75.131531, 12.19569], [75.129303, 12.196531], [75.129303, 12.19458], [75.131531, 12.19569]]], [[[75.127357, 12.194861], [75.123466, 12.191811], [75.152916, 12.117922], [75.155983, 12.11097], [75.157372, 12.110161], [75.127357, 12.194861]]], [[[74.996002, 12.787981], [74.866531, 12.752641], [75.220139, 12.070142], [75.200417, 12.007361], [75.231056, 12.024562], [75.223061, 12.10484], [75.402519, 12.136841], [75.309067, 12.102661], [75.333191, 12.010141], [75.265419, 12.007081], [75.374863, 11.956532], [75.399307, 11.915416], [75.372086, 11.939584], [75.356529, 11.928471], [75.30542, 11.947085], [75.298737, 11.94347], [75.453751, 11.770139], [75.474304, 11.803472], [75.500137, 11.798195], [75.617363, 11.477083], [75.858475, 11.138472], [75.910141, 10.79236], [76.067642, 10.544584], [76.22403, 9.977079], [76.205696, 10.147082], [76.26458, 10.07931], [76.24958, 10.029862], [76.267365, 10.032084], [76.303474, 9.925694], [76.30014, 9.936809], [76.304306, 9.936251], [76.305138, 9.945972], [76.311531, 9.948472], [76.304031, 9.934305], [76.321526, 9.892362], [76.318748, 9.888761], [76.377357, 9.864862], [76.41597, 9.565971], [76.502083, 9.530973], [76.480423, 9.511251], [76.357086, 9.525416], [76.370697, 9.820143], [76.34903, 9.827921], [76.320686, 9.87125], [76.318466, 9.84375], [76.33625, 9.80931], [76.330139, 9.801809], [76.346527, 9.750419], [76.349861, 9.724861], [76.347641, 9.711806], [76.321808, 9.807642], [76.316803, 9.84486], [76.319313, 9.876251], [76.284584, 9.832639], [76.237358, 9.965422], [76.337914, 9.415972], [76.546249, 8.90236], [76.975418, 8.384581], [77.159653, 8.312501], [77.186493, 8.493371], [77.265083, 8.54256], [77.155319, 8.73756], [77.241501, 8.864782], [77.132179, 9.01185], [77.396233, 9.496542], [77.340897, 9.595051], [77.151871, 9.60602], [77.261421, 9.963721], [77.187798, 10.092502], [77.280449, 10.207252], [77.22216, 10.340301], [76.970787, 10.208651], [76.819672, 10.29524], [76.804993, 10.626341], [76.87262, 10.629432], [76.897507, 10.7708], [76.649162, 10.924152], [76.792473, 11.042373], [76.691177, 11.14451], [76.725578, 11.208891], [76.452721, 11.18021], [76.5382, 11.35159], [76.240097, 11.459641], [76.225746, 11.56444], [76.434219, 11.633521], [76.407677, 11.753331], [76.116531, 11.84304], [76.10791, 11.970639], [75.876747, 11.940712], [75.795349, 12.074231], [75.576843, 12.15075], [75.419128, 12.2864], [75.365601, 12.407041], [75.41449, 12.496712], [75.336761, 12.457782], [75.27092, 12.55354], [75.327858, 12.585181], [75.047806, 12.660089], [74.996002, 12.787981]]]]}}, {"type": "Feature", "properties": {"ID_0": 105, "ISO": "IND", "NAME_0": "India", "ID_1": 19, "NAME_1": "Lakshadweep", "NL_NAME_1": "", "VARNAME_1": "les Laquedives|Laccadive|Minicoy and Amindivi Islands|Laccadives|Lackadiverna|Lakkadiven|Lakkadi", "TYPE_1": "Union Territor", "ENGTYPE_1": "Union Territory", "filename": "", "filename_1": "", "filename_2": "", "filename_3": "", "filename_4": ""}, "geometry": {"type": "MultiPolygon", "coordinates": [[[[73.01236, 8.276806], [73.009857, 8.27931], [73.010406, 8.277362], [73.01236, 8.276806]]], [[[73.018753, 8.271529], [73.073196, 8.319029], [73.055687, 8.28264], [73.018753, 8.271529]]], [[[72.286797, 10.04069], [72.283752, 10.043473], [72.281807, 10.037916], [72.286797, 10.04069]]], [[[73.633751, 10.068751], [73.62986, 10.068751], [73.630142, 10.067639], [73.633751, 10.068751]]], [[[73.627914, 10.071805], [73.628197, 10.075142], [73.62542, 10.072917], [73.627914, 10.071805]]], [[[73.647919, 10.06125], [73.635414, 10.072083], [73.641808, 10.057084], [73.647919, 10.06125]]], [[[72.331528, 10.128195], [72.325974, 10.126805], [72.331802, 10.124861], [72.331528, 10.128195]]], [[[73.665138, 10.141811], [73.658478, 10.152922], [73.662086, 10.129861], [73.665138, 10.141811]]], [[[72.649017, 10.56181], [72.623192, 10.54708], [72.615417, 10.540694], [72.649017, 10.56181]]], [[[72.169304, 10.81236], [72.16597, 10.81375], [72.165138, 10.81208], [72.169304, 10.81236]]], [[[72.172363, 10.817921], [72.170975, 10.818194], [72.170975, 10.81736], [72.172363, 10.817921]]], [[[73.702637, 10.814862], [73.661537, 10.817641], [73.662086, 10.808472], [73.702637, 10.814862]]], [[[72.206528, 10.877361], [72.174026, 10.82069], [72.177635, 10.824861], [72.179581, 10.827917], [72.203751, 10.86875], [72.206528, 10.877361]]], [[[72.29097, 10.936251], [72.285698, 10.944862], [72.284302, 10.935417], [72.29097, 10.936251]]], [[[72.317642, 10.94375], [72.314857, 10.948472], [72.313469, 10.943194], [72.317642, 10.94375]]], [[[72.334305, 10.955973], [72.332085, 10.958473], [72.331802, 10.955139], [72.334305, 10.955973]]], [[[72.732918, 11.127915], [72.715973, 11.125139], [72.720139, 11.110694], [72.732918, 11.127915]]], [[[72.105972, 11.209862], [72.104027, 11.21125], [72.103752, 11.208196], [72.105972, 11.209862]]], [[[72.104309, 11.21264], [72.100418, 11.21514], [72.100136, 11.214311], [72.104309, 11.21264]]], [[[72.778198, 11.217362], [72.777916, 11.240972], [72.761253, 11.180139], [72.778198, 11.217362]]], [[[73.002357, 11.485694], [73.000694, 11.485416], [73.001808, 11.484582], [73.002357, 11.485694]]], [[[73.009033, 11.48736], [72.996803, 11.495421], [73.001808, 11.491531], [73.007637, 11.467641], [73.009033, 11.48736]]], [[[72.189026, 11.598751], [72.18486, 11.59736], [72.189026, 11.59597], [72.189026, 11.598751]]], [[[72.716805, 11.702084], [72.71347, 11.705421], [72.714859, 11.702638], [72.704865, 11.680695], [72.71653, 11.692083], [72.716805, 11.702084]]]]}}, {"type": "Feature", "properties": {"ID_0": 105, "ISO": "IND", "NAME_0": "India", "ID_1": 20, "NAME_1": "Madhya Pradesh", "NL_NAME_1": "", "VARNAME_1": "", "TYPE_1": "State", "ENGTYPE_1": "State", "filename": "", "filename_1": "", "filename_2": "", "filename_3": "", "filename_4": ""}, "geometry": {"type": "Polygon", "coordinates": [[[78.364647, 26.868841], [78.105522, 26.800753], [78.085739, 26.68305], [77.894577, 26.66221], [77.812996, 26.55481], [77.124031, 26.237951], [76.745468, 25.909231], [76.592728, 25.874168], [76.482391, 25.71813], [76.564278, 25.442402], [76.770096, 25.312191], [77.205147, 25.31143], [77.282982, 25.42359], [77.361343, 25.41296], [77.398529, 25.113272], [76.854347, 25.010311], [76.948921, 24.872869], [76.801582, 24.819839], [77.026657, 24.71092], [77.064697, 24.56991], [76.965317, 24.460861], [76.912872, 24.54357], [76.81459, 24.53437], [76.944443, 24.206291], [76.89994, 24.131111], [76.701141, 24.17144], [76.692963, 24.285049], [76.531433, 24.163469], [76.469948, 24.2314], [76.215569, 24.216808], [76.185486, 24.331511], [76.134697, 24.095289], [75.960182, 24.02537], [75.975822, 23.93294], [75.777061, 23.85387], [75.702332, 23.904051], [75.684479, 23.760569], [75.582527, 23.80036], [75.456497, 23.92074], [75.514381, 24.048733], [75.700409, 23.969061], [75.833763, 24.07543], [75.743492, 24.139601], [75.826881, 24.24641], [75.726883, 24.405279], [75.79113, 24.475203], [75.908997, 24.456141], [75.838753, 24.72987], [75.216949, 24.72241], [75.208191, 24.91], [75.305733, 24.81333], [75.417099, 24.863901], [75.261452, 24.88966], [75.345589, 25.042801], [75.159126, 25.045471], [75.043388, 24.859228], [74.83271, 24.967451], [74.848892, 24.79266], [75.021378, 24.77286], [74.892853, 24.65535], [74.799316, 24.795641], [74.817108, 24.671671], [74.711937, 24.510941], [74.858131, 24.467333], [74.752808, 24.28266], [74.894287, 24.261681], [74.992989, 24.029701], [74.905678, 23.873911], [74.93972, 23.630371], [74.61338, 23.461361], [74.518303, 23.32873], [74.745697, 23.212111], [74.322777, 23.062691], [74.47892, 22.858641], [74.381088, 22.638639], [74.265358, 22.644831], [74.15332, 22.51742], [74.04464, 22.542122], [74.123001, 22.420811], [74.190826, 22.47788], [74.294182, 22.394468], [74.191063, 22.32193], [74.071983, 22.360241], [74.18071, 22.086601], [74.097702, 22.015459], [74.146019, 21.95406], [74.289711, 21.935791], [74.446037, 22.02652], [74.558876, 21.682081], [74.901878, 21.63023], [75.219856, 21.41087], [76.098671, 21.373928], [76.172638, 21.0846], [76.376373, 21.077311], [76.487373, 21.19606], [76.623367, 21.192659], [76.624527, 21.3351], [76.784187, 21.46649], [76.795349, 21.59754], [77.28624, 21.762751], [77.475471, 21.771441], [77.542183, 21.701031], [77.607117, 21.54277], [77.416969, 21.53306], [77.487022, 21.37775], [77.584442, 21.364479], [77.938782, 21.386909], [78.379517, 21.61865], [78.430099, 21.501751], [78.931831, 21.4874], [78.913239, 21.59236], [79.219902, 21.65081], [79.228691, 21.723928], [79.488579, 21.674122], [79.536621, 21.544218], [79.73262, 21.60253], [79.915817, 21.524481], [80.260223, 21.62015], [80.403366, 21.37649], [80.662918, 21.337339], [80.718529, 21.711861], [80.811203, 21.747492], [80.90609, 22.114441], [81.004272, 22.070021], [81.109993, 22.44112], [81.322937, 22.52433], [81.396553, 22.44132], [81.615791, 22.539021], [81.762726, 22.663589], [81.769402, 22.873508], [81.940247, 22.95709], [81.938103, 23.07781], [82.151077, 23.141741], [82.18586, 23.32539], [81.97612, 23.413111], [81.916359, 23.532091], [81.607048, 23.506889], [81.569733, 23.58865], [81.687286, 23.72135], [81.596909, 23.889023], [81.661598, 23.925598], [81.811729, 23.8095], [81.916443, 23.87299], [82.496651, 23.785049], [82.629517, 23.839001], [82.807777, 23.963058], [82.657387, 24.134798], [82.764137, 24.292431], [82.712532, 24.556219], [82.796371, 24.59976], [82.657928, 24.700397], [82.529266, 24.65196], [82.420151, 24.705252], [82.409172, 24.59783], [82.29393, 24.613741], [82.24366, 24.775751], [82.172882, 24.739571], [82.195969, 24.82453], [81.959152, 24.83061], [81.898468, 25.009621], [81.604347, 25.060749], [81.566399, 25.195749], [81.483727, 25.07494], [81.269119, 25.16774], [81.212608, 24.934521], [81.132446, 24.892071], [81.076416, 24.952261], [80.8022, 24.94446], [80.878036, 25.195601], [80.827698, 25.11031], [80.699638, 25.13715], [80.77594, 25.061691], [80.673569, 25.054171], [80.594589, 25.155241], [80.606781, 25.07218], [80.476128, 25.102251], [80.494209, 25.045321], [80.314102, 25.00351], [80.28196, 25.063221], [80.423698, 25.174143], [80.255867, 25.428711], [79.847137, 25.2402], [79.849213, 25.096981], [79.565521, 25.177551], [79.489876, 25.08275], [79.399147, 25.113461], [79.490402, 25.27035], [79.352966, 25.265381], [79.304222, 25.339849], [79.256508, 25.27947], [79.346962, 25.214241], [79.273598, 25.248119], [79.276543, 25.12026], [79.124336, 25.11187], [79.084297, 25.19253], [79.021767, 25.14319], [79.004967, 25.27697], [78.995811, 25.195938], [78.877136, 25.162182], [78.955772, 25.347761], [78.876518, 25.34446], [78.841751, 25.22916], [78.783287, 25.303181], [78.874748, 25.387659], [78.978508, 25.376013], [78.885536, 25.56077], [78.828323, 25.509981], [78.85717, 25.46714], [78.834267, 25.432461], [78.73175, 25.50065], [78.812912, 25.430428], [78.764381, 25.3584], [78.652718, 25.444], [78.427361, 25.288671], [78.568581, 25.25861], [78.622047, 24.964901], [78.78054, 24.814972], [78.749466, 24.60498], [78.881721, 24.6397], [78.966873, 24.353661], [78.791687, 24.180241], [78.505371, 24.39395], [78.38237, 24.27393], [78.219719, 24.522779], [78.268478, 24.667101], [78.163803, 24.8571], [78.327538, 24.999559], [78.327766, 25.08877], [78.442917, 25.128771], [78.295517, 25.3748], [78.429337, 25.56386], [78.805191, 25.624557], [78.746819, 25.74909], [78.861923, 25.799198], [79.003151, 26.081793], [78.942673, 26.139141], [79.133743, 26.344971], [78.979622, 26.57408], [78.993179, 26.68457], [78.715347, 26.800213], [78.565849, 26.75769], [78.364647, 26.868841]]]}}, {"type": "Feature", "properties": {"ID_0": 105, "ISO": "IND", "NAME_0": "India", "ID_1": 21, "NAME_1": "Maharashtra", "NL_NAME_1": "", "VARNAME_1": "", "TYPE_1": "State", "ENGTYPE_1": "State", "filename": "", "filename_1": "", "filename_2": "", "filename_3": "", "filename_4": ""}, "geometry": {"type": "MultiPolygon", "coordinates": [[[[73.456802, 15.888752], [73.454582, 15.888474], [73.456802, 15.887081], [73.456802, 15.888752]]], [[[73.464302, 15.889584], [73.461525, 15.889027], [73.464302, 15.886805], [73.464302, 15.889584]]], [[[73.467636, 15.894584], [73.465141, 15.894862], [73.467361, 15.893472], [73.467636, 15.894584]]], [[[73.462357, 16.04431], [73.457077, 16.04071], [73.46125, 16.038752], [73.462357, 16.04431]]], [[[73.444313, 16.10153], [73.44236, 16.100971], [73.443748, 16.099581], [73.444313, 16.10153]]], [[[73.085976, 17.816528], [73.082359, 17.818201], [73.083458, 17.81403], [73.085976, 17.816528]]], [[[73.03875, 18.05014], [73.036797, 18.051811], [73.03653, 18.05069], [73.03875, 18.05014]]], [[[72.967087, 18.299305], [72.962906, 18.30068], [72.96347, 18.29847], [72.967087, 18.299305]]], [[[73.079308, 18.30625], [73.075691, 18.30792], [73.076248, 18.304861], [73.079308, 18.30625]]], [[[73.082085, 18.319027], [73.081253, 18.321527], [73.080414, 18.319027], [73.082085, 18.319027]]], [[[72.865417, 18.634027], [72.864304, 18.635695], [72.863472, 18.632641], [72.865417, 18.634027]]], [[[72.81514, 18.702921], [72.811806, 18.705973], [72.812637, 18.70236], [72.81514, 18.702921]]], [[[72.842636, 18.706251], [72.841805, 18.708195], [72.841248, 18.705141], [72.842636, 18.706251]]], [[[72.908752, 18.953192], [72.899025, 18.962084], [72.89875, 18.940969], [72.908752, 18.953192]]], [[[72.942093, 18.965691], [72.924309, 18.963472], [72.934029, 18.95208], [72.942093, 18.965691]]], [[[73.028198, 18.998751], [73.025696, 18.99736], [73.028473, 18.992916], [73.028198, 18.998751]]], [[[72.78347, 19.134861], [72.780418, 19.132917], [72.78347, 19.13236], [72.78347, 19.134861]]], [[[72.736526, 19.465696], [72.72625, 19.467081], [72.732918, 19.457361], [72.736526, 19.465696]]], [[[74.435547, 22.030998], [73.810516, 21.823338], [73.896362, 21.700281], [73.787613, 21.62505], [73.860786, 21.495823], [74.335518, 21.54023], [73.952843, 21.40237], [73.822548, 21.171921], [73.588303, 21.1679], [73.906448, 20.98315], [73.949532, 20.74231], [73.670708, 20.56234], [73.458687, 20.714319], [73.401581, 20.64921], [73.50074, 20.540241], [73.39135, 20.3902], [73.426826, 20.201571], [73.31115, 20.207211], [73.181442, 20.05162], [72.874542, 20.225809], [72.73764, 20.136539], [72.707642, 20.070141], [72.716248, 19.972361], [72.753746, 19.94264], [72.755417, 19.93903], [72.75486, 19.927361], [72.69014, 19.958195], [72.650696, 19.854311], [72.718193, 19.53875], [72.786247, 19.525972], [72.782364, 19.193195], [72.79847, 19.223192], [72.805138, 19.22097], [72.820419, 19.245419], [72.836525, 19.251249], [72.834305, 19.260695], [72.836807, 19.265696], [72.839577, 19.267361], [72.839584, 19.250692], [72.796806, 19.19903], [72.794586, 19.172081], [72.780136, 19.16625], [72.829865, 19.182364], [72.80764, 18.89097], [72.963196, 19.058472], [73.032349, 18.99931], [73.031517, 18.993191], [73.012642, 18.977638], [72.979309, 18.962639], [72.955696, 18.97403], [72.907913, 18.902084], [72.982643, 18.80958], [72.869308, 18.804583], [72.855141, 18.69681], [72.914017, 18.354853], [73.027916, 18.264305], [73.040138, 18.301531], [73.050423, 18.30792], [73.068192, 18.304861], [73.08403, 18.329309], [73.087906, 18.326811], [73.088196, 18.151527], [72.964577, 18.28014], [72.930969, 18.220417], [73.045418, 18.041531], [73.029602, 17.944311], [73.132637, 17.830139], [73.167084, 17.405138], [73.244026, 17.307362], [73.189308, 17.29792], [73.319862, 17.038195], [73.254303, 17.027361], [73.316803, 16.600969], [73.394028, 16.552641], [73.345703, 16.556528], [73.390137, 16.514311], [73.34903, 16.504301], [73.318176, 16.556528], [73.316246, 16.51347], [73.405418, 16.404861], [73.454865, 16.05514], [73.590416, 15.912361], [73.677086, 15.725417], [73.873497, 15.795321], [74.027931, 15.6046], [74.227348, 15.785671], [74.364853, 15.773651], [74.470276, 16.040541], [74.368156, 16.052959], [74.48909, 16.08732], [74.513298, 16.201229], [74.333839, 16.26807], [74.36911, 16.394329], [74.271553, 16.53866], [74.389923, 16.527901], [74.477386, 16.66078], [74.574051, 16.55197], [74.690376, 16.60446], [74.698196, 16.7152], [74.92382, 16.769951], [74.938393, 16.94099], [75.090416, 16.94865], [75.215858, 16.84034], [75.288437, 16.954773], [75.674606, 16.96027], [75.659889, 17.26144], [75.578537, 17.382931], [75.63559, 17.47751], [75.802338, 17.370102], [75.887238, 17.41733], [75.931152, 17.32411], [76.121208, 17.366341], [76.175758, 17.297211], [76.244362, 17.37468], [76.381706, 17.31181], [76.331673, 17.59487], [76.489296, 17.660669], [76.523697, 17.75889], [76.690552, 17.679953], [76.78817, 17.826471], [76.740677, 17.89801], [76.916443, 17.915091], [76.954109, 18.184891], [77.108887, 18.152691], [77.317413, 18.453791], [77.41011, 18.388531], [77.362526, 18.30829], [77.570229, 18.30818], [77.52594, 18.427351], [77.597267, 18.547541], [77.736511, 18.55481], [77.732857, 18.676001], [77.942551, 18.82229], [77.757393, 19.028551], [77.848137, 19.09008], [77.860878, 19.30213], [77.948921, 19.34128], [78.170059, 19.23633], [78.182167, 19.41177], [78.308891, 19.456409], [78.269722, 19.66313], [78.367737, 19.78108], [78.310196, 19.912741], [78.493919, 19.79315], [78.845627, 19.75835], [78.858803, 19.656311], [78.968956, 19.649233], [78.954552, 19.55183], [79.177788, 19.460691], [79.243866, 19.612553], [79.470421, 19.497452], [79.785423, 19.59359], [79.973053, 19.40102], [79.943207, 19.170601], [79.858047, 19.104111], [79.934486, 19.0217], [79.894012, 18.830839], [80.110817, 18.676189], [80.346222, 18.811081], [80.267723, 18.987329], [80.475586, 19.335043], [80.567818, 19.400921], [80.610153, 19.30714], [80.749237, 19.286741], [80.845009, 19.36091], [80.787933, 19.426701], [80.892067, 19.465681], [80.656853, 19.612261], [80.542427, 19.819271], [80.394707, 19.794579], [80.49752, 19.86875], [80.406296, 19.932501], [80.520378, 19.93088], [80.546158, 20.06571], [80.393837, 20.14402], [80.382957, 20.24172], [80.617767, 20.333681], [80.622322, 20.603863], [80.481598, 20.6171], [80.580116, 20.683641], [80.433319, 21.097151], [80.67379, 21.30908], [80.403366, 21.37649], [80.260223, 21.62015], [79.915817, 21.524481], [79.73262, 21.60253], [79.536621, 21.544218], [79.488579, 21.674122], [79.228691, 21.723928], [79.219902, 21.65081], [78.913239, 21.59236], [78.931831, 21.4874], [78.430099, 21.501751], [78.379517, 21.61865], [77.938782, 21.386909], [77.584442, 21.364479], [77.487022, 21.37775], [77.416969, 21.53306], [77.607117, 21.54277], [77.542183, 21.701031], [77.475471, 21.771441], [77.28624, 21.762751], [76.795349, 21.59754], [76.784187, 21.46649], [76.624527, 21.3351], [76.623367, 21.192659], [76.281769, 21.07531], [76.135666, 21.126211], [76.098671, 21.373928], [75.301903, 21.38925], [74.901878, 21.63023], [74.590553, 21.66416], [74.435547, 22.030998]]]]}}, {"type": "Feature", "properties": {"ID_0": 105, "ISO": "IND", "NAME_0": "India", "ID_1": 22, "NAME_1": "Manipur", "NL_NAME_1": "", "VARNAME_1": "", "TYPE_1": "State", "ENGTYPE_1": "State", "filename": "", "filename_1": "", "filename_2": "", "filename_3": "", "filename_4": ""}, "geometry": {"type": "Polygon", "coordinates": [[[94.577232, 25.648331], [94.308983, 25.493801], [94.014732, 25.59613], [93.836487, 25.563061], [93.608017, 25.202051], [93.474022, 25.30928], [93.403572, 25.263071], [93.197357, 24.81126], [93.109787, 24.80974], [92.976379, 24.11482], [93.100922, 24.04509], [93.248016, 24.085339], [93.255287, 24.02379], [93.351433, 24.112419], [93.508713, 23.9489], [93.756943, 24.009493], [93.815987, 23.929829], [94.161461, 23.852779], [94.326347, 24.338949], [94.74221, 25.025249], [94.745659, 25.136591], [94.585358, 25.21575], [94.682426, 25.45973], [94.557419, 25.51277], [94.577232, 25.648331]]]}}, {"type": "Feature", "properties": {"ID_0": 105, "ISO": "IND", "NAME_0": "India", "ID_1": 23, "NAME_1": "Meghalaya", "NL_NAME_1": "", "VARNAME_1": "", "TYPE_1": "State", "ENGTYPE_1": "State", "filename": "", "filename_1": "", "filename_2": "", "filename_3": "", "filename_4": ""}, "geometry": {"type": "Polygon", "coordinates": [[[91.853836, 26.10479], [91.731262, 26.05921], [91.669312, 25.90539], [91.575836, 26.03311], [91.474762, 25.871231], [91.529739, 25.889681], [91.525406, 25.87289], [91.333557, 25.83884], [91.223877, 25.723419], [91.19648, 25.859011], [91.000786, 25.82225], [91.029221, 25.888048], [90.942749, 25.947571], [90.624809, 25.898899], [90.582458, 25.959791], [90.512543, 25.89624], [90.477287, 26.015261], [90.118652, 25.96126], [89.895416, 25.74412], [90.01844, 25.608391], [89.870102, 25.544222], [89.834267, 25.29567], [90.452362, 25.144503], [91.273788, 25.204308], [91.644531, 25.122721], [92.07177, 25.189623], [92.425903, 25.03182], [92.524666, 25.14003], [92.803566, 25.217239], [92.78437, 25.332539], [92.567413, 25.46747], [92.653458, 25.59218], [92.572502, 25.560421], [92.385101, 25.753563], [92.160698, 25.67186], [92.225479, 25.907049], [92.156319, 25.944799], [92.301582, 26.07649], [91.922096, 25.999531], [91.853836, 26.10479]]]}}, {"type": "Feature", "properties": {"ID_0": 105, "ISO": "IND", "NAME_0": "India", "ID_1": 24, "NAME_1": "Mizoram", "NL_NAME_1": "", "VARNAME_1": "", "TYPE_1": "State", "ENGTYPE_1": "State", "filename": "", "filename_1": "", "filename_2": "", "filename_3": "", "filename_4": ""}, "geometry": {"type": "Polygon", "coordinates": [[[92.800797, 24.41905], [92.765198, 24.520849], [92.465973, 24.13475], [92.422379, 24.253111], [92.296608, 24.25173], [92.331146, 23.911802], [92.259399, 23.814991], [92.40863, 23.24608], [92.375427, 22.934881], [92.526978, 22.676161], [92.60968, 21.976837], [92.717888, 22.15263], [92.910889, 21.94623], [92.955803, 22.029921], [93.009247, 21.983931], [93.046661, 22.19762], [93.154411, 22.17819], [93.20858, 22.261068], [93.091751, 22.709341], [93.16835, 22.91913], [93.132942, 23.047501], [93.297722, 23.005798], [93.393646, 23.138613], [93.444702, 23.682428], [93.337372, 24.0534], [92.976379, 24.11482], [93.024353, 24.390471], [92.800797, 24.41905]]]}}, {"type": "Feature", "properties": {"ID_0": 105, "ISO": "IND", "NAME_0": "India", "ID_1": 25, "NAME_1": "Nagaland", "NL_NAME_1": "", "VARNAME_1": "", "TYPE_1": "State", "ENGTYPE_1": "State", "filename": "", "filename_1": "", "filename_2": "", "filename_3": "", "filename_4": ""}, "geometry": {"type": "Polygon", "coordinates": [[[95.237633, 26.686291], [95.195518, 27.04295], [95.021347, 26.9254], [94.923767, 26.950331], [94.756371, 26.772268], [94.464523, 26.667511], [94.316513, 26.462931], [94.276741, 26.55884], [94.004807, 26.173271], [93.979393, 25.91968], [93.795761, 25.81435], [93.773018, 25.966021], [93.331741, 25.54681], [93.461868, 25.434698], [93.505142, 25.244131], [93.612579, 25.20619], [93.836487, 25.563061], [94.014732, 25.59613], [94.313538, 25.494471], [94.573013, 25.697651], [94.557419, 25.51277], [94.632973, 25.465658], [94.904991, 25.56711], [95.052528, 25.762659], [95.021866, 25.91], [95.185699, 26.080351], [95.120567, 26.109741], [95.135742, 26.387833], [95.066307, 26.456779], [95.237633, 26.686291]]]}}, {"type": "Feature", "properties": {"ID_0": 105, "ISO": "IND", "NAME_0": "India", "ID_1": 26, "NAME_1": "Orissa", "NL_NAME_1": "", "VARNAME_1": "", "TYPE_1": "State", "ENGTYPE_1": "State", "filename": "", "filename_1": "", "filename_2": "", "filename_3": "", "filename_4": ""}, "geometry": {"type": "MultiPolygon", "coordinates": [[[[84.767365, 19.101805], [84.766525, 19.104586], [84.764862, 19.101528], [84.767365, 19.101805]]], [[[84.765419, 19.104031], [84.755142, 19.109861], [84.756805, 19.101528], [84.765419, 19.104031]]], [[[84.761253, 19.071251], [84.750969, 19.082081], [84.730217, 19.089306], [84.761253, 19.071251]]], [[[86.237221, 19.907778], [86.238335, 19.911112], [86.236656, 19.908331], [86.237221, 19.907778]]], [[[86.372498, 19.954445], [86.372093, 19.95764], [86.370827, 19.954975], [86.355133, 19.949921], [86.372498, 19.954445]]], [[[86.383331, 19.959442], [86.386108, 19.963333], [86.378891, 19.959442], [86.383331, 19.959442]]], [[[86.390472, 19.965509], [86.3965, 19.969004], [86.399353, 19.972321], [86.390472, 19.965509]]], [[[86.372223, 19.969166], [86.364998, 19.971945], [86.364998, 19.968611], [86.372223, 19.969166]]], [[[86.32, 19.988611], [86.320732, 19.991409], [86.318611, 19.995001], [86.32, 19.988611]]], [[[86.320831, 19.993328], [86.319008, 20.002333], [86.315613, 19.999165], [86.320831, 19.993328]]], [[[86.327217, 19.99861], [86.335831, 20.003056], [86.329437, 20.010563], [86.327217, 19.99861]]], [[[86.31472, 20.015278], [86.309998, 20.011667], [86.315277, 20.008055], [86.31472, 20.015278]]], [[[86.25528, 20.024721], [86.254158, 20.022209], [86.258331, 20.021938], [86.25528, 20.024721]]], [[[86.40889, 20.01889], [86.412216, 20.020559], [86.412498, 20.025833], [86.40889, 20.01889]]], [[[86.267776, 20.020828], [86.270836, 20.027222], [86.264717, 20.022209], [86.267776, 20.020828]]], [[[86.326668, 20.024443], [86.320953, 20.0245], [86.325836, 20.023056], [86.326668, 20.024443]]], [[[86.325279, 20.016399], [86.301109, 20.02639], [86.321388, 20.01], [86.325279, 20.016399]]], [[[86.267776, 20.030834], [86.263336, 20.033611], [86.262497, 20.032221], [86.267776, 20.030834]]], [[[86.313332, 20.040001], [86.309166, 20.038891], [86.313606, 20.03861], [86.313332, 20.040001]]], [[[86.303886, 20.039721], [86.299171, 20.040279], [86.303047, 20.03861], [86.303886, 20.039721]]], [[[86.424721, 20.0375], [86.425835, 20.043612], [86.42083, 20.031944], [86.424721, 20.0375]]], [[[86.298332, 20.048334], [86.291107, 20.047779], [86.299721, 20.043888], [86.298332, 20.048334]]], [[[86.308052, 20.034445], [86.255753, 20.05073], [86.245232, 20.02936], [86.266937, 20.03528], [86.279716, 20.02667], [86.308052, 20.034445]]], [[[86.25528, 20.0525], [86.256927, 20.057501], [86.250557, 20.051666], [86.25528, 20.0525]]], [[[86.434723, 20.051666], [86.432503, 20.056944], [86.43222, 20.051111], [86.434723, 20.051666]]], [[[86.49472, 20.148901], [86.489166, 20.146667], [86.492226, 20.145555], [86.49472, 20.148901]]], [[[86.508057, 20.172501], [86.489639, 20.170387], [86.493958, 20.162451], [86.508057, 20.172501]]], [[[86.553329, 20.206417], [86.555115, 20.206282], [86.555328, 20.207088], [86.553329, 20.206417]]], [[[86.79583, 20.372223], [86.790382, 20.36858], [86.792221, 20.365276], [86.79583, 20.372223]]], [[[86.797119, 20.376072], [86.791107, 20.37639], [86.796387, 20.374443], [86.797119, 20.376072]]], [[[86.791107, 20.385563], [86.793892, 20.384171], [86.793892, 20.387501], [86.791107, 20.385563]]], [[[86.814865, 20.406691], [86.806946, 20.413334], [86.803886, 20.371389], [86.814865, 20.406691]]], [[[86.787796, 20.405081], [86.795341, 20.393353], [86.791389, 20.429171], [86.787796, 20.405081]]], [[[86.801239, 20.46048], [86.803596, 20.461971], [86.802452, 20.462643], [86.801239, 20.46048]]], [[[86.809448, 20.476667], [86.800827, 20.473902], [86.803612, 20.463612], [86.809448, 20.476667]]], [[[86.872063, 20.67267], [86.878334, 20.677778], [86.878326, 20.679453], [86.872063, 20.67267]]], [[[86.793053, 20.679171], [86.798607, 20.70056], [86.789246, 20.675138], [86.793053, 20.679171]]], [[[87.003304, 20.713432], [87.00602, 20.713366], [87.009018, 20.720249], [87.003304, 20.713432]]], [[[87.002434, 20.709003], [87.01722, 20.714331], [87.015831, 20.722221], [87.002434, 20.709003]]], [[[87.050133, 20.74259], [87.054306, 20.74608], [87.049026, 20.743841], [87.050133, 20.74259]]], [[[87.068047, 20.73778], [87.071938, 20.744551], [87.071793, 20.748812], [87.068047, 20.73778]]], [[[87.092056, 20.75223], [87.084526, 20.764391], [87.072479, 20.754101], [87.092056, 20.75223]]], [[[87.001389, 20.71583], [86.830002, 20.76], [86.801506, 20.683405], [86.773796, 20.646387], [86.805832, 20.645281], [86.819122, 20.639242], [86.79541, 20.665623], [86.796669, 20.672508], [86.803474, 20.676567], [86.816727, 20.676994], [86.830223, 20.672508], [86.836449, 20.665979], [86.842003, 20.652239], [86.853523, 20.656725], [86.856392, 20.68611], [86.862221, 20.691942], [86.869164, 20.693335], [86.883888, 20.70722], [86.876389, 20.715281], [86.875557, 20.71833], [86.878326, 20.733061], [86.885277, 20.70722], [86.859177, 20.664721], [86.892891, 20.695122], [86.928711, 20.714651], [87.001389, 20.71583]]], [[[86.877777, 20.774166], [86.874443, 20.774166], [86.877502, 20.772779], [86.877777, 20.774166]]], [[[86.868614, 20.779444], [86.865547, 20.777771], [86.871666, 20.77611], [86.868614, 20.779444]]], [[[86.987503, 20.77944], [86.980553, 20.78056], [86.981392, 20.77833], [86.987503, 20.77944]]], [[[86.94371, 20.784309], [86.946106, 20.786671], [86.943611, 20.78528], [86.94371, 20.784309]]], [[[86.941948, 20.779722], [86.86528, 20.782499], [86.95153, 20.77471], [86.941948, 20.779722]]], [[[87.005722, 20.80957], [87.018578, 20.822874], [87.002502, 20.832222], [87.005722, 20.80957]]], [[[87.123611, 21.514444], [87.121666, 21.520555], [87.119164, 21.516666], [87.123611, 21.514444]]], [[[86.078346, 22.530411], [85.958138, 22.476181], [86.043289, 22.30619], [85.905426, 21.966631], [85.76075, 21.989719], [85.802048, 22.11083], [85.681503, 22.04878], [85.363197, 22.15457], [85.230942, 22.000271], [85.095436, 22.099451], [84.987427, 22.076738], [85.114456, 22.290489], [85.062492, 22.478411], [84.289223, 22.33732], [83.994293, 22.528811], [84.004211, 22.367661], [83.626282, 22.205858], [83.532448, 22.034048], [83.584473, 21.843601], [83.467178, 21.78274], [83.419746, 21.67502], [83.484543, 21.625563], [83.380722, 21.612751], [83.334633, 21.49555], [83.402657, 21.348431], [83.27002, 21.375038], [83.119843, 21.101061], [82.95607, 21.175489], [82.635941, 21.14945], [82.459053, 20.823841], [82.346619, 20.883848], [82.324013, 20.553881], [82.429169, 20.425753], [82.390862, 20.059589], [82.707489, 19.990219], [82.702713, 19.831039], [82.58506, 19.771049], [82.593498, 19.86454], [82.44239, 19.902983], [82.339447, 19.829962], [82.230629, 19.998081], [82.024406, 20.01004], [81.941353, 20.102251], [81.866539, 20.036039], [81.849632, 19.908051], [82.05983, 19.783098], [82.022392, 19.501802], [82.18306, 19.41761], [82.159782, 19.12648], [82.239563, 18.91046], [82.078583, 18.712082], [81.885376, 18.65033], [81.946907, 18.559151], [81.744911, 18.34535], [81.527962, 18.259081], [81.384972, 17.806593], [81.611153, 17.815363], [82.024658, 18.05788], [82.26725, 17.986441], [82.364296, 18.134859], [82.306099, 18.19566], [82.393013, 18.30644], [82.334442, 18.317133], [82.36129, 18.40991], [82.474007, 18.536833], [82.626877, 18.228741], [82.799171, 18.439402], [82.902748, 18.355911], [83.053391, 18.375299], [83.015411, 18.444429], [83.089333, 18.53791], [83.009682, 18.63653], [83.132957, 18.772449], [83.205063, 18.71586], [83.396301, 18.830709], [83.305267, 18.989681], [83.455482, 18.94558], [83.459396, 19.069672], [83.531387, 19.005421], [83.623283, 19.153631], [83.886879, 18.805408], [84.312492, 18.77919], [84.42939, 18.913683], [84.415131, 19.013861], [84.566139, 19.065039], [84.590118, 19.01338], [84.665016, 19.156731], [84.777916, 19.11014], [85.419197, 19.62307], [85.904999, 19.832222], [86.362663, 19.95278], [86.317497, 19.949165], [86.341026, 19.97238], [86.236656, 20.026951], [86.247856, 20.053188], [86.262497, 20.061953], [86.269157, 20.06278], [86.287224, 20.049723], [86.290466, 20.060982], [86.387497, 19.976389], [86.411766, 20.05554], [86.436783, 20.060968], [86.47583, 20.100555], [86.477219, 20.110275], [86.483887, 20.110275], [86.520554, 20.169167], [86.558891, 20.20056], [86.503883, 20.16444], [86.489166, 20.121389], [86.46389, 20.114719], [86.472221, 20.102777], [86.47139, 20.0975], [86.462219, 20.114719], [86.491112, 20.15777], [86.466042, 20.14599], [86.462776, 20.148331], [86.459999, 20.153891], [86.459999, 20.162222], [86.769173, 20.331112], [86.733887, 20.479166], [87.045189, 20.709484], [86.755699, 20.613344], [86.827766, 20.771669], [86.970276, 20.82333], [86.822502, 21.19389], [87.106949, 21.517735], [87.48111, 21.607779], [87.466057, 21.725191], [87.271561, 21.8034], [87.234848, 21.95438], [87.030243, 21.865311], [86.967056, 22.077751], [86.715446, 22.143492], [86.72097, 22.216841], [86.499947, 22.340952], [86.433357, 22.30154], [86.078346, 22.530411]]]]}}, {"type": "Feature", "properties": {"ID_0": 105, "ISO": "IND", "NAME_0": "India", "ID_1": 27, "NAME_1": "Puducherry", "NL_NAME_1": "", "VARNAME_1": "Pondicherry|Puduchcheri|Pondichry", "TYPE_1": "Union Territor", "ENGTYPE_1": "Union Territory", "filename": "", "filename_1": "", "filename_2": "", "filename_3": "", "filename_4": ""}, "geometry": {"type": "MultiPolygon", "coordinates": [[[[79.845413, 10.825691], [79.841248, 10.825141], [79.840141, 10.823751], [79.845413, 10.825691]]], [[[79.854576, 10.976022], [79.704231, 10.918871], [79.813339, 10.814081], [79.85125, 10.813771], [79.823753, 10.817921], [79.854576, 10.976022]]], [[[79.7369, 11.90717], [79.642342, 11.975811], [79.724899, 11.89151], [79.659073, 11.865669], [79.800415, 11.808399], [79.837639, 11.94055], [79.7369, 11.90717]]], [[[75.374603, 12.14908], [75.22113, 12.100951], [75.224922, 12.03195], [75.295975, 11.947916], [75.26458, 12.01931], [75.374603, 12.14908]]], [[[82.270142, 16.702362], [82.258751, 16.690111], [82.285393, 16.697639], [82.270142, 16.702362]]], [[[82.302826, 16.722839], [82.174637, 16.725109], [82.253448, 16.68972], [82.245697, 16.71681], [82.302826, 16.722839]]]]}}, {"type": "Feature", "properties": {"ID_0": 105, "ISO": "IND", "NAME_0": "India", "ID_1": 28, "NAME_1": "Punjab", "NL_NAME_1": "", "VARNAME_1": "", "TYPE_1": "State", "ENGTYPE_1": "State", "filename": "", "filename_1": "", "filename_2": "", "filename_3": "", "filename_4": ""}, "geometry": {"type": "Polygon", "coordinates": [[[75.932167, 32.416821], [75.872543, 32.576191], [75.498947, 32.27533], [75.472237, 32.34005], [75.325302, 32.342842], [75.363152, 32.23468], [75.239166, 32.087151], [74.914261, 32.06522], [74.599106, 31.885111], [74.517281, 31.722912], [74.5662, 31.500839], [74.642067, 31.459961], [74.504593, 31.13851], [74.694427, 31.09544], [74.558395, 31.067526], [73.873215, 30.383438], [73.968109, 30.184299], [73.891182, 29.97007], [74.639633, 29.90395], [74.801178, 29.992573], [74.989929, 29.856461], [75.084801, 29.91514], [75.090179, 29.806662], [75.182343, 29.838701], [75.23098, 29.752068], [75.157837, 29.66271], [75.22348, 29.546171], [75.444267, 29.80785], [75.568787, 29.74262], [75.771622, 29.82539], [76.041481, 29.748781], [76.242012, 29.869028], [76.16629, 29.928659], [76.254997, 30.10458], [76.203873, 30.158901], [76.322899, 30.108221], [76.410202, 30.20229], [76.452087, 30.10071], [76.601051, 30.080231], [76.638916, 30.20594], [76.547638, 30.264921], [76.715157, 30.332911], [76.757866, 30.43889], [76.927299, 30.388639], [76.862228, 30.679272], [76.690681, 30.74666], [76.846786, 30.792521], [76.610069, 31.00423], [76.625946, 31.227091], [76.431137, 31.282841], [76.363136, 31.441351], [76.296097, 31.319201], [76.172829, 31.30674], [75.894547, 31.9498], [75.578758, 32.08168], [75.661827, 32.164669], [75.622543, 32.23468], [75.932167, 32.416821]]]}}, {"type": "Feature", "properties": {"ID_0": 105, "ISO": "IND", "NAME_0": "India", "ID_1": 29, "NAME_1": "Rajasthan", "NL_NAME_1": "", "VARNAME_1": "Greater Rajasthan|Rajputana", "TYPE_1": "State", "ENGTYPE_1": "State", "filename": "", "filename_1": "", "filename_2": "", "filename_3": "", "filename_4": ""}, "geometry": {"type": "Polygon", "coordinates": [[[73.889442, 29.97761], [73.966316, 30.195049], [73.391373, 29.93787], [73.271317, 29.556961], [72.941719, 29.027201], [72.384697, 28.763941], [72.184425, 28.358006], [71.933258, 28.12686], [71.897377, 27.95742], [70.884171, 27.6984], [70.757668, 27.717209], [70.56263, 28.019802], [70.366165, 28.008249], [70.156952, 27.834049], [70.016266, 27.555996], [69.586662, 27.177984], [69.483734, 26.806231], [69.815361, 26.592157], [70.16774, 26.550743], [70.096077, 25.944317], [70.279617, 25.70126], [70.665962, 25.697229], [70.674171, 25.38932], [70.89431, 25.144058], [71.119278, 24.66865], [71.297737, 24.607641], [71.798988, 24.670521], [71.858391, 24.60417], [71.876472, 24.675159], [71.944191, 24.62678], [72.05249, 24.70579], [72.165398, 24.6145], [72.353783, 24.618101], [72.250999, 24.58016], [72.44249, 24.50425], [72.464676, 24.40712], [72.544579, 24.506851], [72.69725, 24.457211], [72.732536, 24.361271], [72.923912, 24.326323], [73.094383, 24.494728], [73.084961, 24.39447], [73.231476, 24.36466], [73.082687, 24.18498], [73.245827, 24.01071], [73.373466, 24.128139], [73.424683, 23.931061], [73.362648, 23.78743], [73.508537, 23.703331], [73.513489, 23.616812], [73.660736, 23.622902], [73.632751, 23.452393], [73.83213, 23.446751], [73.894272, 23.337139], [73.971031, 23.377138], [74.322777, 23.062691], [74.745697, 23.212111], [74.518303, 23.32873], [74.61338, 23.461361], [74.93972, 23.630371], [74.905678, 23.873911], [74.992989, 24.029701], [74.894287, 24.261681], [74.752808, 24.28266], [74.858131, 24.467333], [74.711937, 24.510941], [74.817108, 24.671671], [74.799316, 24.795641], [74.892853, 24.65535], [75.020233, 24.752768], [74.848892, 24.79266], [74.846352, 24.974291], [75.043388, 24.859228], [75.159126, 25.045471], [75.345589, 25.042801], [75.261452, 24.88966], [75.417099, 24.863901], [75.305733, 24.81333], [75.208191, 24.91], [75.216949, 24.72241], [75.838753, 24.72987], [75.908997, 24.456141], [75.79113, 24.475203], [75.726883, 24.405279], [75.826881, 24.24641], [75.743492, 24.139601], [75.833763, 24.07543], [75.700409, 23.969061], [75.514381, 24.048733], [75.456497, 23.92074], [75.582527, 23.80036], [75.684479, 23.760569], [75.702332, 23.904051], [75.777061, 23.85387], [75.975822, 23.93294], [75.960182, 24.02537], [76.134697, 24.095289], [76.185486, 24.331511], [76.215569, 24.216808], [76.469948, 24.2314], [76.531433, 24.163469], [76.692963, 24.285049], [76.701141, 24.17144], [76.89994, 24.131111], [76.944443, 24.206291], [76.81459, 24.53437], [76.912872, 24.54357], [76.965317, 24.460861], [77.064697, 24.56991], [77.026657, 24.71092], [76.801582, 24.819839], [76.948921, 24.872869], [76.854347, 25.010311], [77.398529, 25.113272], [77.361343, 25.41296], [77.282982, 25.42359], [77.205147, 25.31143], [76.770096, 25.312191], [76.564278, 25.442402], [76.482391, 25.71813], [76.592728, 25.874168], [76.745468, 25.909231], [77.124031, 26.237951], [77.812996, 26.55481], [77.894577, 26.66221], [78.085739, 26.68305], [78.099831, 26.797009], [78.179756, 26.79357], [78.262238, 26.923512], [78.114899, 26.954861], [78.022026, 26.86087], [77.75338, 26.937738], [77.497978, 26.84795], [77.493347, 26.766991], [77.448311, 26.74675], [77.42247, 26.86702], [77.736343, 26.98822], [77.755013, 27.02276], [77.498413, 27.09519], [77.672997, 27.200361], [77.614113, 27.34339], [77.431892, 27.399158], [77.335136, 27.530022], [77.295387, 27.799841], [77.038277, 27.820042], [77.079216, 27.738411], [76.902626, 27.65852], [76.961761, 28.144011], [76.899849, 28.204769], [76.805809, 28.215891], [76.538193, 27.970541], [76.538521, 28.03912], [76.453728, 28.049669], [76.470993, 28.154741], [76.288857, 28.182673], [76.3368, 28.029661], [76.177338, 28.059259], [76.154938, 27.998991], [76.223282, 27.840931], [75.963081, 27.864731], [75.923622, 27.93309], [76.035629, 28.07398], [75.936089, 28.093531], [76.092888, 28.155218], [75.922379, 28.36891], [75.770317, 28.407619], [75.55571, 28.614592], [75.467079, 28.92625], [75.511101, 29.01083], [75.361153, 29.14262], [75.395706, 29.26194], [75.078079, 29.23245], [74.841133, 29.40407], [74.595779, 29.328312], [74.529106, 29.449539], [74.614403, 29.527111], [74.6054, 29.75288], [74.465263, 29.78755], [74.553566, 29.865641], [74.519066, 29.94335], [73.889442, 29.97761]]]}}, {"type": "Feature", "properties": {"ID_0": 105, "ISO": "IND", "NAME_0": "India", "ID_1": 30, "NAME_1": "Sikkim", "NL_NAME_1": "", "VARNAME_1": "", "TYPE_1": "State", "ENGTYPE_1": "State", "filename": "", "filename_1": "", "filename_2": "", "filename_3": "", "filename_4": ""}, "geometry": {"type": "Polygon", "coordinates": [[[88.645256, 28.099121], [88.123909, 27.95092], [88.203926, 27.837315], [88.046333, 27.495766], [88.016968, 27.218872], [88.092667, 27.136278], [88.431946, 27.08161], [88.55899, 27.188751], [88.732536, 27.13735], [88.907272, 27.283541], [88.767067, 27.56496], [88.881386, 27.89253], [88.829056, 28.01516], [88.645256, 28.099121]]]}}, {"type": "Feature", "properties": {"ID_0": 105, "ISO": "IND", "NAME_0": "India", "ID_1": 31, "NAME_1": "Tamil Nadu", "NL_NAME_1": "", "VARNAME_1": "Madras|Tamilnad", "TYPE_1": "State", "ENGTYPE_1": "State", "filename": "", "filename_1": "", "filename_2": "", "filename_3": "", "filename_4": ""}, "geometry": {"type": "MultiPolygon", "coordinates": [[[[77.555969, 8.076805], [77.553467, 8.078751], [77.553192, 8.077361], [77.555969, 8.076805]]], [[[78.117363, 8.610141], [78.11042, 8.616531], [78.109863, 8.614583], [78.117363, 8.610141]]], [[[78.119858, 8.615141], [78.120407, 8.617921], [78.119026, 8.615417], [78.119858, 8.615141]]], [[[78.115677, 8.631532], [78.111252, 8.632362], [78.11792, 8.617361], [78.115677, 8.631532]]], [[[78.12764, 8.645141], [78.125969, 8.643195], [78.128197, 8.642917], [78.12764, 8.645141]]], [[[78.124031, 8.638194], [78.116531, 8.65457], [78.118752, 8.649583], [78.117081, 8.642361], [78.124031, 8.638194]]], [[[78.211525, 8.835417], [78.207642, 8.840693], [78.210136, 8.835417], [78.211525, 8.835417]]], [[[78.227081, 8.87125], [78.222916, 8.872362], [78.227356, 8.867361], [78.227081, 8.87125]]], [[[78.255417, 8.95542], [78.251808, 8.953194], [78.254585, 8.952918], [78.255417, 8.95542]]], [[[78.49514, 9.090694], [78.487923, 9.09014], [78.493195, 9.085694], [78.49514, 9.090694]]], [[[78.538193, 9.102917], [78.538193, 9.105973], [78.534859, 9.102361], [78.538193, 9.102917]]], [[[78.58625, 9.108749], [78.57653, 9.11042], [78.571808, 9.102081], [78.58625, 9.108749]]], [[[78.486809, 9.130971], [78.484863, 9.133473], [78.484581, 9.131251], [78.486809, 9.130971]]], [[[78.696526, 9.151251], [78.694305, 9.154861], [78.693192, 9.151239], [78.696526, 9.151251]]], [[[78.732086, 9.155421], [78.728752, 9.152361], [78.731804, 9.151251], [78.732086, 9.155421]]], [[[78.828476, 9.165418], [78.825417, 9.16624], [78.814857, 9.157922], [78.828476, 9.165418]]], [[[78.902641, 9.177917], [78.904861, 9.183473], [78.898476, 9.179307], [78.902641, 9.177917]]], [[[78.97097, 9.185973], [78.965416, 9.188471], [78.968483, 9.184031], [78.97097, 9.185973]]], [[[79.09153, 9.19597], [79.058197, 9.197079], [79.085136, 9.191806], [79.09153, 9.19597]]], [[[79.141251, 9.212917], [79.138748, 9.214029], [79.138466, 9.212361], [79.141251, 9.212917]]], [[[79.134857, 9.21653], [79.120956, 9.215971], [79.135971, 9.214861], [79.134857, 9.21653]]], [[[79.239304, 9.240973], [79.231247, 9.243752], [79.234581, 9.239581], [79.239304, 9.240973]]], [[[79.20153, 9.234031], [79.179306, 9.24653], [79.180969, 9.240141], [79.197906, 9.232363], [79.20153, 9.234031]]], [[[79.222076, 9.247079], [79.207642, 9.24931], [79.200966, 9.241251], [79.222076, 9.247079]]], [[[79.312363, 9.328472], [79.214584, 9.254028], [79.439857, 9.158195], [79.325974, 9.261805], [79.312363, 9.328472]]], [[[79.529305, 9.384028], [79.529305, 9.384197], [79.529137, 9.384028], [79.529305, 9.384028]]], [[[79.53009, 9.385958], [79.529984, 9.385694], [79.530136, 9.385694], [79.53009, 9.385958]]], [[[79.530136, 9.387084], [79.530418, 9.385972], [79.530418, 9.387084], [79.530136, 9.387084]]], [[[79.530136, 9.38875], [79.52993, 9.388636], [79.530136, 9.388317], [79.530136, 9.38875]]], [[[79.529709, 9.388955], [79.529861, 9.389021], [79.529678, 9.389115], [79.529709, 9.388955]]], [[[79.529305, 9.389304], [79.529587, 9.38916], [79.529587, 9.389311], [79.529305, 9.389304]]], [[[79.528946, 9.389603], [79.529305, 9.38986], [79.528648, 9.389853], [79.528946, 9.389603]]], [[[79.528648, 9.389853], [79.528748, 9.390141], [79.528358, 9.390138], [79.528648, 9.389853]]], [[[79.706802, 10.285141], [79.702919, 10.288195], [79.702362, 10.287083], [79.706802, 10.285141]]], [[[79.700966, 10.28931], [79.697083, 10.288751], [79.700691, 10.288191], [79.700966, 10.28931]]], [[[79.696251, 10.289583], [79.693466, 10.291249], [79.693466, 10.289581], [79.696251, 10.289583]]], [[[79.692917, 10.295418], [79.688751, 10.295694], [79.690414, 10.293471], [79.692917, 10.295418]]], [[[79.686806, 10.297084], [79.683472, 10.298196], [79.68486, 10.295418], [79.686806, 10.297084]]], [[[79.629303, 10.29903], [79.62014, 10.29903], [79.629303, 10.298191], [79.629303, 10.29903]]], [[[79.609024, 10.300972], [79.605972, 10.30264], [79.605698, 10.301528], [79.609024, 10.300972]]], [[[79.620697, 10.306531], [79.615974, 10.308195], [79.616249, 10.306531], [79.620697, 10.306531]]], [[[79.623474, 10.306529], [79.622093, 10.307921], [79.621246, 10.305416], [79.623474, 10.306529]]], [[[79.631531, 10.306807], [79.627914, 10.308195], [79.627914, 10.306807], [79.631531, 10.306807]]], [[[79.710693, 10.30736], [79.699028, 10.308195], [79.703751, 10.30375], [79.710693, 10.30736]]], [[[79.68264, 10.305416], [79.669861, 10.30736], [79.669586, 10.306531], [79.68264, 10.305416]]], [[[79.694031, 10.308195], [79.689308, 10.306807], [79.69236, 10.304306], [79.694031, 10.308195]]], [[[79.609863, 10.309305], [79.605423, 10.31015], [79.605141, 10.30625], [79.609863, 10.309305]]], [[[79.71653, 10.315141], [79.692909, 10.313751], [79.715973, 10.311531], [79.71653, 10.315141]]], [[[79.632919, 10.32986], [79.627907, 10.330421], [79.62764, 10.32597], [79.632919, 10.32986]]], [[[79.628754, 10.342083], [79.624863, 10.338751], [79.628197, 10.336811], [79.628754, 10.342083]]], [[[79.84153, 11.23514], [79.837349, 11.233191], [79.842087, 11.234021], [79.84153, 11.23514]]], [[[79.827919, 11.235696], [79.824577, 11.23681], [79.823753, 11.234583], [79.827919, 11.235696]]], [[[79.991531, 12.249581], [79.987358, 12.250141], [79.985138, 12.245141], [79.991531, 12.249581]]], [[[80.325142, 13.435973], [80.321251, 13.434861], [80.324852, 13.434312], [80.325142, 13.435973]]], [[[80.329033, 13.36653], [79.989677, 13.52676], [80.036041, 13.48448], [79.925507, 13.33594], [79.721291, 13.27224], [79.744377, 13.194911], [79.668533, 13.281931], [79.580261, 13.245371], [79.428879, 13.323562], [79.374603, 13.30304], [79.42379, 13.187461], [79.307938, 13.096911], [79.218323, 13.135551], [79.152702, 13.007293], [78.979591, 13.07651], [78.924637, 13.018641], [78.876038, 13.08616], [78.702446, 13.056151], [78.454781, 12.61202], [78.18985, 12.68131], [78.22065, 12.75259], [78.04673, 12.84237], [77.9814, 12.795641], [77.924286, 12.87784], [77.8256, 12.85899], [77.731407, 12.66398], [77.59034, 12.657541], [77.606339, 12.36026], [77.463501, 12.24404], [77.767006, 12.10914], [77.664711, 11.9397], [77.484398, 11.9324], [77.41925, 11.750671], [77.241737, 11.80246], [77.109299, 11.712801], [77.004433, 11.80302], [76.899689, 11.783272], [76.83728, 11.57448], [76.560066, 11.610121], [76.504211, 11.698041], [76.225746, 11.56444], [76.240097, 11.459641], [76.5382, 11.35159], [76.452721, 11.18021], [76.725578, 11.208891], [76.691177, 11.14451], [76.792473, 11.042373], [76.649162, 10.924152], [76.897507, 10.7708], [76.87262, 10.629432], [76.804993, 10.626341], [76.819672, 10.29524], [76.970787, 10.208651], [77.22216, 10.340301], [77.280449, 10.207252], [77.188141, 10.095652], [77.261421, 9.963721], [77.151871, 9.60602], [77.340897, 9.595051], [77.396233, 9.496542], [77.132179, 9.01185], [77.241501, 8.864782], [77.155319, 8.73756], [77.26516, 8.53745], [77.090698, 8.297361], [77.315971, 8.120972], [77.550972, 8.076526], [77.575691, 8.135695], [78.066803, 8.370416], [78.104858, 8.65153], [78.230133, 8.748751], [78.157364, 8.771528], [78.168747, 8.882082], [78.365417, 9.092082], [78.832642, 9.268761], [79.190697, 9.281809], [79.034302, 9.318471], [78.898178, 9.489032], [79.267365, 10.037916], [79.229027, 10.144311], [79.294861, 10.260695], [79.545143, 10.34792], [79.526527, 10.305416], [79.739029, 10.27736], [79.681808, 10.290139], [79.67347, 10.301533], [79.662361, 10.289041], [79.551247, 10.312359], [79.62986, 10.363195], [79.636528, 10.318191], [79.710419, 10.325151], [79.730141, 10.310971], [79.761253, 10.313195], [79.778473, 10.302362], [79.74292, 10.275138], [79.882919, 10.30236], [79.85125, 10.813771], [79.704231, 10.918871], [79.731903, 10.98704], [79.855141, 10.977641], [79.75708, 11.56375], [79.800697, 11.80764], [79.659073, 11.865669], [79.724899, 11.89151], [79.642342, 11.975811], [79.749649, 11.986131], [79.7369, 11.90717], [79.837639, 11.94055], [80.017082, 12.34042], [80.155983, 12.46681], [80.254028, 12.779031], [80.344856, 13.273191], [80.326248, 13.44264], [80.326248, 13.429861], [80.319313, 13.42375], [80.330696, 13.39292], [80.331528, 13.376529], [80.32708, 13.37014], [80.329033, 13.36653]]]]}}, {"type": "Feature", "properties": {"ID_0": 105, "ISO": "IND", "NAME_0": "India", "ID_1": 32, "NAME_1": "Tripura", "NL_NAME_1": "", "VARNAME_1": "", "TYPE_1": "State", "ENGTYPE_1": "State", "filename": "", "filename_1": "", "filename_2": "", "filename_3": "", "filename_4": ""}, "geometry": {"type": "Polygon", "coordinates": [[[92.185196, 24.522873], [92.119209, 24.38381], [91.920433, 24.335751], [91.902626, 24.137838], [91.743469, 24.247128], [91.7612, 24.141582], [91.667526, 24.2304], [91.596199, 24.08021], [91.375427, 24.107531], [91.378197, 23.976879], [91.283676, 23.983103], [91.224617, 23.740101], [91.160431, 23.739429], [91.356285, 23.095186], [91.421997, 23.05925], [91.419006, 23.280222], [91.618713, 22.944151], [91.835503, 23.09391], [91.770912, 23.26376], [91.975166, 23.482443], [91.962112, 23.727701], [92.072571, 23.64472], [92.179451, 23.743181], [92.224052, 23.65732], [92.321983, 23.86981], [92.329453, 24.191151], [92.212852, 24.24931], [92.273087, 24.388451], [92.185196, 24.522873]]]}}, {"type": "Feature", "properties": {"ID_0": 105, "ISO": "IND", "NAME_0": "India", "ID_1": 33, "NAME_1": "Uttar Pradesh", "NL_NAME_1": "", "VARNAME_1": "United Provinces", "TYPE_1": "State", "ENGTYPE_1": "State", "filename": "", "filename_1": "", "filename_2": "", "filename_3": "", "filename_4": ""}, "geometry": {"type": "Polygon", "coordinates": [[[77.584679, 30.408781], [77.414429, 30.10713], [77.189133, 29.922043], [77.085617, 29.6008], [77.194443, 28.802292], [77.323486, 28.715872], [77.295189, 28.561201], [77.541206, 28.247742], [77.468872, 28.086012], [77.536133, 27.949303], [77.27578, 27.806549], [77.311211, 27.611691], [77.431892, 27.399158], [77.614113, 27.34339], [77.672997, 27.200361], [77.514297, 27.070421], [77.755013, 27.02276], [77.42247, 26.86702], [77.428596, 26.770111], [77.75338, 26.937738], [78.022026, 26.86087], [78.215897, 26.953951], [78.209793, 26.83609], [78.351357, 26.874371], [78.565849, 26.75769], [78.715347, 26.800213], [78.993179, 26.68457], [78.979622, 26.57408], [79.126762, 26.444811], [79.126587, 26.316031], [78.942673, 26.139141], [79.003151, 26.081793], [78.861923, 25.799198], [78.746819, 25.74909], [78.805191, 25.624557], [78.429337, 25.56386], [78.295517, 25.3748], [78.442917, 25.128771], [78.327766, 25.08877], [78.327538, 24.999559], [78.163803, 24.8571], [78.268478, 24.667101], [78.216537, 24.531643], [78.360947, 24.38579], [78.342438, 24.305382], [78.406952, 24.27701], [78.505371, 24.39395], [78.791687, 24.180241], [78.966873, 24.353661], [78.881721, 24.6397], [78.749466, 24.60498], [78.78054, 24.814972], [78.622047, 24.964901], [78.568581, 25.25861], [78.427361, 25.288671], [78.652718, 25.444], [78.764381, 25.3584], [78.812912, 25.430428], [78.755066, 25.433851], [78.73175, 25.50065], [78.834267, 25.432461], [78.828323, 25.509981], [78.93074, 25.559721], [78.903229, 25.446938], [78.978508, 25.376013], [78.874748, 25.387659], [78.783249, 25.297611], [78.841751, 25.22916], [78.876518, 25.34446], [78.952858, 25.349871], [78.871841, 25.166], [78.995811, 25.195938], [79.004967, 25.27697], [79.021767, 25.14319], [79.084297, 25.19253], [79.129173, 25.110769], [79.303223, 25.133329], [79.294731, 25.340219], [79.352966, 25.265381], [79.367416, 25.294321], [79.490402, 25.27035], [79.399147, 25.113461], [79.489876, 25.08275], [79.565521, 25.177551], [79.855896, 25.098501], [79.847137, 25.2402], [80.255867, 25.428711], [80.423698, 25.174143], [80.278496, 25.021648], [80.606781, 25.07218], [80.587776, 25.1091], [80.594589, 25.155241], [80.673569, 25.054171], [80.77594, 25.061691], [80.699638, 25.13715], [80.827698, 25.11031], [80.878036, 25.195601], [80.8022, 24.94446], [81.076416, 24.952261], [81.132446, 24.892071], [81.212608, 24.934521], [81.269119, 25.16774], [81.483727, 25.07494], [81.566399, 25.195749], [81.604347, 25.060749], [81.898468, 25.009621], [81.959152, 24.83061], [82.195969, 24.82453], [82.172882, 24.739571], [82.24366, 24.775751], [82.29393, 24.613741], [82.409172, 24.59783], [82.432312, 24.706282], [82.762787, 24.64567], [82.800766, 24.552681], [82.712532, 24.556219], [82.707161, 24.38518], [82.764137, 24.292431], [82.663528, 24.12393], [82.93882, 23.87587], [83.189568, 23.921101], [83.451393, 24.36475], [83.393013, 24.50119], [83.541718, 24.624559], [83.353996, 24.870611], [83.335861, 25.183571], [83.838371, 25.43689], [84.094391, 25.720381], [84.285576, 25.66153], [84.331291, 25.744572], [84.488388, 25.677851], [84.6306, 25.72834], [84.528641, 25.877741], [84.166229, 25.991501], [84.003021, 26.17823], [84.01152, 26.240683], [84.159348, 26.245901], [84.171356, 26.37398], [83.902283, 26.450251], [83.902206, 26.51808], [84.04776, 26.543489], [84.081779, 26.64286], [84.414398, 26.627171], [84.233986, 26.739531], [84.241096, 26.862431], [84.052002, 26.891701], [83.916687, 27.325331], [83.616737, 27.469423], [83.39093, 27.47949], [83.319603, 27.329988], [83.190216, 27.454016], [82.737007, 27.503101], [82.709915, 27.721699], [82.450714, 27.678616], [82.069717, 27.923416], [81.886848, 27.857159], [81.445709, 28.16214], [81.319786, 28.133419], [81.212418, 28.360516], [80.570419, 28.687803], [80.505188, 28.665226], [80.519341, 28.551723], [80.119804, 28.82873], [79.967827, 28.71562], [79.85405, 28.84429], [79.783363, 28.80542], [79.774467, 28.89183], [79.411217, 28.855881], [79.359673, 28.97048], [79.158279, 29.022879], [79.130806, 29.12936], [78.900406, 29.15062], [78.852623, 29.261311], [78.71386, 29.31735], [78.922928, 29.456181], [78.605247, 29.561798], [78.412567, 29.772421], [78.331741, 29.796181], [77.988022, 29.54586], [77.951981, 29.70537], [77.792519, 29.681921], [77.702019, 29.87178], [77.93148, 30.24696], [77.584679, 30.408781]]]}}, {"type": "Feature", "properties": {"ID_0": 105, "ISO": "IND", "NAME_0": "India", "ID_1": 34, "NAME_1": "Uttaranchal", "NL_NAME_1": "", "VARNAME_1": "Uttarakhand", "TYPE_1": "State", "ENGTYPE_1": "State", "filename": "", "filename_1": "", "filename_2": "", "filename_3": "", "filename_4": ""}, "geometry": {"type": "Polygon", "coordinates": [[[79.413086, 31.037552], [79.045197, 31.468121], [78.923103, 31.32539], [78.996696, 31.11759], [78.942116, 31.105028], [78.795036, 31.20504], [78.470108, 31.203751], [78.356323, 31.290871], [77.887489, 31.154701], [77.688286, 30.768669], [77.810646, 30.53318], [77.562881, 30.41708], [77.93148, 30.24696], [77.702019, 29.87178], [77.792519, 29.681921], [77.951981, 29.70537], [77.988022, 29.54586], [78.331741, 29.796181], [78.473579, 29.74847], [78.605247, 29.561798], [78.922928, 29.456181], [78.71386, 29.31735], [78.852623, 29.261311], [78.900406, 29.15062], [79.130806, 29.12936], [79.158279, 29.022879], [79.359673, 28.97048], [79.411217, 28.855881], [79.774467, 28.89183], [79.783363, 28.80542], [79.85405, 28.84429], [79.988258, 28.717018], [80.146027, 29.103001], [80.299004, 29.20503], [80.24482, 29.444506], [80.409492, 29.594919], [80.36972, 29.750616], [81.019608, 30.252953], [80.58419, 30.487223], [80.215736, 30.579041], [80.223839, 30.764099], [79.854927, 30.97891], [79.587242, 30.94309], [79.413086, 31.037552]]]}}, {"type": "Feature", "properties": {"ID_0": 105, "ISO": "IND", "NAME_0": "India", "ID_1": 35, "NAME_1": "West Bengal", "NL_NAME_1": "", "VARNAME_1": "Bangla|Bengala Occidentale|Bengala Ocidental|Bengale occidental", "TYPE_1": "State", "ENGTYPE_1": "State", "filename": "", "filename_1": "", "filename_2": "", "filename_3": "", "filename_4": ""}, "geometry": {"type": "MultiPolygon", "coordinates": [[[[88.020546, 21.566669], [88.01667, 21.58028], [88.015831, 21.581671], [88.01667, 21.572208], [88.020546, 21.566669]]], [[[88.53389, 21.57806], [88.481705, 21.554726], [88.531387, 21.5425], [88.53389, 21.57806]]], [[[88.188889, 21.58194], [88.167778, 21.591665], [88.186668, 21.559999], [88.188889, 21.58194]]], [[[88.876114, 21.592222], [88.842781, 21.553888], [88.90361, 21.555834], [88.876114, 21.592222]]], [[[88.73558, 21.611052], [88.707207, 21.594221], [88.735832, 21.571672], [88.746948, 21.577499], [88.748138, 21.590952], [88.757187, 21.59898], [88.73558, 21.611052]]], [[[88.587502, 21.601942], [88.510002, 21.602221], [88.550003, 21.56361], [88.587502, 21.601942]]], [[[88.89389, 21.649166], [88.889999, 21.65447], [88.889008, 21.654573], [88.89389, 21.649166]]], [[[88.798058, 21.591665], [88.729568, 21.63995], [88.75824, 21.600039], [88.751945, 21.576666], [88.798058, 21.591665]]], [[[88.965767, 21.641535], [88.962021, 21.64868], [88.961617, 21.664192], [88.955208, 21.677092], [88.955917, 21.617567], [88.9925, 21.616667], [88.965767, 21.641535]]], [[[88.63028, 21.649166], [88.639442, 21.668056], [88.640396, 21.678574], [88.63028, 21.649166]]], [[[88.585831, 21.658054], [88.567528, 21.69047], [88.570808, 21.666], [88.553978, 21.63953], [88.602219, 21.620558], [88.605713, 21.624401], [88.585831, 21.658054]]], [[[88.606339, 21.679977], [88.587791, 21.701441], [88.591942, 21.690559], [88.580391, 21.682995], [88.588547, 21.657331], [88.606339, 21.679977]]], [[[88.984489, 21.705688], [88.96402, 21.645741], [89.028763, 21.604822], [88.987907, 21.652981], [88.984489, 21.705688]]], [[[88.796944, 21.655277], [88.758331, 21.682501], [88.730553, 21.684721], [88.796944, 21.655277]]], [[[88.35807, 21.647501], [88.300369, 21.704029], [88.315796, 21.677591], [88.315277, 21.608055], [88.35807, 21.647501]]], [[[88.470688, 21.672991], [88.418556, 21.68257], [88.44223, 21.615], [88.470688, 21.672991]]], [[[88.707428, 21.68119], [88.687042, 21.683331], [88.722893, 21.63862], [88.751373, 21.64872], [88.707428, 21.68119]]], [[[88.195557, 21.681944], [88.181389, 21.68611], [88.211945, 21.601667], [88.21167, 21.620831], [88.231667, 21.64361], [88.195557, 21.681944]]], [[[89.059204, 21.721804], [89.009796, 21.70487], [89.022003, 21.70038], [89.024727, 21.69486], [89.028488, 21.635319], [89.05159, 21.617531], [89.059204, 21.721804]]], [[[88.999725, 21.715279], [88.99276, 21.700001], [88.990074, 21.654121], [89.007759, 21.652222], [89.00779, 21.70713], [89.020523, 21.713551], [88.999725, 21.715279]]], [[[88.54567, 21.73613], [88.517242, 21.71084], [88.550919, 21.63649], [88.543015, 21.723913], [88.590698, 21.690628], [88.54567, 21.73613]]], [[[88.195869, 21.730068], [88.199997, 21.728889], [88.201378, 21.73667], [88.195869, 21.730068]]], [[[88.92083, 21.632221], [88.881386, 21.744438], [88.880547, 21.742781], [88.872498, 21.720556], [88.873055, 21.694445], [88.92083, 21.632221]]], [[[88.412338, 21.73126], [88.368637, 21.727341], [88.403542, 21.716673], [88.398613, 21.595556], [88.412338, 21.73126]]], [[[88.220909, 21.76215], [88.197777, 21.689169], [88.23333, 21.668056], [88.234734, 21.635378], [88.216393, 21.616388], [88.291664, 21.563053], [88.31028, 21.67639], [88.220909, 21.76215]]], [[[88.968895, 21.739199], [88.922783, 21.719707], [88.98333, 21.705832], [88.969444, 21.722778], [88.98748, 21.74472], [88.968895, 21.739199]]], [[[88.370827, 21.760818], [88.342789, 21.754391], [88.348892, 21.725554], [88.337509, 21.71077], [88.360558, 21.68639], [88.398056, 21.713333], [88.36528, 21.722219], [88.359673, 21.73488], [88.360237, 21.747351], [88.370827, 21.760818]]], [[[89.05928, 21.72592], [89.001572, 21.750021], [89.016373, 21.732443], [89.01741, 21.717779], [89.05928, 21.72592]]], [[[88.86528, 21.758612], [88.762512, 21.70137], [88.845833, 21.620001], [88.86528, 21.758612]]], [[[88.386696, 21.740679], [88.361519, 21.74766], [88.362396, 21.732327], [88.386696, 21.740679]]], [[[88.202217, 21.761391], [88.193886, 21.76333], [88.196388, 21.7575], [88.202217, 21.761391]]], [[[88.280563, 21.76722], [88.281944, 21.768612], [88.279167, 21.769722], [88.280563, 21.76722]]], [[[88.585609, 21.753891], [88.57972, 21.72584], [88.616371, 21.727627], [88.585609, 21.753891]]], [[[88.27803, 21.72817], [88.302887, 21.75556], [88.28891, 21.778484], [88.27803, 21.72817]]], [[[88.501015, 21.781832], [88.506935, 21.7875], [88.506386, 21.788334], [88.501015, 21.781832]]], [[[89.011581, 21.780228], [88.951111, 21.757778], [88.987877, 21.746649], [89.00428, 21.716072], [89.015396, 21.725651], [89.001396, 21.745951], [88.996666, 21.765833], [88.997696, 21.771391], [89.011581, 21.780228]]], [[[88.630836, 21.7425], [88.58625, 21.756598], [88.623055, 21.736666], [88.608887, 21.708055], [88.630836, 21.7425]]], [[[88.287392, 21.78443], [88.263626, 21.79236], [88.283333, 21.769444], [88.287392, 21.78443]]], [[[88.179169, 21.790001], [88.18528, 21.790554], [88.180832, 21.795834], [88.179169, 21.790001]]], [[[88.467216, 21.737221], [88.423363, 21.767725], [88.433136, 21.704481], [88.467216, 21.737221]]], [[[88.728058, 21.777779], [88.695, 21.743891], [88.711113, 21.69018], [88.748047, 21.658331], [88.754997, 21.66564], [88.730774, 21.682032], [88.729294, 21.686756], [88.762756, 21.69293], [88.758614, 21.709723], [88.746262, 21.70619], [88.735863, 21.719292], [88.776657, 21.721109], [88.752769, 21.731579], [88.752228, 21.74861], [88.759262, 21.759218], [88.728058, 21.777779]]], [[[88.174149, 21.799721], [88.165268, 21.80028], [88.169167, 21.79056], [88.174149, 21.799721]]], [[[88.544571, 21.81032], [88.504173, 21.770828], [88.519447, 21.719166], [88.541718, 21.737679], [88.572502, 21.735556], [88.544571, 21.81032]]], [[[88.429634, 21.799587], [88.38266, 21.7791], [88.42276, 21.71982], [88.42086, 21.767231], [88.442688, 21.79965], [88.429634, 21.799587]]], [[[88.999573, 21.81167], [88.990181, 21.790039], [89.012787, 21.7798], [88.99881, 21.766941], [89.023735, 21.75905], [88.999573, 21.81167]]], [[[88.746109, 21.772223], [88.750633, 21.814215], [88.728333, 21.779722], [88.746109, 21.772223]]], [[[88.830276, 21.766665], [88.821671, 21.822901], [88.790833, 21.75001], [88.830276, 21.766665]]], [[[88.787498, 21.745001], [88.79583, 21.787222], [88.787262, 21.795797], [88.793556, 21.80974], [88.782104, 21.825193], [88.787498, 21.745001]]], [[[88.915833, 21.825834], [88.883057, 21.808058], [88.906937, 21.79417], [88.897781, 21.751944], [88.915833, 21.825834]]], [[[88.185478, 21.82065], [88.17778, 21.824718], [88.185555, 21.819164], [88.185478, 21.82065]]], [[[88.56028, 21.827499], [88.555779, 21.825769], [88.556641, 21.824024], [88.56028, 21.827499]]], [[[88.496086, 21.807781], [88.450333, 21.81513], [88.45314, 21.80566], [88.496086, 21.807781]]], [[[88.953903, 21.825293], [88.932777, 21.836945], [88.924446, 21.835833], [88.938889, 21.816668], [88.914169, 21.75556], [88.958885, 21.770834], [88.940422, 21.782366], [88.940277, 21.793055], [88.976669, 21.820557], [88.953903, 21.825293]]], [[[88.61805, 21.829245], [88.576042, 21.817034], [88.614166, 21.798059], [88.607224, 21.815832], [88.61805, 21.829245]]], [[[88.527496, 21.84333], [88.515831, 21.839445], [88.52417, 21.835001], [88.527496, 21.84333]]], [[[88.536491, 21.853718], [88.540794, 21.855062], [88.541618, 21.85738], [88.536491, 21.853718]]], [[[88.352722, 21.854242], [88.307022, 21.829691], [88.259773, 21.804207], [88.31086, 21.795635], [88.317101, 21.70891], [88.345001, 21.721666], [88.340279, 21.740477], [88.342934, 21.759588], [88.379967, 21.78727], [88.360817, 21.796831], [88.350372, 21.826401], [88.352722, 21.854242]]], [[[88.855278, 21.858061], [88.834999, 21.781668], [88.91333, 21.727779], [88.891388, 21.753611], [88.898056, 21.77861], [88.882233, 21.797218], [88.875, 21.845554], [88.87722, 21.851669], [88.857498, 21.855556], [88.855278, 21.858061]]], [[[88.581139, 21.872528], [88.5858, 21.873993], [88.584686, 21.876591], [88.581139, 21.872528]]], [[[88.136948, 21.875], [88.036667, 21.675001], [88.109169, 21.625834], [88.170662, 21.742401], [88.136948, 21.875]]], [[[88.792503, 21.87389], [88.776947, 21.866953], [88.782211, 21.85972], [88.765831, 21.82889], [88.784157, 21.826111], [88.789719, 21.82139], [88.794441, 21.812502], [88.795563, 21.80167], [88.788887, 21.79583], [88.794998, 21.791389], [88.82972, 21.862221], [88.787781, 21.863611], [88.785835, 21.865278], [88.78611, 21.868332], [88.792503, 21.87389]]], [[[88.979057, 21.89349], [88.976639, 21.80509], [88.942787, 21.786501], [88.970497, 21.775091], [88.994156, 21.814173], [89.029991, 21.83453], [88.979057, 21.89349]]], [[[88.621666, 21.897779], [88.594719, 21.854445], [88.621109, 21.83139], [88.638893, 21.784718], [88.621666, 21.897779]]], [[[88.136017, 21.89447], [88.13781, 21.896151], [88.138596, 21.8981], [88.136017, 21.89447]]], [[[88.829437, 21.864717], [88.811386, 21.896389], [88.809166, 21.883329], [88.800278, 21.870556], [88.829437, 21.864717]]], [[[88.56234, 21.897461], [88.541161, 21.902561], [88.548866, 21.892208], [88.550262, 21.880959], [88.542503, 21.85556], [88.530556, 21.849169], [88.551033, 21.817291], [88.56234, 21.897461]]], [[[88.425125, 21.903603], [88.422775, 21.906111], [88.4207, 21.903877], [88.425125, 21.903603]]], [[[88.44648, 21.904921], [88.392517, 21.832602], [88.461456, 21.78981], [88.448067, 21.815283], [88.49015, 21.85638], [88.44648, 21.904921]]], [[[88.718056, 21.907223], [88.696663, 21.838055], [88.728058, 21.8375], [88.707497, 21.81139], [88.751663, 21.815283], [88.757767, 21.781111], [88.768608, 21.852501], [88.780563, 21.85944], [88.718056, 21.907223]]], [[[88.109299, 21.883881], [88.105278, 21.897511], [88.112778, 21.910555], [88.104446, 21.897779], [88.109299, 21.883881]]], [[[88.49028, 21.889444], [88.488609, 21.91028], [88.476936, 21.898331], [88.49028, 21.889444]]], [[[88.445679, 21.90613], [88.456474, 21.913815], [88.442261, 21.90877], [88.445679, 21.90613]]], [[[88.667503, 21.911671], [88.623383, 21.901409], [88.634453, 21.87056], [88.667503, 21.911671]]], [[[88.144623, 21.91526], [88.116112, 21.91832], [88.129448, 21.89889], [88.144623, 21.91526]]], [[[88.976669, 21.8675], [88.819618, 21.9282], [88.878052, 21.853889], [88.888046, 21.812222], [88.906937, 21.878889], [88.976669, 21.8675]]], [[[88.736115, 21.918056], [88.718887, 21.909166], [88.776108, 21.86972], [88.808052, 21.884443], [88.799446, 21.919722], [88.736115, 21.918056]]], [[[88.171402, 21.932219], [88.159721, 21.92861], [88.165268, 21.916111], [88.171402, 21.932219]]], [[[88.75071, 21.954851], [88.73333, 21.924721], [88.799393, 21.925928], [88.75071, 21.954851]]], [[[88.752777, 21.988333], [88.758293, 22.00712], [88.742836, 21.9834], [88.752777, 21.988333]]], [[[88.715782, 22.000641], [88.628647, 21.958031], [88.678154, 21.942867], [88.715782, 22.000641]]], [[[88.141388, 22.02639], [88.073326, 21.995281], [88.047226, 21.911671], [88.087502, 21.932779], [88.141388, 22.02639]]], [[[88.902496, 22.011669], [88.752502, 21.956112], [88.907272, 21.929537], [88.902496, 22.011669]]], [[[88.733391, 22.0436], [88.730934, 22.043598], [88.733986, 22.042261], [88.733391, 22.0436]]], [[[88.775658, 22.049723], [88.761673, 22.021391], [88.791046, 22.029371], [88.778908, 22.037184], [88.775658, 22.049723]]], [[[88.902786, 22.045334], [88.886398, 22.057774], [88.892044, 22.049337], [88.890213, 22.045843], [88.851982, 22.041231], [88.902786, 22.045334]]], [[[88.029167, 22.058889], [88.029442, 22.062498], [88.027496, 22.061947], [88.029167, 22.058889]]], [[[89.016197, 22.05092], [88.974472, 21.993643], [89.032501, 22.002083], [89.059761, 21.931971], [89.016197, 22.05092]]], [[[88.629448, 22.052502], [88.632225, 22.061668], [88.628609, 22.061951], [88.629448, 22.052502]]], [[[88.831429, 22.050241], [88.780159, 22.037832], [88.832207, 22.02717], [88.831429, 22.050241]]], [[[88.83596, 22.02545], [88.852921, 22.078753], [88.834381, 22.06389], [88.82, 22.064173], [88.845551, 22.06167], [88.83596, 22.02545]]], [[[88.688965, 22.081112], [88.690361, 22.081072], [88.688995, 22.081903], [88.688965, 22.081112]]], [[[88.870964, 22.064358], [88.897217, 22.089151], [88.881401, 22.083942], [88.870209, 22.086901], [88.870964, 22.064358]]], [[[88.703987, 22.088303], [88.692032, 22.08552], [88.692886, 22.078077], [88.703987, 22.088303]]], [[[88.803467, 22.085274], [88.783752, 22.106943], [88.748428, 22.057423], [88.836212, 22.066339], [88.803467, 22.085274]]], [[[88.845726, 22.119421], [88.805901, 22.084753], [88.8675, 22.082502], [88.838448, 22.090193], [88.845726, 22.119421]]], [[[88.729851, 22.123449], [88.735519, 22.123619], [88.736275, 22.128777], [88.729851, 22.123449]]], [[[88.915749, 22.0903], [88.848846, 22.168888], [88.860245, 22.142448], [88.830696, 22.127081], [88.915749, 22.0903]]], [[[88.984917, 22.127123], [88.919716, 22.161112], [88.893936, 22.169699], [88.940346, 22.127977], [88.901436, 22.065283], [88.91272, 21.99436], [89.012573, 21.901995], [89.013527, 21.979107], [88.972496, 21.987791], [88.977097, 22.038393], [88.961464, 22.048998], [88.960136, 22.05201], [88.963638, 22.056992], [88.923943, 22.024202], [88.984917, 22.127123]]], [[[89.022217, 22.148611], [88.972687, 22.193438], [88.996941, 22.138027], [88.977913, 22.039923], [89.050476, 22.130632], [89.022217, 22.148611]]], [[[88.69519, 22.208612], [88.634186, 22.106211], [88.721046, 22.005301], [88.683052, 22.080832], [88.738052, 22.134541], [88.789169, 22.169449], [88.69519, 22.208612]]], [[[88.844749, 22.189192], [88.838867, 22.193602], [88.835472, 22.206736], [88.828056, 22.20804], [88.840508, 22.17494], [88.838272, 22.167032], [88.70472, 22.065001], [88.739166, 22.056992], [88.777641, 22.111221], [88.855888, 22.144453], [88.8433, 22.167179], [88.860489, 22.203295], [88.853241, 22.204332], [88.85025, 22.1922], [88.844749, 22.189192]]], [[[87.993889, 22.215563], [87.991943, 22.212778], [87.996666, 22.212778], [87.993889, 22.215563]]], [[[88.961586, 22.19721], [88.908066, 22.19631], [88.93148, 22.177011], [88.961586, 22.19721]]], [[[88.812599, 22.283392], [88.747246, 22.198629], [88.834053, 22.166853], [88.827499, 22.194986], [88.81823, 22.195589], [88.805542, 22.208353], [88.79847, 22.225973], [88.812599, 22.283392]]], [[[88.849861, 22.362917], [88.80056, 22.225842], [88.819489, 22.19636], [88.825462, 22.1984], [88.824615, 22.204336], [88.829903, 22.210131], [88.881081, 22.200165], [88.882278, 22.211599], [88.849464, 22.209789], [88.841949, 22.21174], [88.839432, 22.215527], [88.841721, 22.221262], [88.853531, 22.233849], [88.858353, 22.244444], [88.875839, 22.252804], [88.91861, 22.16535], [88.904488, 22.197243], [88.913887, 22.216108], [88.900337, 22.222853], [88.885658, 22.236214], [88.887238, 22.26491], [88.864861, 22.270151], [88.84333, 22.289721], [88.887611, 22.265932], [88.913872, 22.219904], [88.936928, 22.299112], [88.849861, 22.362917]]], [[[88.984756, 22.382433], [88.967361, 22.40769], [88.974167, 22.395002], [88.94722, 22.25556], [89.062187, 22.128429], [88.984756, 22.382433]]], [[[87.932777, 22.40889], [87.937233, 22.40361], [87.933334, 22.409721], [87.932777, 22.40889]]], [[[88.880577, 22.403212], [88.860832, 22.370832], [88.898613, 22.336674], [88.874847, 22.386831], [88.880577, 22.403212]]], [[[88.86972, 22.410002], [88.871948, 22.405277], [88.874443, 22.405556], [88.86972, 22.410002]]], [[[88.917221, 22.423613], [88.917191, 22.429029], [88.91143, 22.423697], [88.917221, 22.423613]]], [[[87.919212, 22.42911], [87.923378, 22.427912], [87.919357, 22.42952], [87.919212, 22.42911]]], [[[87.912781, 22.43111], [87.908058, 22.430832], [87.91832, 22.43], [87.912781, 22.43111]]], [[[88.858612, 22.462227], [88.856941, 22.472502], [88.85611, 22.458891], [88.858612, 22.462227]]], [[[88.809837, 22.481194], [88.800804, 22.461119], [88.80397, 22.444452], [88.819229, 22.432253], [88.834831, 22.433804], [88.821686, 22.43479], [88.827301, 22.44677], [88.812347, 22.45418], [88.809837, 22.481194]]], [[[88.892326, 22.465353], [88.868958, 22.540474], [88.867851, 22.522291], [88.856667, 22.509974], [88.843613, 22.5068], [88.860237, 22.500257], [88.867737, 22.487867], [88.856125, 22.422781], [88.882187, 22.403637], [88.876602, 22.386917], [88.898056, 22.366667], [88.888046, 22.378332], [88.921669, 22.40139], [88.902779, 22.414724], [88.892326, 22.465353]]], [[[88.936272, 22.561335], [88.930008, 22.563128], [88.933609, 22.557783], [88.936272, 22.561335]]], [[[88.920166, 22.565306], [88.93, 22.39028], [88.896431, 22.379829], [88.941948, 22.309881], [88.953476, 22.365532], [88.94474, 22.37042], [88.934151, 22.395863], [88.939445, 22.41901], [88.957779, 22.364721], [88.964165, 22.409166], [88.998611, 22.430292], [88.920166, 22.565306]]], [[[88.93605, 22.621571], [88.93457, 22.621492], [88.936508, 22.619137], [88.93605, 22.621571]]], [[[88.675972, 24.3155], [88.675102, 24.315378], [88.67482, 24.314569], [88.675972, 24.3155]]], [[[88.126907, 27.123081], [88.016968, 27.218872], [87.994171, 27.105207], [88.137482, 26.985268], [88.190498, 26.771412], [88.105049, 26.535849], [88.231201, 26.551983], [88.179039, 26.49058], [88.291916, 26.35391], [87.842117, 26.044481], [87.803581, 25.920721], [88.04863, 25.690571], [88.072853, 25.503901], [87.92411, 25.535648], [87.75975, 25.410089], [87.856522, 25.277773], [87.772667, 25.099098], [87.973343, 24.896482], [87.818062, 24.765982], [87.900833, 24.7216], [87.909973, 24.593868], [87.769409, 24.58176], [87.81002, 24.40662], [87.635712, 24.242531], [87.692482, 24.15447], [87.493599, 24.11521], [87.45797, 23.981421], [87.237976, 24.04122], [87.294548, 23.898571], [87.242729, 23.82616], [86.792839, 23.831381], [86.792038, 23.68737], [86.43988, 23.62961], [86.300003, 23.420061], [86.037376, 23.58346], [86.047226, 23.493643], [85.866028, 23.47023], [85.826363, 23.263121], [85.914993, 23.12953], [86.036926, 23.14361], [86.206429, 22.99407], [86.540283, 22.98723], [86.432823, 22.923403], [86.416153, 22.776508], [86.617867, 22.673389], [86.651703, 22.57579], [86.759941, 22.57243], [86.76226, 22.425232], [86.88623, 22.294121], [86.715446, 22.143492], [87.017616, 22.041281], [87.030243, 21.865311], [87.234848, 21.95438], [87.262421, 21.81386], [87.443672, 21.760889], [87.482033, 21.608704], [87.929169, 21.800556], [88.053055, 22.010279], [87.963356, 22.103477], [87.991943, 22.102501], [88.031944, 22.063887], [88.062233, 22.01306], [88.188889, 22.099167], [88.135559, 22.184723], [88.008614, 22.201389], [87.981407, 22.215851], [87.940002, 22.260279], [87.942223, 22.366388], [87.929726, 22.40361], [87.89389, 22.424166], [87.880836, 22.438055], [87.883766, 22.441589], [87.923332, 22.434999], [87.946388, 22.406111], [87.984863, 22.245701], [88.049156, 22.220001], [88.105003, 22.304699], [88.069725, 22.211945], [88.203056, 22.166941], [88.223892, 22.075275], [88.16333, 21.879444], [88.272003, 21.73048], [88.282738, 21.757582], [88.270866, 21.76466], [88.25457, 21.782921], [88.251663, 21.801943], [88.281937, 21.761101], [88.263626, 21.788], [88.258362, 21.80077], [88.258972, 21.807621], [88.313828, 21.846607], [88.258904, 21.858807], [88.255714, 21.863352], [88.254898, 21.87134], [88.266388, 21.883612], [88.35318, 21.856924], [88.356453, 21.924311], [88.390671, 21.798981], [88.382797, 21.900681], [88.38575, 21.906651], [88.406364, 21.919785], [88.392845, 21.936871], [88.398056, 21.952221], [88.374443, 21.962818], [88.37278, 21.96666], [88.375816, 21.969721], [88.39431, 21.970661], [88.407776, 21.919493], [88.384743, 21.899153], [88.408669, 21.88533], [88.419724, 21.906551], [88.458481, 21.91884], [88.451485, 21.942026], [88.468925, 21.95797], [88.445328, 21.964155], [88.441628, 21.99106], [88.450401, 22.009161], [88.460892, 22.01158], [88.44593, 21.96596], [88.470207, 21.9589], [88.473557, 21.895342], [88.483238, 21.90996], [88.52066, 21.915396], [88.521828, 21.939011], [88.495346, 21.955084], [88.491188, 21.960461], [88.49157, 21.96689], [88.50016, 21.978573], [88.51757, 21.988728], [88.524811, 21.9891], [88.537178, 21.98003], [88.54142, 21.98171], [88.554619, 22.035709], [88.54332, 21.981995], [88.537025, 21.978806], [88.519119, 21.988243], [88.493698, 21.967052], [88.521721, 21.94268], [88.525536, 21.929441], [88.521774, 21.913742], [88.494263, 21.879091], [88.528053, 21.853056], [88.540558, 21.90387], [88.570541, 21.903608], [88.548668, 21.922279], [88.540886, 21.960213], [88.542633, 21.970631], [88.546249, 21.97349], [88.606667, 21.913057], [88.572746, 22.1891], [88.619286, 22.108841], [88.672462, 22.201199], [88.639343, 22.20812], [88.630913, 22.22205], [88.666122, 22.339041], [88.63504, 22.2164], [88.665627, 22.217451], [88.701958, 22.209442], [88.733612, 22.195555], [88.818886, 22.363611], [88.849236, 22.364542], [88.876289, 22.35531], [88.689255, 22.52405], [88.672226, 22.54944], [88.677406, 22.593498], [88.690666, 22.524412], [88.766388, 22.560835], [88.852448, 22.432833], [88.842812, 22.507874], [88.868889, 22.545835], [88.896385, 22.563334], [88.937607, 22.569933], [88.95771, 22.610781], [88.932556, 22.618744], [88.910278, 22.675001], [88.901848, 22.676554], [88.885948, 22.666697], [88.863785, 22.663748], [88.857224, 22.6775], [88.861282, 22.694195], [88.847954, 22.691109], [88.847015, 22.706686], [88.809013, 22.709463], [88.805771, 22.7332], [88.947281, 22.659851], [88.967529, 22.842628], [88.846733, 23.002432], [88.994698, 23.21236], [88.72036, 23.252663], [88.798508, 23.49489], [88.561676, 23.642071], [88.575981, 23.859751], [88.770988, 23.984781], [88.694687, 24.1134], [88.734688, 24.27524], [88.333008, 24.38319], [88.010567, 24.66666], [88.175606, 24.860983], [88.139687, 24.936129], [88.227966, 24.959431], [88.32515, 24.865891], [88.401497, 24.94569], [88.445847, 25.196289], [88.923027, 25.16713], [89.011253, 25.292381], [88.843658, 25.36241], [88.810387, 25.519751], [88.542923, 25.50662], [88.269928, 25.80814], [88.117142, 25.796659], [88.086761, 25.9125], [88.187111, 26.024061], [88.180443, 26.145693], [88.524826, 26.359838], [88.483246, 26.461109], [88.334366, 26.47868], [88.377541, 26.59351], [88.415352, 26.634123], [88.43541, 26.54682], [88.620697, 26.471069], [88.846786, 26.23427], [88.888351, 26.291571], [89.069702, 26.255333], [88.919891, 26.36994], [88.96434, 26.463133], [89.093536, 26.399233], [89.167236, 26.133841], [89.554497, 25.964621], [89.652351, 26.062231], [89.596657, 26.100891], [89.637581, 26.227678], [89.687073, 26.159033], [89.733757, 26.17337], [89.715683, 26.301981], [89.869499, 26.44842], [89.856941, 26.703781], [89.632179, 26.71925], [89.644737, 26.780945], [89.377167, 26.866291], [89.131073, 26.808069], [89.024918, 26.940271], [88.874985, 26.951546], [88.869919, 27.108721], [88.800049, 27.13682], [88.591476, 27.19446], [88.431946, 27.08161], [88.126907, 27.123081]]]]}}]}