{"type":"FeatureCollection","features":[{"type":"Feature","properties":{"name":"India"},"geometry":{"type":"MultiPolygon","coordinates":[[[[92.51583099365251,10.8976411819458],[92.49250030517607,10.889170646667424],[92.47944641113287,10.871390342712402],[92.45861053466814,10.863061904907227],[92.45741271972685,10.839989662170638],[92.43106842041044,10.821759223937988],[92.41305541992188,10.788888931274641],[92.37611389160162,10.78166675567627],[92.38249969482439,10.719721794128475],[92.38097381591814,10.666479110717944],[92.39499664306646,10.666390419006348],[92.40833282470709,10.648611068725813],[92.42056274414074,10.61472034454357],[92.409721374512,10.583333969116211],[92.38416290283232,10.543890953063965],[92.40165710449224,10.531390190124512],[92.41861724853521,10.547209739685115],[92.43472290039091,10.548333168029785],[92.46221923828142,10.536109924316406],[92.4990310668947,10.511180877685547],[92.5313568115235,10.518440246582315],[92.53367614746122,10.528060913085938],[92.56833648681646,10.57611179351801],[92.5444412231447,10.593333244323674],[92.54027557373047,10.613610267639217],[92.55271148681646,10.637848854064998],[92.57892608642572,10.658199310302678],[92.57589721679705,10.670809745788574],[92.59761810302729,10.683095932006836],[92.59736633300787,10.706314086914347],[92.58277893066423,10.742500305176009],[92.5877075195312,10.786945343017521],[92.56138610839838,10.811944961547852],[92.55833435058588,10.863332748413086],[92.51583099365251,10.8976411819458]]],[[[92.64145660400419,11.51014041900629],[92.6319885253908,11.51449108123785],[92.61627960205107,11.485139846802042],[92.611068725586,11.458632469177246],[92.62358856201189,11.440780639648665],[92.62245941162126,11.404542922973633],[92.58785247802763,11.401251792907715],[92.5924606323245,11.38057994842552],[92.58120727539091,11.366670608520565],[92.5993728637697,11.346759796142521],[92.63842773437528,11.34652137756342],[92.6906127929688,11.369909286499194],[92.69239044189482,11.387932777404785],[92.66414642334013,11.394990921020678],[92.68506622314459,11.433259963989542],[92.66817474365263,11.4903955459597],[92.64145660400419,11.51014041900629]]],[[[92.2189331054688,11.5923233032226],[92.20809936523466,11.547750473022518],[92.21685028076178,11.528830528259277],[92.25031280517595,11.525799751281795],[92.274642944336,11.534920692443961],[92.26990509033232,11.584943771362362],[92.2189331054688,11.5923233032226]]],[[[92.5397567749024,11.603320121765137],[92.53195190429699,11.595065116882267],[92.53750610351591,11.56122016906744],[92.55343627929688,11.561720848083553],[92.566703796387,11.592129707336426],[92.5397567749024,11.603320121765137]]],[[[93.02083587646513,11.843331336975211],[93.01733398437506,11.830743789673136],[93.04998779296886,11.81222057342535],[93.07221984863298,11.835561752319393],[93.0633163452149,11.844759941101245],[93.03250122070307,11.836671829223746],[93.02083587646513,11.843331336975211]]],[[[92.969535827637,12.03367996215843],[92.95065307617216,12.013119697570858],[92.93084716796875,12.005556106567383],[92.93386840820341,11.984992980957088],[92.9607925415039,11.979730606079215],[92.97336578369135,11.949170112609863],[92.9884414672851,11.949960708618448],[93.02246093750006,11.900852203369084],[93.04598236083996,11.88400936126709],[93.05384063720732,11.896162033081055],[93.03743743896513,11.947451591491756],[93.0083312988283,11.99805545806879],[93.00332641601562,12.029170036316032],[92.98277282714861,12.043379783630485],[92.969535827637,12.03367996215843]]],[[[92.99136352539062,12.108927726745776],[92.95973205566412,12.107185363769531],[92.96182250976568,12.0722017288208],[92.9904174804688,12.044335365295467],[92.99858856201189,12.046390533447436],[93.00332641601562,12.105001449585131],[92.99136352539062,12.108927726745776]]],[[[93.02777862548845,12.156941413879451],[92.99330139160162,12.140831947326717],[92.96330261230486,12.150785446166992],[92.96231079101557,12.122800827026595],[93.00610351562506,12.108053207397631],[93.0070190429688,12.075776100158748],[93.02500152587902,12.070000648498535],[93.04155731201178,12.045721054077148],[93.05361175537121,12.075558662414664],[93.03555297851557,12.097769737243823],[93.02777862548845,12.156941413879451]]],[[[93.06860351562517,12.211334228515625],[93.05635833740251,12.19136047363287],[93.03743743896513,12.13449573516857],[93.07003784179716,12.087171554565487],[93.09221649169939,12.106908798217944],[93.09403991699224,12.14838027954113],[93.08545684814459,12.195220947265739],[93.06860351562517,12.211334228515625]]],[[[92.70086669921892,12.235609054565543],[92.68939208984392,12.235349655151424],[92.64572906494158,12.179162025451717],[92.62361145019548,12.102781295776424],[92.61952972412138,12.070784568786678],[92.62555694580084,12.06193923950201],[92.61305999755888,12.006600379943961],[92.61149597167997,11.940361022949276],[92.60600280761747,11.923413276672363],[92.6110458374024,11.871259689331112],[92.5861358642581,11.888481140136776],[92.57840728759783,11.927181243896655],[92.56537628173857,11.943223953247298],[92.54260253906256,11.923201560974235],[92.52642059326183,11.895022392273006],[92.52494049072294,11.871700286865234],[92.51351928710938,11.848000526428223],[92.52472686767607,11.826060295104924],[92.54560089111345,11.827980995178223],[92.5560531616211,11.772689819335994],[92.55229949951178,11.72126960754423],[92.58737182617205,11.717331886291504],[92.59919738769548,11.689892768859977],[92.59517669677751,11.665160179138127],[92.60810852050776,11.63451004028326],[92.60737609863298,11.594779968261832],[92.65062713623075,11.551820755004883],[92.64615631103521,11.52361869812006],[92.66393280029303,11.50663852691656],[92.69827270507824,11.507049560546989],[92.70913696289068,11.488326072692985],[92.7279357910158,11.517591476440657],[92.73014068603544,11.557840347290153],[92.75285339355497,11.60962200164795],[92.75624847412115,11.665720939636458],[92.74489593505876,11.675541877746639],[92.71614074707037,11.66588020324707],[92.69053649902361,11.631840705871639],[92.668685913086,11.633219718933049],[92.6986618041995,11.665691375732592],[92.70198059082048,11.692001342773494],[92.71820068359392,11.7059907913208],[92.75489807128912,11.717440605163631],[92.78694152832037,11.8717298507691],[92.77894592285162,11.892141342163256],[92.7876815795899,11.925562858581827],[92.77712249755876,11.938440322875977],[92.74664306640642,11.932112693786678],[92.73171997070312,11.899149894714355],[92.71596527099615,11.950819969177303],[92.72586059570312,11.974220275878906],[92.75717163085943,11.988370895385799],[92.76166534423828,12.020554542541447],[92.77568817138678,12.030901908874455],[92.7515945434572,12.071009635925293],[92.7352828979495,12.088839530945108],[92.73754119873053,12.111334800720215],[92.75550842285185,12.154310226440487],[92.75722503662138,12.175554275512752],[92.73666381835932,12.182223320007324],[92.71551513671892,12.168322563171444],[92.70634460449213,12.228404998779297],[92.70086669921892,12.235609054565543]]],[[[92.73061370849626,12.242453575134334],[92.72233581542997,12.228277206421126],[92.72344207763678,12.18884181976324],[92.76367950439459,12.18218040466337],[92.76811218261747,12.201370239257983],[92.76229858398443,12.229373931884993],[92.73061370849626,12.242453575134334]]],[[[92.90167236328142,12.255849838256779],[92.8697357177735,12.238068580627669],[92.91444396972656,12.23044300079357],[92.90167236328142,12.255849838256779]]],[[[92.71141815185553,12.296070098877124],[92.7014770507813,12.267369270324764],[92.71254730224615,12.246674537658748],[92.72344207763678,12.295130729675293],[92.71141815185553,12.296070098877124]]],[[[92.94139862060553,12.280801773071289],[92.91382598876982,12.292611122131348],[92.90158843994146,12.280763626098803],[92.92272949218756,12.259531021118278],[92.94139862060553,12.280801773071289]]],[[[92.77657318115251,12.310280799865666],[92.78172302246111,12.28507995605463],[92.74228668212896,12.245539665222168],[92.7684173583985,12.227721214294661],[92.76914978027361,12.202221870422306],[92.76538848876959,12.176521301269645],[92.73947906494169,12.09895038604742],[92.73928833007841,12.084639549255371],[92.7649993896485,12.06332969665533],[92.79298400878923,12.082824707031307],[92.79859161376959,12.108560562133789],[92.83650207519537,12.16718959808344],[92.84870910644537,12.16244029998785],[92.85343933105486,12.203820228576774],[92.87510681152372,12.193121910095158],[92.87188720703153,12.226671218872127],[92.8594360351563,12.246940612792912],[92.88764953613287,12.258799552917594],[92.86972045898443,12.300833702087687],[92.82995605468767,12.300371170044059],[92.80947875976591,12.312830924987963],[92.79261779785156,12.304479598998967],[92.77657318115251,12.310280799865666]]],[[[93.8396987915039,12.320819854736442],[93.82415008544928,12.307475090026799],[93.81478881835943,12.285269737243823],[93.82668304443388,12.244859695434684],[93.8405380249024,12.236920356750602],[93.88069915771479,12.236641883850211],[93.87243652343761,12.267779350280875],[93.87805175781267,12.28166580200201],[93.85774993896496,12.293129920959643],[93.8396987915039,12.320819854736442]]],[[[92.85290527343756,12.408830642700252],[92.84842681884794,12.394330978393498],[92.86688232421886,12.377829551697005],[92.889892578125,12.391330718994197],[92.87303161621122,12.405501365661678],[92.85290527343756,12.408830642700252]]],[[[92.95536041259771,12.414690017700195],[92.932914733887,12.418968200683537],[92.91889953613287,12.365020751953296],[92.93234252929716,12.35944938659668],[92.94285583496088,12.400490760803166],[92.95536041259771,12.414690017700195]]],[[[92.7109680175783,12.82903003692627],[92.6945190429687,12.797541618347395],[92.71338653564482,12.773481369018668],[92.7109680175783,12.82903003692627]]],[[[92.8988876342774,12.915830612182617],[92.89176940917986,12.895380020141658],[92.87467956542974,12.881926536560059],[92.84478759765653,12.875061988830737],[92.8417282104495,12.875606536865291],[92.84018707275419,12.878271102905273],[92.84305572509794,12.885994911194075],[92.83969879150408,12.891291618347282],[92.83409881591825,12.885520935058537],[92.82785797119158,12.886047363281364],[92.82434844970714,12.895341873168945],[92.7921752929687,12.890090942382756],[92.79316711425798,12.862971305847395],[92.77142333984392,12.863470077514705],[92.73810577392584,12.829490661621094],[92.72438049316412,12.827971458435286],[92.72112274169928,12.788140296936035],[92.731201171875,12.743170738220329],[92.74147796630876,12.724479675293253],[92.74452209472673,12.67116641998308],[92.71522521972662,12.636429786682072],[92.70694732666033,12.593059539794922],[92.70889282226568,12.556741714477482],[92.69426727294933,12.5147581100465],[92.70829772949236,12.491572380065918],[92.70099639892572,12.470331192016545],[92.70654296875,12.452011108398438],[92.69808959960966,12.420989990234432],[92.7008361816408,12.336759567260742],[92.71913909912126,12.300897598266658],[92.74794769287126,12.299979209899902],[92.7718963623048,12.31807136535673],[92.79544830322283,12.306180953979606],[92.8091430664062,12.314921379089526],[92.83242797851562,12.302558898925838],[92.88651275634771,12.323291778564567],[92.87404632568376,12.353349685669002],[92.83805847167974,12.398056983947754],[92.82944488525396,12.428610801696834],[92.87799835205072,12.417698860168514],[92.8966827392581,12.429841995239542],[92.91532135009771,12.412057876586971],[92.92357635498075,12.43595027923601],[92.9497299194336,12.46440505981451],[92.97550964355486,12.541899681091365],[92.96160125732439,12.577839851379395],[92.9561386108399,12.608081817626896],[92.96520996093767,12.680971145629883],[92.96312713623064,12.698470115661678],[92.9768905639649,12.718171119689998],[92.96444702148455,12.729069709777832],[92.96006011962908,12.754981040954874],[92.93904876708984,12.767812728881836],[92.93453979492193,12.781559944152832],[92.9540557861331,12.807462692260685],[92.94419097900385,12.826732635498047],[92.9282836914063,12.883335113525561],[92.90904235839872,12.883089065551701],[92.91040802001982,12.908636093139705],[92.8988876342774,12.915830612182617]]],[[[92.69565582275385,12.991958618164233],[92.68510437011724,12.987739562988224],[92.67009735107416,12.951670646667537],[92.67978668212919,12.941110610961914],[92.6681671142581,12.918629646301213],[92.66454315185575,12.880599975585938],[92.64926147460966,12.860601425170955],[92.65367889404325,12.837827682495117],[92.67177581787138,12.794155120849666],[92.68901062011736,12.816729545593205],[92.68982696533209,12.834490776062182],[92.7145309448245,12.862803459167537],[92.7214965820313,12.888344764709757],[92.71927642822294,12.979410171508732],[92.69565582275385,12.991958618164233]]],[[[93.00673675537138,12.996899604797363],[92.97917938232428,12.979743003845215],[92.9611358642581,12.989744186401651],[92.95977020263683,12.955289840698413],[92.97284698486345,12.954760551452694],[92.99279022216825,12.98578929901123],[93.00673675537138,12.996899604797363]]],[[[93.02944183349604,13.573333740234375],[93.0155181884765,13.549871444702376],[92.99305725097673,13.566111564636344],[92.96472167968756,13.54444408416748],[92.91860961914091,13.536944389343205],[92.92944335937511,13.501667022705192],[92.90370178222685,13.497249603271769],[92.90055847167986,13.477779388427791],[92.87666320800776,13.475001335144043],[92.87361145019526,13.44638919830328],[92.8841629028322,13.429721832275675],[92.87222290039074,13.415560722351131],[92.8452758789063,13.408612251281852],[92.85277557373075,13.3869438171389],[92.83640289306669,13.366941452026367],[92.82666778564482,13.3066663742066],[92.84194183349638,13.30111217498785],[92.82250213623041,13.277221679687557],[92.84972381591825,13.239165306091309],[92.82777404785162,13.236666679382381],[92.8316726684572,13.213891983032454],[92.80972290039057,13.153055191040266],[92.84194183349638,13.14610958099388],[92.81111145019548,13.12722110748308],[92.8199996948245,13.101111412048397],[92.79666900634771,13.089440345764103],[92.7908325195312,13.012223243713379],[92.81888580322266,13.000559806823844],[92.81398773193365,12.983366966247559],[92.7929458618164,12.97998046875],[92.79265594482428,12.952290534973201],[92.80107879638683,12.93586921691923],[92.79419708251959,12.914381980896053],[92.80148315429716,12.90075016021757],[92.84346771240263,12.890991210937784],[92.84388732910173,12.885561943054313],[92.84126281738287,12.877182006835938],[92.84297180175781,12.876299858093262],[92.85105895996122,12.878610610961971],[92.85755157470732,12.87871074676508],[92.87211608886736,12.882539749145508],[92.8591918945313,12.903149604797477],[92.85716247558622,12.934309959411564],[92.87719726562528,12.946141242980957],[92.88270568847662,12.983042716979924],[92.90749359130865,12.983934402466105],[92.90968322753923,12.961970329284725],[92.9269409179688,12.957559585571346],[92.93859100341803,12.97602462768549],[92.90862274169928,13.000543594360465],[92.90361022949236,13.021943092346191],[92.91629028320341,13.054149627685604],[92.96060180664062,13.014841079712028],[92.97113800048845,13.029471397400016],[93.00634002685575,13.030811309814453],[93.03056335449247,13.068890571594352],[93.03596496582048,13.091157913208121],[93.03138732910173,13.12972354888916],[93.037406921387,13.138872146606616],[93.03221893310553,13.178058624267578],[93.05611419677763,13.232776641845703],[93.04611206054693,13.259172439575309],[93.01333618164068,13.30694484710699],[92.9772033691408,13.324340820312784],[92.9794464111331,13.335556983947981],[93.00333404541033,13.35333442687994],[93.02749633789091,13.345141410827864],[93.04028320312528,13.32221889495878],[93.0719528198245,13.322771072387695],[93.0791702270509,13.341390609741211],[93.06276702880871,13.360830307006836],[93.05082702636736,13.405559539794865],[93.03666687011747,13.41944503784191],[93.03324127197294,13.457599639892692],[93.0436096191408,13.505278587341365],[93.03971862792997,13.547220230102482],[93.02944183349604,13.573333740234375]]],[[[93.0158309936524,13.67611217498785],[92.98166656494146,13.665279388428019],[92.98638916015642,13.642780303955362],[93.01471710205107,13.643890380859546],[93.02555847167974,13.66082954406744],[93.0158309936524,13.67611217498785]]],[[[93.36624908447294,14.156380653381461],[93.35374450683611,14.149506568908805],[93.36389160156256,14.097498893737907],[93.37805175781261,14.120833396911905],[93.36624908447294,14.156380653381461]]],[[[93.84805297851591,7.240280151367472],[93.80831909179693,7.228890895843506],[93.80770874023438,7.214860916137695],[93.75499725341791,7.211389064788875],[93.73361206054716,7.187221050262508],[93.6861114501956,7.190000057220573],[93.6749038696289,7.176497936248893],[93.67582702636747,7.139928817749137],[93.65583038330078,7.126389026641789],[93.66027832031256,7.086390018463305],[93.67028045654325,7.081111907959269],[93.66527557373053,7.041944980621395],[93.67028045654325,7.013053894043196],[93.69930267333979,7.011527061462459],[93.70746612548857,6.989789009094352],[93.72300720214861,6.991942882537842],[93.73117065429688,6.969559192657584],[93.7452774047851,6.961945056915397],[93.75222015380865,6.938889026641789],[93.74194335937506,6.925000190735034],[93.76277923584013,6.907779216766414],[93.7797241210938,6.881527900695801],[93.77375030517595,6.864097118377629],[93.79444122314482,6.848899841308878],[93.78571319580072,6.835848808288517],[93.81333160400419,6.807776927948282],[93.80665588378935,6.762519836425895],[93.82831573486334,6.754255771636963],[93.84728240966825,6.779800891876334],[93.8532028198245,6.815390110016153],[93.86827850341825,6.815039157867545],[93.88513183593767,6.795000076294059],[93.89623260498053,6.804864883422908],[93.90875244140642,6.838208198547534],[93.89360809326183,6.846943855285758],[93.901596069336,6.881079196929932],[93.89722442626959,6.902155876159725],[93.917221069336,6.944516181946028],[93.93656921386747,6.962355136871338],[93.92205810546903,7.009857177734432],[93.91666412353521,7.048404216766471],[93.901664733887,7.077498912811393],[93.88777923584001,7.086390018463305],[93.89138793945312,7.121110916137752],[93.87999725341797,7.174723148345947],[93.88363647460943,7.188451766967773],[93.87027740478521,7.215834140777588],[93.85138702392578,7.213890075683594],[93.84805297851591,7.240280151367472]]],[[[93.71305847167986,7.443611145019815],[93.70694732666016,7.437777996063232],[93.70749664306669,7.39389085769659],[93.66194152832048,7.380834102630843],[93.63111114501959,7.361666202545166],[93.63610839843756,7.321390151977823],[93.6263885498048,7.30583381652832],[93.6333312988283,7.290000915527571],[93.62876129150408,7.268551826477051],[93.64861297607439,7.242499828338737],[93.66972351074247,7.259723186493204],[93.67944335937528,7.284722805023137],[93.72499847412121,7.310000896453857],[93.75646209716803,7.374368190765324],[93.72472381591814,7.397221088409481],[93.71305847167986,7.443611145019815]]],[[[93.37999725341825,8.02472209930437],[93.354721069336,8.007781028747843],[93.33638763427751,8.012223243713493],[93.32250213623053,7.993060111999682],[93.32416534423845,7.976943969726506],[93.31055450439482,7.961945056915567],[93.31805419921892,7.943056106567326],[93.34777832031244,7.925557136535758],[93.34443664550787,7.901670932769719],[93.3772201538086,7.881667137146053],[93.39749908447271,7.901945114135685],[93.41638946533214,7.906669139862231],[93.44139862060575,7.898890972137565],[93.46166992187517,7.872221946716252],[93.47416687011724,7.895833969116154],[93.4613876342774,7.935831069946289],[93.43000030517578,7.967780113220158],[93.40277862548828,7.974451065063533],[93.409652709961,8.007082939148006],[93.37999725341825,8.02472209930437]]],[[[93.54728698730463,8.028052330017033],[93.54250335693388,8.01500129699707],[93.50722503662138,7.985277175903548],[93.57389068603521,7.928891181946028],[93.57943725585943,7.933610916137752],[93.58277130126947,7.991670131683406],[93.56361389160162,8.02472209930437],[93.54728698730463,8.028052330017033]]],[[[93.57861328125017,8.12527942657465],[93.56138610839872,8.118611335754565],[93.57166290283232,8.067222595214844],[93.59249877929682,8.037778854370117],[93.58873748779314,8.10935115814209],[93.57861328125017,8.12527942657465]]],[[[93.52648925781278,8.231270790100098],[93.49465179443354,8.222773551941145],[93.49055480957037,8.198888778686637],[93.45500183105486,8.17556190490717],[93.45888519287115,8.124443054199219],[93.48332977294928,8.077500343322697],[93.48472595214838,8.052499771118278],[93.51583099365234,8.083889961242619],[93.52722167968778,8.076390266418741],[93.52583312988287,8.055277824401855],[93.48638916015636,8.036666870117358],[93.49194335937528,8.000000000000114],[93.50666809082026,8.001666069030762],[93.50888061523443,8.034023284912394],[93.54165649414068,8.037501335144213],[93.55305480957048,8.066389083862305],[93.54833221435553,8.088330268859863],[93.53166961669939,8.099720954894963],[93.52583312988287,8.119444847106934],[93.50435638427763,8.144301414489803],[93.50971984863276,8.165834426879826],[93.52527618408209,8.171388626098633],[93.54472351074224,8.196109771728572],[93.54416656494146,8.225001335144213],[93.52648925781278,8.231270790100098]]],[[[93.23528289794939,8.265560150146541],[93.22012329101574,8.245061874389762],[93.23889160156267,8.220834732055891],[93.25194549560553,8.228889465332145],[93.23528289794939,8.265560150146541]]],[[[93.12627410888678,8.355863571167106],[93.09527587890642,8.340276718139819],[93.0852813720706,8.307869911193961],[93.0852813720706,8.273887634277457],[93.10111236572294,8.246109962463322],[93.12333679199236,8.220834732055891],[93.16638946533197,8.199723243713493],[93.19555664062528,8.193060874938965],[93.20555877685547,8.213055610656738],[93.19431304931646,8.224991798400879],[93.15429687500006,8.243040084838867],[93.12611389160185,8.277222633361816],[93.13111114501947,8.309770584106502],[93.14340209960943,8.346504211425838],[93.12627410888678,8.355863571167106]]],[[[93.6159973144533,8.573625564575138],[93.61013793945318,8.54432582855236],[93.62493133544922,8.515148162841797],[93.62666320800798,8.467220306396598],[93.64242553710966,8.467426300048771],[93.63471984863287,8.524444580078352],[93.62304687500017,8.529440879822062],[93.6159973144533,8.573625564575138]]],[[[92.7877807617187,9.2441663742066],[92.7652740478515,9.214721679687557],[92.72083282470697,9.213609695434798],[92.71972656250017,9.14607238769537],[92.73166656494169,9.124377250671614],[92.76891326904297,9.127620697021484],[92.78870391845732,9.118964195251522],[92.81111145019548,9.123891830444393],[92.82414245605474,9.138351440429858],[92.83187103271501,9.163410186767521],[92.81388854980497,9.220280647277775],[92.7877807617187,9.2441663742066]]],[[[82.33207702636713,16.72486114501953],[82.31652832031256,16.704580307006836],[82.28515624999994,16.697441101074276],[82.2587509155274,16.690111160278434],[82.2659759521485,16.671529769897575],[82.25596618652372,16.653749465942383],[82.2823562622072,16.64234924316412],[82.29736328124994,16.612916946411303],[82.31874847412126,16.61680603027372],[82.31874847412126,16.65236091613781],[82.33930206298857,16.685420989990178],[82.33207702636713,16.72486114501953]]],[[[82.25344848632841,16.689720153808537],[82.24291992187506,16.708194732666016],[82.29938507080084,16.71402931213379],[82.29951477050798,16.71433258056635],[82.31791687011747,16.733472824096737],[82.34152221679693,16.735969543457088],[82.34124755859375,16.75347137451172],[82.35569763183622,16.81208419799799],[82.3590164184572,16.848751068115234],[82.33763885498064,16.856531143188477],[82.31153869628923,16.85486030578636],[82.28180694580084,16.877639770507812],[82.26985931396513,16.875690460205305],[82.25068664550798,16.905969619751204],[82.25096893310575,16.934860229492188],[82.27153015136724,16.94041633605974],[82.26930236816435,16.955972671508846],[82.2837524414063,16.977081298828182],[82.27819824218756,16.992084503174112],[82.30264282226568,17.040700912475643],[82.33152770996094,17.07236289978033],[82.43902587890636,17.172639846801815],[82.49014282226574,17.214029312133846],[82.53756713867188,17.24625015258789],[82.62319183349626,17.299310684204215],[82.70347595214861,17.343759536743278],[82.88486480712908,17.42708396911621],[82.92624664306658,17.443471908569336],[82.95402526855497,17.459861755371207],[82.98513793945341,17.469860076904354],[83.00680541992193,17.498193740844783],[83.03291320800787,17.513471603393555],[83.10430908203136,17.54403114318859],[83.16097259521513,17.560693740844727],[83.1756973266601,17.575420379638842],[83.21569061279303,17.59403038024925],[83.23486328125017,17.61069679260254],[83.23986053466803,17.633192062378214],[83.26013946533214,17.64402961730974],[83.29541778564459,17.6751384735108],[83.29846191406256,17.694309234619368],[83.34180450439482,17.722917556762752],[83.3543090820313,17.7570858001709],[83.385971069336,17.779027938842773],[83.41014099121111,17.810420989990234],[83.41874694824236,17.856809616088867],[83.4437484741211,17.872360229492244],[83.45153045654314,17.900140762329215],[83.47744750976557,17.918460845947322],[83.52958679199224,17.94930648803711],[83.5590286254884,17.98347282409668],[83.5704193115235,18.014310836792106],[83.65958404541044,18.075500488281307],[83.71347045898443,18.11069488525385],[83.7845764160158,18.14736747741722],[83.86264038085943,18.175695419311467],[83.8862533569336,18.195421218872013],[83.9506912231447,18.216806411743164],[84.01125335693371,18.24986076354992],[84.06958007812506,18.275972366333008],[84.12958526611328,18.314306259155387],[84.12541961669939,18.32818984985363],[84.15319824218778,18.37653160095209],[84.21902465820307,18.44180488586437],[84.28597259521479,18.501529693603572],[84.35624694824224,18.55680465698248],[84.36291503906256,18.588472366333065],[84.44069671630876,18.664030075073242],[84.44097137451178,18.68014907836914],[84.49014282226568,18.739311218261832],[84.53152465820318,18.772083282470703],[84.55458068847673,18.79597282409668],[84.55708312988287,18.817361831665153],[84.57653045654303,18.837085723877067],[84.58902740478544,18.87262916564947],[84.61458587646513,18.902362823486328],[84.66930389404325,18.951528549194393],[84.66458129882807,18.965694427490234],[84.6881866455081,18.97319030761713],[84.76101684570318,19.07131195068365],[84.73021697998064,19.089305877685547],[84.71903228759771,19.095844268799055],[84.7029190063476,19.118749618530273],[84.72374725341814,19.140422821044922],[84.74708557128912,19.143474578857422],[84.74569702148455,19.11763954162592],[84.77735900878923,19.109859466552678],[84.84430694580095,19.196252822875977],[84.88625335693376,19.2379207611084],[84.93235778808622,19.27791976928711],[84.98513793945318,19.31903076171875],[85.06083679199224,19.36305809020996],[85.08510589599638,19.38446426391613],[85.10558319091814,19.414800643921126],[85.16499328613287,19.461717605590763],[85.29528808593761,19.553611755371037],[85.3375015258789,19.57972145080572],[85.41919708251959,19.623069763183594],[85.49276733398438,19.654170989990348],[85.68049621582031,19.745700836181697],[85.8455200195313,19.80124092102068],[85.95333099365263,19.829999923706055],[86.04505920410168,19.846910476684798],[86.04750061035162,19.851667404174748],[86.1316680908206,19.869720458984375],[86.2279663085938,19.90088081359869],[86.29611206054716,19.93551063537592],[86.36266326904325,19.95277976989763],[86.32861328125,19.97860908508295],[86.29494476318388,20.024419784545955],[86.2554397583009,20.018390655517578],[86.24192810058622,20.031080245971737],[86.247856140137,20.053188323974894],[86.2624969482423,20.061952590942326],[86.29373931884771,20.05433845520014],[86.32818603515642,20.029520034790153],[86.33944702148455,19.990276336670036],[86.3480529785158,19.981945037841797],[86.38694763183611,19.97611045837425],[86.41110992431669,20.000000000000227],[86.40721893310553,20.019718170166016],[86.4144363403322,20.0408306121829],[86.47583007812517,20.100555419921932],[86.52249908447294,20.171388626098917],[86.49472045898455,20.153329849243107],[86.488334655762,20.166944503784293],[86.5097198486331,20.177221298217887],[86.53610992431658,20.200010299682617],[86.58194732666021,20.218050003051758],[86.61776733398438,20.237222671508903],[86.6753997802735,20.258348464965877],[86.6772232055664,20.26694488525385],[86.7163925170899,20.28639030456543],[86.70853424072283,20.293889999389705],[86.7691726684572,20.331111907959098],[86.78971099853544,20.35917091369629],[86.78166961669928,20.388330459594897],[86.74916839599626,20.405559539794922],[86.73332977294939,20.40333366394043],[86.73332977294939,20.454999923706055],[86.75945281982439,20.50555992126465],[86.77111053466814,20.504440307617358],[86.78444671630876,20.53582954406761],[86.8727798461914,20.598333358764705],[86.9199981689456,20.626667022705305],[87.02700042724638,20.696348190307674],[87.00644683837908,20.696451187133846],[86.97000885009783,20.70883178710966],[86.93540954589855,20.711080551147745],[86.90083312988287,20.69639015197754],[86.84955596923834,20.65241050720215],[86.84332275390653,20.650754928588924],[86.83769989013678,20.656503677368335],[86.8261184692384,20.673536300659293],[86.8230667114259,20.645975112915153],[86.80694580078142,20.643333435058594],[86.76667022705072,20.644443511962947],[86.78861236572266,20.675281524658203],[86.80065155029314,20.707773208618278],[86.81610870361345,20.72442054748535],[86.81804656982428,20.76056098937994],[86.8352813720706,20.776945114135913],[86.88138580322271,20.797502517700195],[86.95804595947271,20.785001754760742],[86.97000122070312,20.827777862548942],[86.95944213867199,20.863609313964844],[86.91055297851568,20.955278396606502],[86.88889312744169,21.0163898468017],[86.85832977294928,21.055000305175838],[86.82417297363287,21.137781143188704],[86.8291702270509,21.20153999328619],[86.84527587890642,21.219720840454045],[86.84610748291021,21.23666572570812],[86.8922195434572,21.316389083862305],[86.90777587890653,21.32805633544922],[86.94666290283214,21.37389183044445],[86.99555206298822,21.420555114746094],[87.05309295654308,21.462171554565487],[87.0641632080081,21.463888168335018],[87.11389160156256,21.508331298828352],[87.20722198486357,21.546390533447493],[87.24082183837919,21.552000045776424],[87.30304718017595,21.55569839477539],[87.3833312988283,21.548891067504996],[87.45555877685575,21.59694480895996],[87.48203277587896,21.608703613281307],[87.56027984619169,21.633005142212028],[87.677787780762,21.653890609741325],[87.73972320556646,21.678333282470703],[87.75332641601591,21.697500228881893],[87.7897186279298,21.69499969482422],[87.80951690673834,21.70596694946289],[87.83082580566423,21.734172821044865],[87.89472198486345,21.78444480895996],[87.927490234375,21.799720764160156],[87.93972015380876,21.819999694824276],[87.980278015137,21.857780456543196],[88.00360870361345,21.90389060974144],[88.03584289550798,21.981389999389762],[88.05278015136747,22.013328552246037],[88.01776885986334,22.040279388427848],[88.01110839843756,22.07027816772478],[88.02805328369158,22.068332672119254],[88.0269393920899,22.0477809906007],[88.06223297119146,22.01305961608898],[88.08333587646501,22.02138710021967],[88.16694641113287,22.073610305786246],[88.1936111450197,22.11083221435547],[88.13555908203153,22.184722900390682],[88.10610961914068,22.191669464111555],[88.06555175781278,22.189720153808707],[88.03472137451189,22.20944404602045],[88.02249908447283,22.199722290039062],[87.99044036865251,22.20945930480974],[87.97154998779297,22.236600875854606],[87.93694305419928,22.26694488525419],[87.93305206298845,22.313890457153377],[87.94444274902372,22.325281143188477],[87.9427795410158,22.364444732666243],[87.92972564697294,22.403610229492188],[87.91593933105474,22.417390823364258],[87.927490234375,22.420280456543026],[87.9491653442384,22.399444580078352],[87.9583206176759,22.348690032959098],[87.96004486084013,22.280221939087085],[87.98404693603521,22.24646377563488],[88.02610778808611,22.22249984741211],[88.04915618896513,22.220001220703182],[88.07527923584013,22.252780914306584],[88.07861328125006,22.284170150756836],[88.09519195556658,22.30233955383295],[88.09972381591797,22.28166580200218],[88.08860778808622,22.262781143188533],[88.07277679443388,22.210000991821403],[88.11666870117216,22.20916938781761],[88.1636123657226,22.198339462280273],[88.18805694580095,22.186670303344783],[88.21055603027361,22.149444580078182],[88.21083068847662,22.131666183471964],[88.22416687011724,22.089721679687727],[88.21389007568365,22.03472137451172],[88.19557189941412,22.003610610962028],[88.15383148193388,21.95960998535179],[88.17446136474638,21.933620452880916],[88.17639160156244,21.919721603393782],[88.1636123657226,21.87861061096197],[88.1787948608399,21.84789466857933],[88.20088195800787,21.819465637207088],[88.21806335449224,21.777219772339095],[88.21722412109392,21.764444351196403],[88.28237915039074,21.755020141601847],[88.25836181640653,21.800769805908374],[88.25976562500017,21.809522628784464],[88.26867675781278,21.817621231079386],[88.30603790283232,21.8306827545166],[88.31118774414091,21.85544013977045],[88.31627655029303,21.859540939330998],[88.32565307617193,21.8621501922608],[88.35492706298828,21.85565567016613],[88.35594940185553,21.819740295410327],[88.36370849609392,21.798255920410384],[88.39241027832037,21.80333328247093],[88.38577270507841,21.839403152465934],[88.39382934570307,21.852319717407283],[88.39722442626982,21.885835647583008],[88.41622924804693,21.901271820068303],[88.42418670654314,21.907712936401595],[88.43205261230474,21.902660369873047],[88.44167327880888,21.911390304565543],[88.46188354492216,21.918029785156477],[88.458061218262,21.897832870483683],[88.47355651855463,21.895341873168945],[88.48323822021513,21.909959793090934],[88.50924682617205,21.905445098877067],[88.49858093261736,21.873710632324162],[88.52805328369169,21.853055953979435],[88.54804229736334,21.882249832153548],[88.54504394531278,21.906040191650334],[88.56139373779303,21.898986816406477],[88.57052612304693,21.904830932617188],[88.57833099365234,21.88944435119629],[88.60221862792974,21.906669616699332],[88.61473846435564,21.937538146972713],[88.59834289550798,21.968330383300952],[88.6144409179688,22.019720077514762],[88.63547515869169,22.042613983154467],[88.62674713134783,22.057399749755916],[88.619369506836,22.10532951354986],[88.63833618164091,22.15528106689453],[88.663803100586,22.184511184692383],[88.672592163086,22.205059051513956],[88.6992797851563,22.210132598876953],[88.73361206054693,22.195554733276424],[88.74623870849615,22.202907562255916],[88.74611663818354,22.204711914062727],[88.74867248535162,22.21869087219244],[88.74861145019548,22.221391677856502],[88.7475204467774,22.232482910156193],[88.77176666259771,22.251010894775447],[88.78553009033209,22.258588790893555],[88.79079437255876,22.25970268249506],[88.79300689697294,22.269689559936523],[88.79270935058611,22.276189804077376],[88.80473327636719,22.28380966186529],[88.8030624389649,22.295459747314737],[88.81042480468767,22.31682968139677],[88.80528259277361,22.324409484863224],[88.8026199340822,22.328983306884822],[88.82051849365251,22.363094329833984],[88.84923553466803,22.36454200744629],[88.85607147216803,22.408010482788313],[88.84834289550776,22.43056488037132],[88.81941986083984,22.43033027648943],[88.80252075195341,22.443422317505167],[88.79016113281278,22.48140144348156],[88.77973937988298,22.492637634277287],[88.78011322021501,22.50282287597679],[88.77111053466797,22.510835647583008],[88.75463867187511,22.515180587768782],[88.74526214599615,22.514932632446346],[88.7327957153322,22.510339736938704],[88.71849060058611,22.519262313842887],[88.7118530273438,22.526269912719897],[88.69148254394537,22.522382736206055],[88.70083618164068,22.530561447143725],[88.70848846435575,22.52909469604498],[88.71810913085955,22.521383285522404],[88.72556304931658,22.518892288208235],[88.73352050781244,22.511060714721793],[88.74185943603527,22.515199661254826],[88.75305175781256,22.51690292358427],[88.7716674804687,22.513380050659123],[88.78409576416033,22.502817153930835],[88.79550170898466,22.497232437133903],[88.81093597412138,22.482099533080998],[88.8141632080081,22.456392288208292],[88.83463287353533,22.437171936035156],[88.85169219970709,22.4329319000247],[88.85929107666021,22.49872016906744],[88.85639190673845,22.51166725158714],[88.86888885498058,22.545835494995117],[88.89638519287138,22.563333511352766],[88.93775177001982,22.570781707763672],[88.93701934814482,22.59422492980957],[88.95709228515642,22.609769821166992],[88.93113708496094,22.621740341186694],[88.93010711669928,22.64099311828636],[88.94728088378918,22.659851074218807],[88.95919036865251,22.691169738769645],[88.92076873779308,22.733850479126204],[88.92067718505876,22.76532173156761],[88.93917083740251,22.7866725921632],[88.95844268798845,22.79421043395996],[88.96756744384766,22.842489242553768],[88.94600677490229,22.87743949890165],[88.93257141113287,22.86795043945341],[88.90933227539091,22.87740135192894],[88.896987915039,22.926740646362305],[88.89716339111357,22.94916152954096],[88.86147308349638,22.955150604248104],[88.86873626709013,22.96877861022955],[88.87200164794916,23.018379211425838],[88.87845611572294,23.029050827026424],[88.8664779663086,23.06886100769043],[88.8700714111331,23.096050262451172],[88.89745330810553,23.106081008911076],[88.93135070800798,23.138580322265682],[88.93789672851568,23.169179916381836],[88.96157073974615,23.189872741699446],[88.98239135742216,23.190380096435604],[88.9796371459961,23.222051620483455],[88.95175933837908,23.20251274108881],[88.93041229248064,23.21195030212425],[88.91346740722662,23.229999542236385],[88.85276031494158,23.224609375000057],[88.83093261718761,23.244689941406364],[88.8090362548831,23.24981117248558],[88.81408691406256,23.216560363769588],[88.7854309082033,23.217571258544922],[88.76965332031256,23.23858070373541],[88.7496185302735,23.236780166625977],[88.72035980224604,23.25266265869152],[88.7237167358399,23.269630432128963],[88.69677734375,23.29285049438488],[88.74693298339861,23.317979812622184],[88.7364501953125,23.348623275756836],[88.76278686523443,23.367631912231445],[88.7534790039063,23.387441635131893],[88.76442718505854,23.44211006164562],[88.78996276855497,23.44065284729004],[88.78840637207043,23.464870452880973],[88.80014801025408,23.48054122924799],[88.77944183349621,23.497671127319563],[88.74291992187517,23.48077964782709],[88.71852874755865,23.50739288330078],[88.69539642333984,23.51748085021984],[88.68427276611357,23.53897094726574],[88.66162109374994,23.549730300903263],[88.64367675781278,23.608489990234375],[88.58743286132812,23.599952697754134],[88.59323120117193,23.626380920410156],[88.56167602539057,23.645709991455192],[88.57393646240251,23.670000076294173],[88.56421661376953,23.714782714843977],[88.57469940185564,23.73633193969721],[88.58081817626959,23.788669586181697],[88.60173034667963,23.816850662231502],[88.57598114013666,23.859750747680664],[88.62242889404303,23.87355995178234],[88.63307952880865,23.86136054992687],[88.66474914550787,23.872159957885856],[88.66693878173857,23.88397026062023],[88.70378112792969,23.898830413818303],[88.70446014404303,23.913988113403434],[88.7332611083985,23.914339065551985],[88.74192810058594,23.934061050414982],[88.73441314697271,23.958740234375057],[88.74108123779303,23.984569549560774],[88.77131652832048,23.987520217895508],[88.75874328613298,24.008182525634766],[88.73777008056658,24.01375007629406],[88.7366027832033,24.05562973022461],[88.72238159179693,24.065771102905217],[88.72558593750006,24.095890045166016],[88.70388793945318,24.09376907348627],[88.71019744873058,24.11891937255865],[88.69951629638683,24.16603088378912],[88.71988677978521,24.197740554809627],[88.73197937011747,24.197399139404297],[88.73706054687506,24.267761230468864],[88.7227630615235,24.296911239624137],[88.70250701904303,24.31065940856945],[88.6734695434572,24.315160751343],[88.6285018920899,24.306570053100643],[88.62555694580107,24.314859390259016],[88.58898925781267,24.315299987792912],[88.56810760498075,24.326641082763615],[88.5559463500976,24.296409606933537],[88.530502319336,24.34205818176264],[88.50718688964844,24.344680786132756],[88.43775939941406,24.38083267211931],[88.39186859130888,24.37210845947277],[88.34818267822277,24.376472473144815],[88.32773590087896,24.386751174926758],[88.26468658447294,24.444959640502873],[88.20545959472662,24.457910537719783],[88.17578125000028,24.49032974243164],[88.14785003662115,24.505630493164176],[88.10711669921903,24.545440673828182],[88.0461502075197,24.63742065429699],[88.00843811035162,24.66781044006359],[88.05986785888672,24.715049743652457],[88.07380676269531,24.74118041992199],[88.06732940673828,24.749799728393555],[88.08982849121094,24.782520294189453],[88.10592651367193,24.779449462890682],[88.1120223999024,24.812570571899528],[88.16735839843756,24.863491058349666],[88.15712738037104,24.898479461669865],[88.14058685302734,24.917339324951286],[88.18002319335938,24.953891754150447],[88.2305374145509,24.957981109619084],[88.2635726928711,24.918260574340763],[88.26686859130865,24.893430709838867],[88.3153076171875,24.88076019287115],[88.34361267089855,24.882112503051815],[88.32583618164068,24.914569854736385],[88.34172821044933,24.93901062011713],[88.36081695556652,24.949350357055607],[88.38153839111334,24.938829421997184],[88.40149688720703,24.945690155029354],[88.3974609375,24.969120025634822],[88.42436218261719,25.006860733032283],[88.4378814697265,25.00912094116211],[88.45289611816418,25.04090118408203],[88.43710327148449,25.04677009582531],[88.45287322998053,25.07927131652832],[88.44280242919933,25.126262664794922],[88.45923614501964,25.135070800781193],[88.45842742919933,25.16477966308605],[88.44476318359375,25.176830291748104],[88.44554901123047,25.196081161499023],[88.46457672119152,25.196172714233455],[88.47773742675793,25.21331024169922],[88.55349731445312,25.195980072021598],[88.57589721679693,25.178550720214957],[88.61386871337896,25.20535087585455],[88.64118957519543,25.207731246948242],[88.67040252685547,25.200662612915096],[88.68486785888683,25.210550308227596],[88.70922851562506,25.20960044860834],[88.7470932006836,25.18543815612793],[88.80378723144537,25.17229080200201],[88.84783935546875,25.210140228271428],[88.8758773803711,25.181970596313533],[88.89762115478516,25.184539794921875],[88.92302703857428,25.167129516601506],[88.93782043457031,25.200050354003963],[88.93485260009771,25.21815109252924],[88.95887756347662,25.21960067749029],[88.95121002197266,25.24134063720703],[88.9580917358399,25.26087951660162],[88.98284912109375,25.27785110473627],[88.98928070068371,25.295749664306754],[88.95620727539068,25.30779838562023],[88.91906738281261,25.308570861816463],[88.9050521850586,25.335950851440487],[88.88566589355474,25.3241806030274],[88.87175750732433,25.348068237304744],[88.84365844726568,25.362409591674805],[88.84496307373047,25.392019271850586],[88.82675170898449,25.399009704589957],[88.83695983886719,25.425090789794865],[88.82872009277344,25.440891265869254],[88.84211730957031,25.45339012145996],[88.83192443847668,25.485397338867244],[88.81455230712902,25.48711967468256],[88.81108093261724,25.517349243164062],[88.79801940917969,25.521650314330998],[88.7670364379884,25.49133110046381],[88.74112701416027,25.50121116638195],[88.71025085449213,25.496120452880916],[88.70018768310547,25.470260620117188],[88.66504669189447,25.47070121765148],[88.62457275390636,25.4952907562257],[88.55143737792969,25.516069412231445],[88.54090881347656,25.53086090087885],[88.52136230468756,25.53456115722662],[88.49587249755854,25.559511184692326],[88.49810791015636,25.58160018920904],[88.47255706787121,25.581052780151424],[88.45571899414068,25.59560394287115],[88.44412231445324,25.59651374816889],[88.4575424194336,25.625431060791016],[88.45672607421903,25.66049957275419],[88.40714263916044,25.669319152831974],[88.40445709228544,25.683111190796126],[88.37496948242205,25.69490242004406],[88.37860107421892,25.711629867553654],[88.3397827148438,25.734331130981673],[88.28968048095697,25.773281097412337],[88.27175903320307,25.7799205780031],[88.26992797851568,25.80813980102539],[88.25437927246122,25.811080932617188],[88.23383331298845,25.794780731201172],[88.2024612426759,25.788499832153548],[88.18625640869169,25.798780441284123],[88.15793609619158,25.775859832763615],[88.105697631836,25.823970794677734],[88.11399078369169,25.847932815551758],[88.10714721679682,25.879940032959098],[88.08676147460938,25.912500381469783],[88.09372711181646,25.92959976196289],[88.11186981201183,25.93313026428234],[88.1313095092774,25.987728118896598],[88.1575698852539,26.01920127868658],[88.1862411499024,26.023139953613224],[88.17314910888666,26.04360008239769],[88.18801879882807,26.062900543212834],[88.16124725341803,26.092468261718807],[88.1756362915039,26.108919143676815],[88.18044281005876,26.145692825317383],[88.23351287841803,26.17097282409668],[88.25073242187528,26.189081192016715],[88.27616882324236,26.18659019470215],[88.28546905517607,26.197069168090877],[88.32028961181646,26.201240539550895],[88.35251617431646,26.219989776611555],[88.35909271240263,26.243520736694393],[88.35018157959001,26.253168106079215],[88.35175323486334,26.281581878662166],[88.36592102050793,26.299089431762923],[88.40293121337902,26.31677055358898],[88.41485595703142,26.33673095703125],[88.43810272216814,26.337049484252873],[88.44400024414062,26.35641288757347],[88.50874328613287,26.359159469604435],[88.52523040771513,26.37285041809082],[88.49427795410162,26.416429519653434],[88.4981231689456,26.434350967407283],[88.48419189453153,26.46049118041998],[88.41366577148432,26.471958160400447],[88.37497711181658,26.487190246581974],[88.36228179931646,26.454679489135856],[88.33436584472673,26.478679656982536],[88.33715057373075,26.497140884399528],[88.35257720947294,26.51202011108404],[88.37018585205078,26.57317924499506],[88.38980102539091,26.612730026245345],[88.40959930419933,26.632570266723746],[88.41744995117216,26.630929946899414],[88.43212127685575,26.551090240478572],[88.450248718262,26.53587150573736],[88.46218109130865,26.547220230102596],[88.48606109619146,26.54131126403803],[88.49192810058594,26.51680946350092],[88.52475738525396,26.50613975524925],[88.52665710449224,26.481740951538143],[88.54936981201178,26.48329925537132],[88.55712127685564,26.45685005187994],[88.5970230102539,26.449390411376953],[88.59520721435575,26.471799850464095],[88.62069702148443,26.471069335937557],[88.62365722656244,26.437488555908317],[88.64965820312517,26.42724037170416],[88.6852798461914,26.383171081543026],[88.69657135009783,26.3443412780764],[88.72846221923834,26.345621109008846],[88.74426269531267,26.353879928588867],[88.76159667968767,26.333761215210075],[88.76158142089844,26.300590515136776],[88.80414581298845,26.311800003051758],[88.82158660888683,26.30071258544922],[88.81920623779314,26.259700775146598],[88.85282897949224,26.236331939697266],[88.88350677490234,26.236650466918945],[88.86802673339861,26.257850646972884],[88.86820983886736,26.27746963500988],[88.88105773925787,26.29026985168457],[88.93485260009771,26.288299560546875],[88.96202850341791,26.244770050048885],[89.00003814697283,26.248550415039176],[89.05745697021484,26.245021820068473],[89.06855773925787,26.25880050659174],[89.06659698486345,26.292890548706282],[89.02836608886747,26.29033851623541],[89.00331878662115,26.301830291748104],[88.99221038818376,26.320220947265852],[89.0066528320312,26.332799911499137],[88.95479583740234,26.360380172729492],[88.92916870117199,26.36365127563488],[88.91773223876982,26.37473106384283],[88.92520141601591,26.404430389404524],[88.95144653320318,26.429170608520735],[88.96456909179688,26.460800170898494],[88.99002838134794,26.450250625610295],[89.00049591064464,26.41996192932129],[89.02892303466808,26.416320800781307],[89.04582214355469,26.397939682006836],[89.07286071777344,26.4001407623291],[89.09974670410156,26.38479042053234],[89.10424804687506,26.333030700683707],[89.14052581787138,26.299669265747298],[89.110610961914,26.289367675781364],[89.12831115722685,26.25374031066906],[89.1468811035158,26.23536109924322],[89.14058685302751,26.1800994873048],[89.16004943847673,26.14228820800787],[89.19777679443354,26.121940612792912],[89.23017120361357,26.122640609741325],[89.25405883789062,26.102180480957088],[89.26156616210943,26.063920974731673],[89.28797149658232,26.05804061889654],[89.32837677001964,26.037082672119197],[89.36312866210966,26.0076198577882],[89.39705657959013,26.020130157470817],[89.41365814209013,26.03943252563488],[89.43495941162115,26.042079925537223],[89.43297576904314,26.01552009582531],[89.46734619140625,25.998001098632812],[89.50829315185541,26.000339508056584],[89.52130889892595,26.008291244506893],[89.54469299316435,25.993980407714844],[89.54358673095703,25.970510482788086],[89.55789947509766,25.96458053588873],[89.5813369750976,25.978401184082088],[89.58518218994158,26.031328201294002],[89.65019989013666,26.068679809570426],[89.63160705566412,26.11544990539562],[89.60539245605469,26.12663078308117],[89.59866333007841,26.13912010192871],[89.62448120117205,26.177970886230582],[89.64138793945341,26.178800582885742],[89.63758087158232,26.227678298950195],[89.66086578369169,26.217670440673885],[89.69592285156261,26.175149917602653],[89.71875762939459,26.1660480499267],[89.7484359741211,26.15780067443876],[89.77059936523455,26.124210357666243],[89.76060485839872,26.112333297729606],[89.79016876220732,26.100429534912394],[89.78579711914091,26.08822059631342],[89.81481933593767,26.04075050354021],[89.8260803222658,26.009080886840763],[89.84748077392578,26.005041122436523],[89.85312652587919,25.987546920776424],[89.87429809570341,25.97056007385271],[89.84149169921903,25.96392250061035],[89.83193969726591,25.94146156311041],[89.8860702514649,25.94358825683605],[89.88147735595709,25.91933822631836],[89.8522033691408,25.88923072814947],[89.83051300048834,25.85329055786127],[89.83090209960943,25.837619781494254],[89.81452941894537,25.81698036193859],[89.82895660400408,25.808660507202433],[89.84494018554682,25.757190704345703],[89.83035278320318,25.73502922058134],[89.83779144287115,25.711940765380973],[89.85473632812506,25.708600997924805],[89.85443878173857,25.68427276611328],[89.87372589111357,25.65759086608915],[89.8863830566408,25.60808944702171],[89.8738021850586,25.549280166625977],[89.87145233154291,25.53729820251459],[89.85511016845703,25.476049423217887],[89.8553085327149,25.459672927856502],[89.83983612060547,25.438560485839844],[89.82166290283197,25.385360717773438],[89.82550811767578,25.349210739135856],[89.86055755615246,25.287799835205078],[89.88968658447271,25.289880752563477],[89.90637969970703,25.30742073059082],[89.9485931396485,25.29817008972168],[89.97548675537115,25.301349639892578],[89.98594665527344,25.282360076904354],[90.00551605224621,25.283138275146598],[90.03434753417969,25.266992568969727],[90.0569076538086,25.264060974121094],[90.0807113647461,25.24485969543457],[90.11958312988293,25.225549697875977],[90.17489624023449,25.224021911621094],[90.19828033447271,25.213130950927848],[90.27755737304688,25.200065612793082],[90.3180770874024,25.189659118652344],[90.33737182617199,25.19419097900402],[90.38273620605474,25.16307067871105],[90.41638946533203,25.15933036804205],[90.45497894287115,25.14443016052246],[90.5081176757812,25.171382904052848],[90.59644317626953,25.175670623779297],[90.63687896728516,25.17217826843273],[90.66699218750011,25.18749046325678],[90.6793060302735,25.17045021057129],[90.70439910888672,25.155271530151367],[90.7199096679688,25.166519165039176],[90.73979949951178,25.162309646606502],[90.78542327880871,25.183969497680664],[90.81440734863293,25.162500381469783],[90.85353851318354,25.155771255493164],[90.88568878173834,25.16426277160656],[90.92986297607422,25.160560607910213],[90.97045135498058,25.17136955261236],[91.07093048095714,25.19138908386236],[91.08249664306646,25.19749259948736],[91.13828277587902,25.193571090698356],[91.19904327392584,25.199569702148438],[91.25573730468756,25.195110321044922],[91.27378845214844,25.204307556152287],[91.3077163696289,25.182992935180607],[91.34063720703136,25.1727809906007],[91.36804962158209,25.17560958862299],[91.38883209228521,25.166400909423942],[91.42523193359375,25.165790557861385],[91.47406768798828,25.133859634399414],[91.51364898681652,25.145349502563533],[91.55885314941418,25.14929008483898],[91.58032989501959,25.172849655151367],[91.60330963134777,25.159950256347713],[91.60714721679688,25.14305114746105],[91.64453125,25.122720718383732],[91.67900848388683,25.138219833374137],[91.69584655761719,25.13908004760748],[91.70730590820312,25.15880012512207],[91.7380981445313,25.150699615478572],[91.75741577148449,25.179710388183537],[91.77877807617199,25.168630599975586],[91.83744812011724,25.182411193847656],[91.8577880859375,25.177610397338867],[91.92224884033203,25.18705940246582],[91.9732284545899,25.182199478149528],[91.98886108398438,25.1756210327149],[92.01802062988281,25.189439773559684],[92.03056335449213,25.182069778442383],[92.06555175781256,25.190031051635742],[92.13201141357433,25.16686820983898],[92.13949584960938,25.145500183105526],[92.19198608398438,25.120918273925895],[92.2033081054688,25.128320693969727],[92.22940063476568,25.100730895996207],[92.31006622314459,25.07316017150879],[92.33853149414068,25.081281661987305],[92.35595703124994,25.073360443115348],[92.34716796875011,25.052190780639705],[92.40113067626964,25.041492462158317],[92.42590332031261,25.031820297241325],[92.42363739013683,24.996099472045955],[92.4351577758789,24.966379165649414],[92.4605484008789,24.976150512695426],[92.47103118896484,24.964099884033203],[92.45883941650396,24.945661544799805],[92.49346160888683,24.935920715332145],[92.5018692016601,24.911729812622184],[92.49413299560553,24.876739501953182],[92.44700622558594,24.8629207611084],[92.41645050048828,24.862842559814453],[92.3950576782226,24.85535812377924],[92.36546325683605,24.88170051574707],[92.34841918945318,24.87897109985363],[92.31445312500006,24.907550811767635],[92.24523162841803,24.91024971008295],[92.25012969970703,24.884780883789176],[92.24411010742193,24.84937286376953],[92.25461578369146,24.834241867065373],[92.27777862548828,24.830408096313533],[92.29310607910162,24.7836017608642],[92.29827117919928,24.73655128479004],[92.26274871826172,24.688640594482536],[92.25064849853527,24.65355110168457],[92.2338333129884,24.561790466308594],[92.2342681884765,24.500440597534293],[92.2072525024414,24.506631851196403],[92.17336273193365,24.533969879150334],[92.16146087646501,24.512300491333065],[92.15779113769526,24.460376739501953],[92.1727981567384,24.430891036987305],[92.13912963867205,24.42444992065441],[92.1192092895509,24.383810043335018],[92.09654998779325,24.375480651855696],[92.01013183593778,24.38198089599615],[91.99857330322283,24.39111137390148],[91.9784393310548,24.380540847778434],[91.99830627441435,24.339290618896484],[91.9745178222658,24.331558227539062],[91.9571075439456,24.356250762939453],[91.92043304443365,24.335750579834098],[91.94185638427763,24.267578125000114],[91.90216064453153,24.137933731079215],[91.87853240966825,24.14784812927246],[91.87197875976568,24.17411041259777],[91.84175109863281,24.197719573974553],[91.84258270263678,24.221740722656307],[91.81555938720714,24.2089519500733],[91.74346923828153,24.247127532958984],[91.76222991943376,24.143430709838867],[91.75580596923834,24.142789840698356],[91.73175811767584,24.14241027832054],[91.66023254394537,24.187570571899414],[91.64449310302763,24.16938972473156],[91.63594818115234,24.139339447021428],[91.64227294921892,24.116319656372298],[91.63407897949236,24.102569580078182],[91.59619903564459,24.080209732055664],[91.5451965332033,24.076120376587028],[91.49048614501959,24.09780120849615],[91.4638061523438,24.09761047363287],[91.41031646728516,24.111110687255803],[91.37542724609392,24.107530593872127],[91.37708282470732,24.08125114440918],[91.39650726318371,24.051351547241268],[91.39083099365263,24.029052734375],[91.36058044433594,23.98651123046875],[91.30641174316406,23.998569488525504],[91.29965972900419,23.972721099853572],[91.28156280517578,23.98018836975109],[91.26608276367216,23.948640823364315],[91.27626800537126,23.92624092102045],[91.24430084228527,23.923889160156364],[91.23216247558594,23.899490356445256],[91.25760650634771,23.839651107788143],[91.23761749267584,23.811531066894645],[91.23409271240251,23.769359588623047],[91.21090698242193,23.751560211181754],[91.17236328125006,23.75205993652338],[91.15585327148432,23.723440170288086],[91.15828704833996,23.691221237182617],[91.20101165771496,23.69243049621582],[91.2084426879884,23.682680130004826],[91.20707702636724,23.65142250061035],[91.17616271972662,23.657190322875977],[91.16259002685564,23.628269195556697],[91.16900634765653,23.595132827758732],[91.19362640380854,23.574739456176758],[91.20419311523443,23.52422904968273],[91.22711944580084,23.514009475708065],[91.22824859619146,23.499750137329215],[91.25377655029303,23.48971939086914],[91.25985717773455,23.4484806060791],[91.28328704833984,23.41040992736839],[91.29207611084001,23.366069793701286],[91.30927276611328,23.35523986816429],[91.29725646972656,23.32098007202154],[91.32154846191418,23.302169799804688],[91.30641937255865,23.290559768676758],[91.3167572021485,23.273900985717773],[91.33088684082037,23.215789794921932],[91.33033752441435,23.157672882080078],[91.33934020996088,23.15101051330589],[91.35317230224615,23.101350784301758],[91.37767791748041,23.064050674438533],[91.4022827148437,23.051799774169922],[91.4219970703125,23.059249877929744],[91.40801239013666,23.094730377197266],[91.4099960327149,23.106809616088867],[91.39147186279314,23.152580261230412],[91.38883972167974,23.179460525512752],[91.39582061767578,23.2234401702882],[91.42177581787126,23.25724029541027],[91.45778656005854,23.255899429321346],[91.48951721191406,23.20220947265625],[91.50636291503912,23.186622619628963],[91.49829864501959,23.150810241699332],[91.52076721191423,23.11972808837902],[91.51550292968756,23.105560302734432],[91.53929138183611,23.06205940246582],[91.53851318359392,23.034719467163086],[91.55419921875006,23.033779144287166],[91.54683685302763,22.999429702758903],[91.56279754638678,22.976451873779297],[91.62425994873075,22.951311111450423],[91.65703582763678,22.986667633056697],[91.68562316894537,22.987859725952205],[91.69834136962908,23.002641677856502],[91.72811126709001,22.99688911437994],[91.7560501098634,23.01561927795416],[91.77124023437506,23.036779403686523],[91.77796936035162,23.06492805480957],[91.82337951660168,23.075662612915096],[91.83451843261736,23.091880798339957],[91.81208038330084,23.130689620971737],[91.81452178955095,23.13871955871582],[91.79940795898438,23.196678161621094],[91.78842926025396,23.214479446411133],[91.77091217041021,23.263759613037166],[91.7902603149414,23.309099197387695],[91.80821990966814,23.338659286499137],[91.84397125244152,23.38037109375],[91.85045623779308,23.40276908874506],[91.9010620117187,23.437112808227766],[91.92241668701166,23.4429607391358],[91.97605895996111,23.495960235595817],[91.96132659912104,23.516201019287223],[91.96386718750017,23.57883071899414],[91.95468139648455,23.5959415435791],[91.95667266845709,23.61792182922369],[91.94230651855486,23.681808471679744],[91.95732879638666,23.69911956787115],[91.96211242675781,23.727701187133732],[91.98361968994169,23.729740142822322],[92.0019760131836,23.68861007690441],[92.02677917480486,23.65740013122553],[92.03553009033197,23.661661148071403],[92.07067108154314,23.644649505615234],[92.08702850341791,23.65386962890625],[92.09065246582026,23.67712020874029],[92.1058883666995,23.676469802856502],[92.15045928955084,23.732490539550838],[92.17391967773443,23.742771148681754],[92.18006896972685,23.721420288085938],[92.21772766113298,23.695190429687614],[92.21293640136736,23.664201736450195],[92.22843933105474,23.659191131591854],[92.24691009521501,23.691759109497127],[92.24051666259777,23.708421707153263],[92.26634979248064,23.738727569580135],[92.29489898681669,23.694231033325252],[92.29532623291033,23.67551040649414],[92.28003692626982,23.64383888244629],[92.30017852783209,23.625259399414062],[92.2936096191408,23.595960617065543],[92.30586242675781,23.591262817382756],[92.31799316406278,23.5546112060548],[92.3128204345706,23.533781051635856],[92.3263473510745,23.508340835571232],[92.34076690673828,23.431182861328182],[92.36113739013689,23.409950256347656],[92.35981750488298,23.381288528442496],[92.38372039794928,23.353620529174805],[92.37351226806635,23.321332931518498],[92.38771057128912,23.30855941772461],[92.40055084228544,23.26732063293457],[92.39929199218767,23.26728820800804],[92.39616394042997,23.267202377319336],[92.40863037109392,23.242242813110465],[92.36109924316435,23.237537384033317],[92.36157226562506,23.19709014892578],[92.37162780761736,23.1597518920899],[92.36535644531267,23.11034965515148],[92.38587188720732,23.08368110656761],[92.39366912841808,23.058168411255167],[92.38179016113287,23.00996971130394],[92.3803176879884,22.95549964904791],[92.37577819824247,22.93988990783697],[92.41876220703142,22.912960052490234],[92.430717468262,22.889720916748047],[92.45826721191412,22.871959686279297],[92.46437072753912,22.856027603149357],[92.45842742919939,22.826370239258097],[92.47779083251982,22.79833030700678],[92.49140930175798,22.752040863037337],[92.5120697021485,22.73668098449707],[92.53174591064459,22.656141281127987],[92.54161834716803,22.554100036621094],[92.55760955810564,22.462690353393555],[92.56562042236345,22.391870498657283],[92.58753204345703,22.32098007202171],[92.58616638183622,22.289381027221737],[92.59767913818376,22.257150650024414],[92.60475158691412,22.182510375976506],[92.61479187011713,22.14685821533203],[92.57118225097662,22.1323299407959],[92.60498046875006,22.057630538940657],[92.61231994628906,21.980289459228516],[92.63791656494158,21.988670349121207],[92.65924072265625,22.014722824096737],[92.68077850341791,22.014190673828352],[92.68997955322283,22.04097938537609],[92.68383789062494,22.105348587036133],[92.69713592529308,22.09930992126465],[92.70343780517607,22.153781890869254],[92.73275756835943,22.149589538574276],[92.76567077636719,22.126319885253963],[92.7737426757813,22.111049652099723],[92.81709289550787,22.095569610595817],[92.82563781738287,22.079669952392578],[92.85243988037104,22.075769424438477],[92.8701629638673,22.060750961303825],[92.87467956542974,22.030099868774528],[92.89425659179688,22.011962890625114],[92.91575622558605,21.965049743652457],[92.94210815429688,22.018341064453125],[92.96656799316406,22.027120590210018],[92.98802947998058,21.982919692993164],[93.00924682617188,21.983930587768555],[93.01037597656244,22.011150360107422],[93.00076293945318,22.05564117431652],[93.01449584960943,22.0852108001709],[93.0159759521485,22.105470657348746],[93.06556701660162,22.102052688598576],[93.05921936035156,22.12754058837902],[93.04692840576178,22.138669967651424],[93.05493927001959,22.165430068969727],[93.04450988769526,22.193729400634766],[93.07698822021484,22.21010971069336],[93.10221862792974,22.198801040649414],[93.11717987060541,22.201330184936467],[93.13070678710949,22.17909049987793],[93.16295623779291,22.1823406219483],[93.14710998535168,22.246540069580078],[93.19036865234386,22.249692916870174],[93.20858001708984,22.26106834411621],[93.2019271850586,22.280870437622127],[93.19738006591803,22.3799724578858],[93.1908111572265,22.427259445190487],[93.17542266845703,22.451320648193473],[93.14575195312511,22.45846939086914],[93.13452148437511,22.474849700927734],[93.13777923583979,22.49509048461914],[93.13085174560553,22.526100158691463],[93.11168670654297,22.531789779663143],[93.11553192138672,22.554748535156307],[93.14560699462885,22.586122512817496],[93.13635253906256,22.62290954589838],[93.11477661132818,22.639190673828125],[93.11849975585949,22.651481628418082],[93.10354614257818,22.674089431762695],[93.1041717529298,22.696149826049805],[93.09175109863287,22.709341049194393],[93.11268615722662,22.744239807128906],[93.10402679443354,22.78711128234869],[93.0992660522461,22.81040954589838],[93.11618804931669,22.816280364990234],[93.1216659545899,22.862752914428825],[93.13832855224638,22.893390655517635],[93.13875579833984,22.913179397583065],[93.16277313232416,22.913530349731502],[93.1425018310548,22.96442031860346],[93.14762115478521,22.980600357055664],[93.12106323242188,23.012840270996094],[93.13162994384777,23.02589988708496],[93.14185333251953,23.06060981750494],[93.1678314208985,23.049020767212028],[93.1869354248048,23.05718421936041],[93.20616912841803,23.056869506835938],[93.23409271240246,23.02186012268072],[93.2531967163086,23.006481170654354],[93.30195617675793,23.008319854736328],[93.33264160156256,23.035671234130916],[93.35820007324224,23.077941894531307],[93.36502075195318,23.116689682006836],[93.39364624023443,23.13861274719244],[93.37394714355469,23.15030097961437],[93.39470672607416,23.224279403686523],[93.37841796875006,23.256130218505916],[93.37932586669928,23.332679748535156],[93.3658065795899,23.354480743408146],[93.41423797607428,23.38801193237316],[93.39826202392584,23.411260604858455],[93.39718627929682,23.433311462402457],[93.40706634521496,23.475311279296818],[93.40762329101574,23.50848007202154],[93.42764282226574,23.534370422363338],[93.42397308349615,23.569351196289062],[93.43305206298828,23.582439422607422],[93.42827606201166,23.653549194335994],[93.4447021484375,23.68242835998541],[93.41694641113287,23.712129592895565],[93.41773223876964,23.73254966735834],[93.40444946289062,23.775051116943303],[93.40982818603516,23.813610076904297],[93.39916229248053,23.82421112060547],[93.3955917358399,23.887279510498104],[93.39871978759766,23.93028068542486],[93.3649368286134,23.945970535278377],[93.35160827636719,23.97798156738287],[93.3374481201173,23.98278999328619],[93.34216308593756,24.03067016601574],[93.33737182617193,24.05340003967291],[93.33400726318388,24.090129852294865],[93.35383605957043,24.09768104553234],[93.41542816162115,24.079219818115348],[93.43286895751953,24.06166267395014],[93.4440307617188,24.027759552001896],[93.46697998046903,23.999309539795036],[93.47220611572266,23.970680236816406],[93.51508331298845,23.947168350219783],[93.53050231933588,23.96077919006342],[93.60929107666016,23.973449707031364],[93.6209106445312,23.991199493408203],[93.61630249023466,24.010740280151424],[93.65244293212908,24.013509750366154],[93.73995208740234,23.999170303344727],[93.74661254882807,24.008541107177734],[93.76222229003935,24.00414085388195],[93.773490905762,23.982400894165096],[93.79354858398438,23.967510223388672],[93.80805969238298,23.933120727539062],[93.86622619628923,23.937919616699276],[93.8960800170899,23.954828262329215],[93.92096710205095,23.95677947998047],[93.95378112792986,23.950199127197266],[93.96938323974604,23.933940887451172],[94.01769256591814,23.93395042419445],[94.04322052001953,23.91800117492687],[94.05111694335943,23.900430679321346],[94.09609222412126,23.893571853637752],[94.1226425170899,23.842729568481445],[94.13929748535185,23.85589981079113],[94.16146087646479,23.85277938842796],[94.16822814941412,23.889139175415096],[94.16951751709001,23.928689956665153],[94.19596862792997,23.937721252441463],[94.19449615478533,23.96500968933117],[94.24532318115246,24.044242858886832],[94.25969696044922,24.089559555053825],[94.25798797607422,24.14294815063488],[94.26271820068388,24.16774749755865],[94.28372955322266,24.179880142212028],[94.29514312744169,24.23985099792486],[94.31324768066435,24.254079818725586],[94.32798767089844,24.292430877685604],[94.32634735107428,24.33894920349121],[94.3517532348634,24.342010498046818],[94.38610839843778,24.384620666503963],[94.36534118652372,24.399679183960018],[94.39916992187517,24.413141250610465],[94.40748596191435,24.431221008300895],[94.4089813232423,24.489631652831974],[94.42959594726591,24.493339538574276],[94.4654922485351,24.57555961608898],[94.48533630371094,24.582241058349553],[94.52079772949213,24.616790771484432],[94.55074310302729,24.674919128418026],[94.55098724365251,24.716539382934627],[94.59098815917963,24.71092987060547],[94.61084747314453,24.72211265563965],[94.63330841064482,24.76496124267601],[94.62536621093767,24.784799575805664],[94.64122009277344,24.84873962402355],[94.65683746337908,24.873598098754996],[94.69209289550781,24.899862289428654],[94.70585632324236,24.934280395507812],[94.71907043457037,24.942470550537166],[94.70189666748053,24.968441009521598],[94.71318817138678,24.99369049072277],[94.74221038818388,25.02524948120123],[94.750717163086,25.063518524169922],[94.745658874512,25.13659095764166],[94.64778137207043,25.174411773681754],[94.63092041015625,25.190380096435604],[94.60167694091791,25.1951904296875],[94.58535766601568,25.215749740600586],[94.59925842285156,25.26687049865734],[94.59867858886736,25.28907012939453],[94.62211608886736,25.3367595672608],[94.63117980957043,25.387290954589844],[94.64919281005876,25.406351089477482],[94.67624664306635,25.42058944702154],[94.68242645263678,25.45973014831543],[94.68863677978527,25.465499877929688],[94.74651336669928,25.479129791259766],[94.77274322509777,25.481292724609375],[94.81249237060547,25.495370864868278],[94.83686065673828,25.55048942565918],[94.85301208496105,25.56330108642578],[94.90499114990234,25.56711006164562],[94.88897705078125,25.593111038208008],[94.92090606689464,25.61483192443842],[94.93509674072266,25.664550781249943],[94.98367309570324,25.704280853271598],[95.00939941406256,25.73851013183605],[95.03369140624994,25.741439819335938],[95.05252838134777,25.762659072875977],[95.04550170898449,25.782791137695426],[95.04937744140625,25.81007194519043],[95.03748321533214,25.82022285461437],[95.03322601318365,25.846530914306697],[95.01541137695312,25.872020721435547],[95.02803039550781,25.919849395751896],[95.05741119384771,25.946977615356502],[95.07894897460938,25.950838088989315],[95.10646820068365,25.968151092529297],[95.1175384521485,25.987749099731445],[95.16471862792963,26.0350017547608],[95.16557312011724,26.053379058837834],[95.18535614013672,26.08468246459961],[95.1659164428711,26.099010467529297],[95.12671661376964,26.100999832153263],[95.1278762817384,26.136970520019645],[95.11683654785168,26.163009643554688],[95.12829589843744,26.203149795532283],[95.14253997802746,26.214241027832145],[95.1212310791015,26.23870086669922],[95.12966918945312,26.25617027282709],[95.12069702148438,26.27487182617199],[95.13114929199213,26.292499542236442],[95.12822723388678,26.329259872436523],[95.1357421875,26.387832641601506],[95.10476684570318,26.401250839233455],[95.10867309570312,26.42373085021967],[95.0687866210937,26.466672897338924],[95.12078094482428,26.529790878295955],[95.11479187011719,26.54800033569336],[95.13854980468761,26.560472488403434],[95.15448760986328,26.580802917480582],[95.15470886230474,26.61948966979992],[95.18202209472668,26.64326095581066],[95.20616912841797,26.64912986755371],[95.23763275146484,26.686290740966797],[95.26003265380871,26.686351776123104],[95.27202606201178,26.662820816040096],[95.30258178710949,26.656021118164062],[95.34664916992199,26.677940368652287],[95.36586761474615,26.677589416503906],[95.40643310546875,26.696620941162166],[95.42330932617199,26.696712493896598],[95.46566009521496,26.750410079956055],[95.48348999023438,26.75498962402338],[95.51480102539068,26.8131999969483],[95.5456771850586,26.837860107421932],[95.5747528076173,26.82567024230957],[95.61151885986334,26.821212768554688],[95.63223266601562,26.849479675293026],[95.63675689697277,26.879289627075252],[95.65099334716803,26.88384819030773],[95.67336273193371,26.910221099853516],[95.70349121093761,26.887189865112305],[95.73081207275402,26.887491226196346],[95.75499725341808,26.9078884124757],[95.75254821777355,26.93023109436041],[95.76368713378906,26.944980621337947],[95.76087951660162,26.963989257812614],[95.77964782714838,26.989990234375],[95.81529998779308,27.022220611572322],[95.83796691894543,27.015310287475586],[95.87713623046875,27.020498275756836],[95.95712280273443,27.06822013854986],[95.97918701171875,27.110729217529354],[96.01693725585938,27.1547908782959],[96.03643035888672,27.196050643920955],[96.08638763427734,27.217050552368164],[96.16368865966803,27.254480361938533],[96.18209838867182,27.254249572753963],[96.21810913085949,27.26958084106451],[96.23432922363293,27.2848796844483],[96.27865600585938,27.279382705688477],[96.3108367919923,27.302040100097656],[96.34771728515625,27.288391113281307],[96.36412048339844,27.300161361694393],[96.39157104492188,27.29458045959484],[96.4334869384765,27.30994033813471],[96.50003051757824,27.309360504150334],[96.53074645996105,27.298049926757812],[96.56182861328136,27.325252532958984],[96.6008071899414,27.344631195068473],[96.59829711914062,27.356451034545955],[96.62048339843756,27.37281990051281],[96.64611816406261,27.36783027648937],[96.67015838623058,27.37230110168457],[96.69374084472662,27.365518569946346],[96.7125473022461,27.380729675293026],[96.74069213867193,27.364459991455192],[96.77295684814464,27.364959716796818],[96.80236053466808,27.354431152343864],[96.81710052490234,27.32954025268566],[96.84974670410162,27.306280136108455],[96.85566711425787,27.28030967712408],[96.88510131835949,27.26795959472662],[96.89000701904303,27.236869812011776],[96.86337280273449,27.219240188598746],[96.86622619628918,27.19968986511242],[96.91841125488287,27.175489425659293],[96.98465728759777,27.1667098999024],[97.03022003173834,27.141740798950252],[97.06268310546886,27.111160278320312],[97.10855865478516,27.12125968933111],[97.13098907470714,27.103740692138786],[97.1464309692384,27.102840423583984],[97.15590667724615,27.126380920410156],[97.1717376708985,27.13681030273449],[97.14991760253906,27.178340911865234],[97.12729644775396,27.185171127319393],[97.11669921874994,27.209220886230526],[97.09514617919916,27.2214298248291],[97.0940780639649,27.247890472412223],[97.04358673095709,27.289751052856502],[97.04032897949224,27.30785942077648],[97.00334167480474,27.329940795898494],[96.99746704101574,27.355100631713924],[96.96900939941412,27.386270523071346],[96.96552276611334,27.415359497070312],[96.94139099121105,27.426950454712028],[96.93334197998053,27.45051193237299],[96.91184997558588,27.462709426879883],[96.91385650634771,27.488412857055607],[96.9376831054688,27.530059814453182],[96.91580963134777,27.55828285217285],[96.91403198242193,27.5884304046632],[96.89922332763683,27.59362983703619],[96.9005813598634,27.624269485473633],[96.91944885253918,27.63145065307623],[96.92896270751964,27.656032562255916],[96.95865631103521,27.674280166626033],[96.97830200195318,27.671873092651367],[97.00322723388672,27.710470199585075],[97.01574707031261,27.740631103515682],[97.06754302978516,27.759721755981502],[97.096420288086,27.749929428100643],[97.10246276855469,27.793420791625977],[97.12428283691418,27.7985000610351],[97.1373519897461,27.815061569213867],[97.1603469848634,27.822591781616268],[97.20256042480469,27.86440277099615],[97.25647735595714,27.909530639648438],[97.30870819091803,27.92996025085455],[97.34352111816406,27.89406013488781],[97.36479949951183,27.885129928588924],[97.38902282714855,27.89637947082531],[97.37856292724621,27.918010711669922],[97.37806701660156,27.98615074157715],[97.39856719970714,28.03411102294922],[97.37706756591797,28.03909111022955],[97.36604309082031,28.06809806823742],[97.31179046630871,28.069950103759822],[97.31021118164068,28.093250274658317],[97.33901214599615,28.119541168212947],[97.32469940185553,28.148229598999137],[97.33080291748053,28.162971496582145],[97.37201690673834,28.20039939880371],[97.40056610107422,28.200500488281307],[97.37465667724615,28.225601196289062],[97.28206634521479,28.276260375976676],[97.24124145507824,28.27513122558605],[97.22424316406261,28.299890518188533],[97.19259643554699,28.294401168823242],[97.16937255859375,28.3022518157959],[97.15880584716808,28.326940536499137],[97.1259384155274,28.356220245361385],[97.09256744384771,28.36969184875494],[97.05181884765636,28.358068466186467],[97.02268981933594,28.326259613037166],[96.99649810791027,28.316230773925838],[96.95276641845709,28.33995056152355],[96.92590332031256,28.345029830932674],[96.91996002197271,28.363349914550838],[96.89866638183605,28.385900497436637],[96.8264770507813,28.36720275878912],[96.77437591552734,28.374071121215877],[96.7574920654298,28.415430068969727],[96.68144989013666,28.451202392578068],[96.66456604003912,28.46577072143566],[96.59866333007807,28.466230392456055],[96.55953216552746,28.45302963256836],[96.55113220214855,28.442222595214957],[96.51026153564459,28.41830825805664],[96.47998809814464,28.424610137939453],[96.45826721191418,28.419221878051758],[96.43199920654297,28.39173126220703],[96.42285919189453,28.35097122192377],[96.39940643310547,28.344499588012695],[96.38001251220709,28.364091873168945],[96.37094116210938,28.394300460815543],[96.31532287597662,28.388420104980582],[96.30464172363287,28.404720306396598],[96.26596069335943,28.41704940795904],[96.33506011962902,28.462779998779297],[96.36695861816406,28.479530334472713],[96.36091613769537,28.509729385376033],[96.3243026733399,28.53034019470215],[96.35460662841803,28.56059074401867],[96.36797332763678,28.563531875610465],[96.40077209472662,28.562370300293082],[96.40735626220697,28.594432830810604],[96.42250061035162,28.585029602050838],[96.4444427490235,28.605989456176758],[96.47289276123053,28.622472763061523],[96.49516296386719,28.6437606811524],[96.47054290771484,28.684551239013786],[96.49057006835938,28.688497543335018],[96.53222656250006,28.711498260498047],[96.56001281738281,28.71186256408697],[96.5859375,28.721588134765682],[96.61551666259766,28.764820098877067],[96.60838317871105,28.798070907592887],[96.58425903320318,28.82151985168457],[96.5374526977539,28.88412094116211],[96.53872680664074,28.920982360839787],[96.52121734619152,28.965209960937614],[96.4875259399414,28.965339660644588],[96.47740173339844,28.99403953552246],[96.52519989013683,29.07928085327154],[96.47715759277355,29.060140609741325],[96.435791015625,29.037588119506893],[96.34670257568354,29.032268524169865],[96.293701171875,28.998729705810547],[96.22814941406256,28.92933082580572],[96.1665267944336,28.905929565429688],[96.14524841308605,28.937488555908203],[96.15516662597668,28.955602645874137],[96.1804428100586,28.968540191650504],[96.18485260009771,28.98811912536621],[96.15039062500011,29.053140640258846],[96.1242065429688,29.080669403076286],[96.1695022583009,29.08763122558605],[96.20033264160162,29.10593032836914],[96.21749877929693,29.138099670410156],[96.26020050048834,29.160160064697322],[96.34635925292969,29.171030044555778],[96.35849761962902,29.181629180908203],[96.37136840820312,29.218030929565487],[96.387710571289,29.233711242675838],[96.39280700683605,29.256500244140625],[96.3749771118164,29.28372955322277],[96.34533691406261,29.26735115051281],[96.31260681152344,29.25909996032709],[96.29299926757818,29.235788345336914],[96.2508392333985,29.233238220214844],[96.2341690063476,29.24345970153803],[96.21005249023443,29.274860382080192],[96.20323944091808,29.293619155883846],[96.1830825805664,29.309251785278377],[96.18578338623047,29.344480514526424],[96.1499862670899,29.399259567260856],[96.11319732666027,29.427509307861328],[96.0928192138673,29.456430435180664],[96.05560302734386,29.458410263061637],[96.01452636718756,29.421350479125977],[95.95710754394537,29.382667541503963],[95.88085174560553,29.391490936279297],[95.84030151367182,29.353742599487305],[95.82681274414062,29.355710983276424],[95.79102325439459,29.337898254394645],[95.77762603759771,29.356399536132926],[95.74540710449224,29.329120635986328],[95.72705078125,29.302469253540153],[95.70189666748047,29.300420761108455],[95.67323303222656,29.271099090576172],[95.63121795654308,29.24904823303234],[95.59873199462896,29.261861801147518],[95.58763122558594,29.242372512817496],[95.5858001708985,29.21799278259283],[95.54502868652355,29.215589523315543],[95.54680633544922,29.128650665283203],[95.50353240966797,29.14299011230463],[95.49186706542969,29.123680114746207],[95.48908996582037,29.089740753173828],[95.45433807373053,29.03699111938488],[95.42154693603521,29.04121017456066],[95.41013336181646,29.034120559692496],[95.34548950195324,29.046110153198242],[95.30274963378912,29.06291961669922],[95.27237701416021,29.058612823486328],[95.2501068115235,29.068571090698242],[95.25076293945312,29.109880447387695],[95.17752075195312,29.10857963562023],[95.12175750732433,29.116250991821346],[95.09839630126953,29.143800735473576],[95.0397415161134,29.152421951293945],[95.00491333007812,29.1704998016358],[95.01116180419933,29.13340759277355],[94.9676895141601,29.159751892089957],[94.91880035400396,29.16230010986328],[94.8718032836914,29.184289932250977],[94.84658813476562,29.182991027832145],[94.79798889160156,29.164609909057674],[94.7978973388673,29.20998954772955],[94.76653289794922,29.25279045104992],[94.71105194091803,29.304340362548885],[94.67724609375,29.327840805053768],[94.62815856933605,29.348590850830135],[94.61071014404303,29.301162719726562],[94.57389068603516,29.27517127990734],[94.57208251953136,29.25057029724121],[94.55789947509771,29.228910446167106],[94.53306579589844,29.218719482421818],[94.49446105957043,29.216672897338924],[94.43118286132812,29.22682189941412],[94.37227630615234,29.19022941589367],[94.36370086669922,29.1572208404541],[94.35016632080084,29.15020942687994],[94.28772735595697,29.14814949035656],[94.25768280029303,29.116790771484432],[94.21469116210938,29.08408927917486],[94.18498992919928,29.039121627807674],[94.17192840576183,29.007001876831055],[94.17294311523438,28.991821289062557],[94.15513610839855,28.95476150512701],[94.07884216308605,28.90582084655773],[94.04399871826172,28.873830795288086],[94.03006744384766,28.85345077514654],[93.99491119384777,28.841369628906307],[93.99997711181646,28.819770812988338],[93.98526763916016,28.798290252685547],[94.00142669677729,28.775539398193303],[93.96850585937506,28.751382827758846],[93.96028900146484,28.713060379028377],[93.93456268310553,28.67709922790533],[93.90412902832043,28.67666053771984],[93.86527252197266,28.70371246337902],[93.8440399169923,28.70738983154297],[93.77517700195324,28.668518066406307],[93.7315673828125,28.689279556274357],[93.68551635742199,28.679340362548885],[93.63887023925781,28.661909103393498],[93.60698699951166,28.655878067016715],[93.52446746826172,28.661279678344727],[93.49550628662115,28.68402290344244],[93.47917938232433,28.67498016357422],[93.47419738769543,28.653650283813477],[93.44567108154297,28.676040649414176],[93.41184234619152,28.652900695800838],[93.33230590820324,28.633680343627873],[93.32763671875006,28.608289718628043],[93.2998733520509,28.59955024719244],[93.30526733398438,28.56625938415533],[93.28890991210938,28.54341125488287],[93.27591705322266,28.50482940673828],[93.22905731201178,28.477951049804688],[93.20754241943371,28.452228546142692],[93.18266296386719,28.439990997314567],[93.19036865234386,28.426019668579215],[93.23152160644537,28.400711059570312],[93.21927642822266,28.361499786376953],[93.21988677978521,28.335510253906307],[93.19375610351568,28.318040847778377],[93.15496826171875,28.3184814453125],[93.12478637695324,28.326799392700252],[93.09535217285162,28.30707931518566],[93.07203674316406,28.30925941467291],[93.0219116210938,28.299930572509822],[93.03378295898449,28.263130187988224],[93.00035858154303,28.230791091918945],[92.98596191406244,28.251310348510742],[92.96452331542974,28.261810302734375],[92.91294860839844,28.23501968383789],[92.89525604248053,28.204610824585018],[92.82126617431646,28.173919677734375],[92.81932067871094,28.19741058349615],[92.79963684082031,28.202230453491325],[92.78302764892578,28.183740615844783],[92.736557006836,28.151550292968693],[92.70458221435558,28.136568069458008],[92.68016052246105,28.1180095672608],[92.66293334960943,28.062770843505803],[92.69542694091808,28.048370361328068],[92.73948669433605,27.98941040039074],[92.73316192626959,27.977930068969783],[92.70125579833984,27.933809280395508],[92.6692123413086,27.90013122558605],[92.60507202148438,27.877508163452205],[92.56069183349615,27.82104110717779],[92.54389953613281,27.817470550537223],[92.51509094238281,27.84021949768072],[92.49250793457043,27.836820602416992],[92.45493316650402,27.803262710571403],[92.4438095092774,27.800781250000114],[92.41385650634771,27.823040008544922],[92.38295745849615,27.81557083129877],[92.37983703613281,27.795019149780217],[92.31595611572266,27.778240203857422],[92.2846908569336,27.80755996704096],[92.26737976074224,27.853939056396484],[92.25515747070318,27.862169265747127],[92.20028686523449,27.85707283020031],[92.15609741210938,27.83702087402355],[92.0553970336914,27.759130477905387],[92.03777313232433,27.75720024108898],[91.98385620117188,27.769990921020508],[91.95558929443371,27.750669479370174],[91.94506072998058,27.728691101074162],[91.91876220703136,27.715101242065373],[91.90837860107428,27.726310729980526],[91.878646850586,27.721839904785156],[91.86052703857428,27.736932754516715],[91.84519958496094,27.77565956115717],[91.83348846435558,27.779888153076286],[91.8279495239259,27.80755043029785],[91.77112579345714,27.801240921020508],[91.7095718383789,27.813289642333928],[91.69412231445312,27.822130203247127],[91.66932678222656,27.856710433960018],[91.60737609863281,27.85400009155279],[91.56973266601574,27.860719680786246],[91.54579162597662,27.846851348876896],[91.56546783447271,27.81531524658203],[91.59882354736334,27.820852279663143],[91.62815856933594,27.800830841064567],[91.63114166259777,27.771570205688533],[91.62374114990234,27.70597076416027],[91.59180450439459,27.683231353759766],[91.55773925781244,27.633466720580998],[91.57681274414057,27.599559783935604],[91.56200408935553,27.584209442138615],[91.59442138671875,27.539552688598633],[91.6092529296875,27.541627883911076],[91.62052154541016,27.51330375671381],[91.64409637451183,27.49899291992199],[91.65323638916027,27.48298072814947],[91.69008636474621,27.50275039672863],[91.71063995361334,27.491249084472656],[91.7138290405274,27.473632812500114],[91.75659179687506,27.473312377929688],[91.77381134033214,27.46451568603527],[91.8094100952149,27.472600936889705],[91.8284759521485,27.46898078918457],[91.84913635253918,27.482551574707088],[91.89850616455084,27.46827125549322],[91.92273712158209,27.471349716186467],[91.9393768310548,27.46063041687023],[92.01117706298828,27.481830596923828],[92.02391815185547,27.44159126281744],[92.03875732421886,27.436510086059684],[92.04207611083984,27.412839889526367],[92.05447387695312,27.400117874145508],[92.04605865478516,27.379259109497184],[92.06020355224615,27.34528541564947],[92.05879211425776,27.327199935913086],[92.0779876708985,27.31028938293457],[92.11734008789074,27.292825698852596],[92.1016235351563,27.269109725952262],[92.07002258300793,27.277360916137752],[92.03992462158203,27.261802673339844],[92.0657806396485,27.24496078491211],[92.0696487426759,27.22364044189453],[92.0562362670899,27.18959045410162],[92.02522277832026,27.17176055908203],[92.03647613525385,27.13843536376953],[92.02220153808594,27.114919662475586],[92.02777862548834,27.078580856323356],[92.04490661621094,27.051969528198242],[92.06395721435547,27.05220985412592],[92.07980346679688,27.02060890197754],[92.10328674316406,27.007749557495174],[92.10212707519531,26.983001708984432],[92.1132431030274,26.975730895996094],[92.11706542968756,26.93241691589361],[92.10788726806646,26.89381980895996],[92.09741973876959,26.868610382080078],[92.05519104003906,26.84805297851574],[91.98558044433594,26.858253479003963],[91.95397949218756,26.88774108886713],[91.89726257324219,26.916130065918082],[91.85346221923834,26.91229057312023],[91.83184814453125,26.876388549804744],[91.80197143554693,26.85206031799322],[91.7269287109375,26.812559127807617],[91.70420074462902,26.811859130859375],[91.67928314208984,26.804748535156364],[91.62380218505865,26.82132339477539],[91.59076690673828,26.80476951599121],[91.49276733398443,26.789764404296875],[91.47824096679688,26.79179000854498],[91.40834808349621,26.835561752319393],[91.3796157836914,26.80149841308605],[91.33631896972656,26.779651641845817],[91.29505157470714,26.785158157348746],[91.26233673095703,26.80500030517578],[91.18033599853516,26.811449050903434],[91.1297378540039,26.808479309082088],[91.08908843994152,26.818441390991325],[91.05397796630871,26.77947235107422],[90.99600982666027,26.788270950317383],[90.95475769042974,26.783840179443473],[90.80214691162115,26.77404975891119],[90.7410049438476,26.775043487548885],[90.69986724853516,26.768014907836857],[90.67938232421886,26.780242919921932],[90.64910125732422,26.77428054809576],[90.614990234375,26.795093536377067],[90.56378173828136,26.799640655517635],[90.4097061157226,26.90192031860363],[90.35510253906261,26.896089553833065],[90.34577941894543,26.876436233520565],[90.31169891357422,26.850851058960075],[90.29039764404303,26.84847068786621],[90.22618865966808,26.858240127563477],[90.19464874267584,26.83302116394043],[90.18256378173828,26.804111480712834],[90.18872070312506,26.770572662353516],[90.12783813476562,26.749042510986328],[90.0552368164063,26.729330062866325],[90.00206756591808,26.73434066772461],[89.95777893066412,26.723165512085018],[89.88939666748047,26.72438812255865],[89.85839843750006,26.73122978210455],[89.8694686889649,26.67381095886236],[89.8614120483399,26.70034980773943],[89.80721282959001,26.71502113342285],[89.77693176269537,26.699310302734375],[89.75512695312517,26.720640182495117],[89.72640991210943,26.722333908080998],[89.7032775878908,26.73712158203125],[89.66951751709001,26.739246368408317],[89.65863037109392,26.718481063842887],[89.61429595947294,26.725633621215934],[89.6418533325197,26.74703025817894],[89.65351104736334,26.771881103515852],[89.62680816650396,26.77623176574707],[89.61122894287121,26.789398193359432],[89.56677246093756,26.80171775817871],[89.52838897705084,26.818994522094727],[89.49632263183611,26.803001403808707],[89.45928192138672,26.80625915527355],[89.44798278808622,26.83476066589361],[89.38950347900408,26.841850280761776],[89.3844451904298,26.861772537231673],[89.35974121093767,26.8633708953858],[89.32834625244146,26.84013175964361],[89.31989288330095,26.853248596191406],[89.25205230712896,26.816429138183594],[89.23564910888678,26.820739746093864],[89.18978881835955,26.808521270751953],[89.1729125976563,26.82165336608898],[89.12903594970709,26.809190750122355],[89.10202789306635,26.836309432983626],[89.10414123535156,26.85984039306652],[89.08779144287115,26.875078201293945],[89.08583068847656,26.897348403930664],[89.04946899414068,26.902528762817553],[89.04641723632818,26.919708251953352],[89.02744293212885,26.937997817993164],[88.98458862304705,26.920761108398438],[88.96237945556669,26.92413139343256],[88.94141387939482,26.93857765197771],[88.95547485351568,26.954195022583008],[88.94653320312528,26.977384567260742],[88.91131591796892,26.99436950683588],[88.87216186523466,26.964649200439567],[88.87049865722673,27.01081085205078],[88.87873077392595,27.03840065002447],[88.86991882324219,27.108720779418945],[88.82614898681646,27.117660522460994],[88.80004882812528,27.136819839477596],[88.75101470947277,27.142934799194336],[88.75168609619158,27.148210525512695],[88.73718261718767,27.139520645141715],[88.73501205444353,27.138506646618442],[88.7371826171875,27.139520645141715],[88.7516860961914,27.148210525512695],[88.76069641113287,27.158100128173942],[88.75839233398443,27.171970367431697],[88.78467559814453,27.18198966979992],[88.80068969726562,27.220680236816463],[88.80110168457031,27.247579574585075],[88.83519744873047,27.263069152832145],[88.8724136352539,27.258842468261776],[88.89920806884771,27.274972915649528],[88.92237091064453,27.326320648193473],[88.88986206054693,27.33640098571783],[88.87915039062506,27.36444091796875],[88.85653686523449,27.386779785156307],[88.83831024169928,27.3788299560548],[88.80600738525385,27.41423988342285],[88.79247283935547,27.416410446166935],[88.80316925048845,27.427139282226506],[88.7833862304688,27.45555114746105],[88.78322601318365,27.496480941772575],[88.78856658935553,27.528600692749023],[88.77510070800776,27.537599563598746],[88.76706695556669,27.5649604797365],[88.7855758666995,27.576280593872127],[88.80548858642595,27.60325050354021],[88.80990600585943,27.641918182373104],[88.8223266601563,27.642839431762752],[88.8466110229495,27.66889953613287],[88.84552764892595,27.700311660766715],[88.86238098144537,27.739000320434684],[88.85233306884794,27.7783203125],[88.85573577880888,27.818122863769645],[88.88099670410173,27.83896064758312],[88.88018798828153,27.895240783691406],[88.8589477539063,27.925270080566463],[88.83625030517584,27.93200111389166],[88.84088134765653,27.991001129150675],[88.8290557861331,28.015159606933707],[88.79944610595709,28.030691146850643],[88.7822875976563,28.050769805908374],[88.75108337402344,28.07331275939947],[88.68579864501982,28.078979492187557],[88.66677093505854,28.074079513549975],[88.63768768310553,28.104370117187557],[88.6164627075197,28.10367965698248],[88.57483673095697,28.085609436035156],[88.5544509887697,28.08483123779297],[88.55227661132841,28.06540107727068],[88.53334045410162,28.036619186401424],[88.50113677978521,28.04893112182623],[88.48185729980474,28.045009613037223],[88.46160125732422,28.019809722900504],[88.42653656005865,28.008119583130167],[88.38880157470709,27.97784042358427],[88.36376190185553,27.988140106201456],[88.33776092529297,27.987989425659464],[88.30478668212908,27.969961166381836],[88.28038024902361,27.967781066894588],[88.24388885498075,27.948539733886776],[88.2327728271485,27.96587944030773],[88.20347595214838,27.966619491577205],[88.19476318359375,27.94621086120611],[88.17362213134771,27.944709777832088],[88.13906097412126,27.963479995727823],[88.1138916015625,27.91219139099121],[88.12998199462902,27.881515502929688],[88.15131378173834,27.87651443481451],[88.20392608642584,27.837314605712834],[88.18789672851562,27.810306549072493],[88.19992065429693,27.790529251098746],[88.18441772460955,27.774515151977482],[88.18121337890642,27.74681472778326],[88.16104888916021,27.740617752075195],[88.15071105957037,27.70200729370123],[88.15744781494152,27.690382003784407],[88.14725494384783,27.665403366089095],[88.12262725830095,27.645267486572436],[88.1168823242187,27.614038467407283],[88.0871353149414,27.589000701904467],[88.06348419189453,27.53972625732422],[88.06411743164068,27.511816024780273],[88.04921722412126,27.501214981079272],[88.046615600586,27.47841453552263],[88.08126831054705,27.431768417358455],[88.05321502685564,27.412614822387752],[88.04441833496111,27.37071609497076],[88.06921386718767,27.33558082580595],[88.05522155761747,27.32430076599138],[88.03429412841791,27.28599548339838],[88.03341674804693,27.249715805053654],[88.01696777343767,27.21887207031267],[88.00992584228533,27.142959594726733],[87.99381256103544,27.130540847778605],[87.99417114257818,27.105207443237532],[88.01441955566435,27.097114562988565],[88.01863861084013,27.07671928405756],[88.04026031494158,27.036317825317667],[88.08561706542986,27.0286159515382],[88.09111022949247,27.00789451599121],[88.1207885742188,26.98711776733421],[88.12301635742205,26.95011520385765],[88.1486206054688,26.920415878296126],[88.13893127441412,26.89838600158714],[88.17448425292963,26.868902206420955],[88.17021942138678,26.83711624145525],[88.19049835205072,26.77141189575218],[88.18466186523443,26.719184875488452],[88.16999816894537,26.69892692565918],[88.16561889648443,26.645740509033487],[88.14464569091803,26.625482559204386],[88.14179992675787,26.606517791748217],[88.12151336669939,26.567815780639762],[88.10798645019537,26.56060981750494],[88.10543060302729,26.539407730102596],[88.10621643066423,26.536014556884993],[88.10614776611357,26.535623550415096],[88.09770965576178,26.516132354736328],[88.10594940185558,26.466707229614258],[88.09740447998075,26.437442779541072],[88.0811157226563,26.419815063476847],[88.02969360351591,26.381532669067667],[88.03255462646513,26.36463165283226],[88.01018524169928,26.36077880859375],[87.9950256347658,26.369354248046875],[87.99415588378912,26.392219543456974],[87.96831512451189,26.396816253662166],[87.9349975585938,26.417695999145508],[87.92667388916044,26.44640350341814],[87.90252685546892,26.477127075195312],[87.86080932617193,26.463428497314567],[87.85121917724626,26.436214447021484],[87.79494476318376,26.468524932861385],[87.77912902832048,26.447397232055835],[87.77555847167974,26.419187545776424],[87.7361602783206,26.407505035400447],[87.71217346191423,26.427118301391886],[87.68023681640653,26.435094833374194],[87.68086242675776,26.415458679199332],[87.65277099609403,26.405517578125284],[87.6458358764649,26.3933486938476],[87.59022521972685,26.392213821411417],[87.55532073974638,26.405414581299112],[87.55001831054682,26.418214797973803],[87.51892852783197,26.430620193481616],[87.46909332275419,26.44006538391119],[87.43019866943388,26.42204475402832],[87.39102935791021,26.418697357177734],[87.37129211425776,26.40775489807129],[87.35886383056669,26.38787078857422],[87.36085510253923,26.36077880859375],[87.34341430664091,26.347515106201172],[87.31591033935553,26.367204666137752],[87.26838684082037,26.37361145019537],[87.26864624023466,26.405269622802678],[87.24765777587919,26.41399002075201],[87.18883514404303,26.41396141052246],[87.16501617431646,26.403816223144645],[87.1415100097658,26.414588928222656],[87.09391784667997,26.450016021728572],[87.08220672607422,26.522949218750227],[87.07511901855486,26.541614532470817],[87.07427978515653,26.58546638488764],[87.04730987548834,26.58695602416998],[87.03588104248053,26.556596755981502],[87.01771545410173,26.531814575195426],[86.977592468262,26.519723892211914],[86.93509674072266,26.516492843628043],[86.93222808837885,26.489316940307617],[86.89557647705107,26.487289428710994],[86.89756011962908,26.46703338623047],[86.86338806152361,26.457214355468864],[86.8358001708985,26.43869781494169],[86.77155303955084,26.459098815918026],[86.7491760253908,26.428003311157454],[86.7281799316408,26.425401687622355],[86.71256457179987,26.435823283907155],[86.69847869873053,26.448266983032283],[86.63413238525408,26.46626853942894],[86.62821960449236,26.480615615844727],[86.56690216064459,26.500722885131836],[86.54421997070341,26.538114547729492],[86.50112915039091,26.54159736633295],[86.45788574218767,26.567817687988338],[86.39733886718756,26.584857940674055],[86.39629364013689,26.59444618225092],[86.34329986572266,26.605722427368164],[86.3102416992187,26.61964035034191],[86.29521179199236,26.612930297851562],[86.25511932373041,26.615615844726562],[86.23339843750017,26.59202384948742],[86.19941711425776,26.593299865722656],[86.19454956054693,26.61442184448265],[86.1574249267581,26.609605789184798],[86.14073944091797,26.628713607788086],[86.11997222900396,26.630434036254996],[86.07201385498041,26.65679931640625],[86.03073883056646,26.666421890259016],[86.00217437744169,26.654561996460245],[85.97818756103533,26.657917022705305],[85.9588012695313,26.648969650268782],[85.95758819580095,26.629423141479606],[85.92910003662138,26.610311508178995],[85.8932342529298,26.594543457031364],[85.86089324951189,26.56857681274414],[85.85331726074224,26.609516143798942],[85.81832122802763,26.603818893432674],[85.80221557617193,26.624362945556697],[85.7491531372072,26.6396484375],[85.72581481933622,26.673944473266715],[85.7257843017581,26.69930076599138],[85.73671722412126,26.795616149902287],[85.7233200073245,26.820014953613565],[85.68254089355469,26.8429603576663],[85.64461517334001,26.852914810180664],[85.62622070312528,26.87341499328619],[85.6092147827149,26.85701560974121],[85.56792449951189,26.840734481811637],[85.54508972167974,26.837865829468058],[85.49831390380876,26.798114776611555],[85.45481872558611,26.78169822692888],[85.40963745117205,26.791137695312727],[85.37711334228544,26.760616302490178],[85.35719299316423,26.760194778442326],[85.33631896972685,26.74141502380388],[85.32010650634794,26.748899459838867],[85.25985717773432,26.756006240844897],[85.23411560058588,26.76321601867687],[85.21614837646513,26.757923126220817],[85.19971466064459,26.769315719604492],[85.1792297363283,26.814888000488224],[85.19600677490251,26.84171867370617],[85.19131469726568,26.869815826416243],[85.1363372802735,26.867595672607536],[85.11336517334013,26.872165679931754],[85.09161376953153,26.859714508056868],[85.04611968994146,26.850715637207145],[85.03097534179682,26.858993530273608],[85.04581451416044,26.89111518859886],[85.00611877441412,26.894783020019815],[85.00179290771479,26.911893844604606],[84.97293853759777,26.916778564453125],[84.98051452636724,26.940017700195483],[84.96448516845709,26.960275650024357],[84.91278839111328,26.967607498169002],[84.8610916137697,26.987739562988452],[84.85686492919939,27.007995605468807],[84.81983184814447,27.020423889160213],[84.79572296142584,26.995569229126147],[84.77482604980463,27.01753234863287],[84.75446319580095,27.004697799682845],[84.70363616943388,27.026762008667163],[84.64485168457037,27.04719734191923],[84.64846038818365,27.07535171508806],[84.67778778076189,27.102924346923885],[84.68571472167997,27.143215179443473],[84.67791748046903,27.170114517211914],[84.6916809082033,27.222265243530444],[84.64521789550787,27.30601501464855],[84.62447357177763,27.336078643799],[84.56718444824224,27.347263336181925],[84.48802185058594,27.358324050903434],[84.47172546386747,27.354995727539347],[84.4433135986331,27.370016098022745],[84.39394378662126,27.368017196655273],[84.29341125488276,27.3850421905517],[84.27762603759783,27.400825500488224],[84.27476501464861,27.428661346435604],[84.25624847412126,27.451900482177734],[84.23375701904314,27.456127166748104],[84.21063995361328,27.442333221435547],[84.20791625976591,27.46941566467308],[84.15099334716797,27.485704421997184],[84.15301513671903,27.51661491394043],[84.13201904296903,27.511709213256893],[84.11071777343767,27.52151489257824],[84.09754943847673,27.4894313812257],[84.07111358642584,27.479114532470646],[84.05418395996122,27.442581176757926],[84.0279617309572,27.438230514526595],[83.99366760253912,27.443931579589787],[83.94805145263672,27.44096565246582],[83.9331359863283,27.449378967285213],[83.87024688720709,27.428506851196403],[83.87523651123053,27.391912460327205],[83.9072875976563,27.38951683044428],[83.88989257812506,27.35819816589367],[83.85850524902372,27.350961685180664],[83.83322143554705,27.36950874328636],[83.61673736572283,27.46942329406761],[83.3909301757813,27.47949028015165],[83.4039840698245,27.457492828369197],[83.38596343994146,27.442207336425724],[83.40758514404325,27.405298233032227],[83.38681793212919,27.390115737915096],[83.39019012451178,27.375720977783487],[83.35451507568365,27.339815139770792],[83.33376312255871,27.33247375488287],[83.29430389404325,27.335514068603686],[83.26765441894548,27.365406036377067],[83.27421569824224,27.383415222168253],[83.2124786376956,27.424188613891772],[83.1902160644533,27.454015731811523],[83.16651916503935,27.45751571655302],[83.03611755371111,27.448715209961108],[82.95622253417986,27.467807769775675],[82.93161773681658,27.50086593627924],[82.87231445312506,27.49841499328636],[82.83705139160162,27.501508712768555],[82.80361175537126,27.49639129638689],[82.73570251464861,27.504480361938477],[82.75141906738287,27.522613525390682],[82.73962402343761,27.546731948852823],[82.75738525390653,27.58835411071783],[82.73503112792974,27.618530273437727],[82.73961639404303,27.6405487060548],[82.71621704101557,27.662414550781307],[82.720230102539,27.687274932861328],[82.70703887939482,27.716363906860522],[82.66840362548845,27.715486526489315],[82.62081146240263,27.702064514160384],[82.6070175170899,27.705793380737305],[82.54313659667974,27.685535430908203],[82.51811218261719,27.690242767334098],[82.47515869140642,27.67634201049799],[82.45071411132807,27.678615570068473],[82.40368652343756,27.70254516601574],[82.36901855468756,27.742414474487305],[82.3049926757812,27.77297782897972],[82.25469970703142,27.809934616088867],[82.23233032226557,27.820621490478572],[82.19798278808622,27.847520828247355],[82.15591430664068,27.866115570068303],[82.12522125244146,27.864839553833065],[82.09329986572283,27.894571304321516],[82.07288360595703,27.922525405883732],[81.97011566162126,27.92881584167486],[81.92711639404325,27.87531471252447],[81.92801666259771,27.85964584350603],[81.90402221679716,27.853683471679688],[81.83541870117188,27.89741516113287],[81.80397033691423,27.9054470062257],[81.76401519775402,27.937416076660156],[81.75705718994158,27.942962646484602],[81.7040023803711,27.98652076721214],[81.694633483887,27.98942184448248],[81.65004730224626,27.993276596069563],[81.58841705322266,28.02501487731945],[81.54907226562528,28.049036026001147],[81.48022460937528,28.08251571655296],[81.48581695556658,28.118131637573185],[81.4517669677735,28.14075088500988],[81.44881439209001,28.160215377807674],[81.41249847412138,28.174552917480696],[81.37693786621111,28.1768932342531],[81.37311553955095,28.142215728759993],[81.3197860717774,28.13341903686546],[81.32241058349615,28.19716835022001],[81.28221893310558,28.234714508056868],[81.23453521728527,28.28888511657732],[81.23628997802763,28.324560165405273],[81.21241760253935,28.360515594482592],[81.091117858887,28.382015228271598],[81.07267761230486,28.391660690307788],[81.03560638427763,28.427833557129134],[81.00139617919928,28.453920364379826],[80.9808883666995,28.434310913085994],[80.946517944336,28.45471572875988],[80.90744781494169,28.46572685241722],[80.91030883789091,28.49753952026373],[80.8776245117188,28.50971794128435],[80.85699462890642,28.497043609619254],[80.81722259521513,28.52065467834501],[80.78627777099615,28.529230117797965],[80.76963043212908,28.565517425537223],[80.74005126953142,28.574216842651367],[80.71630096435553,28.56789779663086],[80.67903137207048,28.60429191589384],[80.68127441406244,28.620454788208008],[80.66934204101568,28.64182090759283],[80.65290069580095,28.63389968872093],[80.61328887939459,28.63921165466303],[80.60794830322271,28.652259826660156],[80.58184814453153,28.661209106445483],[80.59204101562517,28.679725646972656],[80.54161834716825,28.690538406372298],[80.50518798828153,28.665225982666072],[80.52331542968778,28.57682609558134],[80.50814056396501,28.567987442016772],[80.4733428955081,28.59052658081049],[80.46281433105474,28.620716094970874],[80.43930816650396,28.6352348327639],[80.41641998291021,28.639114379882812],[80.37332153320318,28.62902069091797],[80.36238098144548,28.644929885864315],[80.32758331298834,28.666303634643498],[80.32369232177751,28.689231872558537],[80.29541778564447,28.711315155029467],[80.27922058105486,28.70991516113304],[80.25790405273438,28.729335784912394],[80.26679992675776,28.743505477905387],[80.25228881835966,28.757822036743164],[80.21772766113293,28.755283355713004],[80.17298889160173,28.782001495361442],[80.11980438232439,28.828729629516772],[80.07238006591803,28.829744338989485],[80.06633758544916,28.837285995483455],[80.0601425170899,28.916316986084155],[80.0977172851563,28.975215911865348],[80.11955261230463,28.981710433960018],[80.12851715087885,29.005914688110522],[80.13011932373053,29.060997009277514],[80.14602661132841,29.103000640869254],[80.15992736816412,29.11291885375988],[80.186019897461,29.137315750122013],[80.2113876342774,29.12176704406744],[80.23501586914062,29.11841583251953],[80.27440643310575,29.14475059509283],[80.26000976562506,29.16571044921892],[80.2596206665039,29.18741607666027],[80.27663421630865,29.207017898559798],[80.29529571533209,29.197624206543196],[80.30596160888689,29.28531074523937],[80.31813812255876,29.315639495849666],[80.29862976074247,29.323711395263615],[80.27290344238276,29.363727569580192],[80.2769165039062,29.392215728759766],[80.2433471679687,29.411586761474894],[80.24745941162115,29.43839263916044],[80.24771118164091,29.446746826172102],[80.30422210693376,29.453079223633097],[80.28968048095732,29.4719696044923],[80.2977600097658,29.488000869751204],[80.34212493896513,29.509872436523665],[80.35903167724615,29.533733367920092],[80.35057830810564,29.555356979370117],[80.38051605224626,29.56131553649908],[80.40949249267595,29.594919204711914],[80.40737152099604,29.612771987915323],[80.42281341552763,29.630214691162223],[80.41819000244152,29.651166915893782],[80.38601684570307,29.675014495849723],[80.36585998535156,29.740152359009016],[80.38748931884794,29.750467300415096],[80.4093627929688,29.791601181030387],[80.46561431884766,29.802314758301065],[80.49411773681669,29.795314788818587],[80.50902557373075,29.82304191589361],[80.52344512939459,29.82701873779314],[80.55522918701189,29.852996826171932],[80.57431793212908,29.894426345825423],[80.57603454589861,29.923437118530217],[80.60533905029325,29.95871734619169],[80.63802337646501,29.963596343994254],[80.6779174804688,29.958114624023665],[80.72129058837919,30.000377655029354],[80.73981475830107,29.999515533447266],[80.75991821289062,30.027614593505916],[80.76293182373064,30.049491882324276],[80.78143310546892,30.056926727294922],[80.80802917480474,30.08998298645048],[80.8470535278322,30.10228538513212],[80.84671020507818,30.11606216430664],[80.88048553466803,30.132497787475756],[80.86457061767572,30.168895721435547],[80.91191864013689,30.223215103149414],[80.92921447753935,30.235916137695483],[80.9779129028322,30.23799324035673],[81.01097869873053,30.262790679931697],[80.99405670166044,30.270460128784407],[80.916732788086,30.287971496581974],[80.84580230712896,30.30722808837902],[80.81128692626959,30.31998062133789],[80.77243804931635,30.348110198974723],[80.7593612670899,30.37527084350586],[80.73129272460955,30.402219772338867],[80.69980621337908,30.41834259033226],[80.66073608398438,30.44576072692894],[80.64904022216791,30.445320129394645],[80.59355926513689,30.482231140136776],[80.56636047363287,30.488601684570426],[80.55560302734392,30.46716117858915],[80.53058624267572,30.461088180542106],[80.50432586669939,30.47036170959467],[80.48529815673834,30.49048042297369],[80.42354583740263,30.505659103393782],[80.40055084228533,30.53116989135765],[80.3682861328125,30.52687072753929],[80.31558227539091,30.55397033691429],[80.3056030273438,30.567501068115178],[80.2779998779298,30.57448005676281],[80.24022674560553,30.56540107727068],[80.21096038818376,30.58230018615734],[80.21131896972656,30.615488052368278],[80.19921875000006,30.627540588378906],[80.20896148681652,30.645082473754826],[80.18049621582037,30.66986083984375],[80.18284606933622,30.679599761963004],[80.21977233886724,30.69725036621105],[80.23726654052751,30.740659713745174],[80.22281646728521,30.76523017883312],[80.19045257568371,30.763811111450423],[80.18485260009766,30.786630630493164],[80.1593704223634,30.812089920044002],[80.10314941406244,30.779670715332315],[80.08658599853533,30.791860580444336],[80.06948852539068,30.819339752197322],[80.04411315917974,30.843999862670955],[80.02490997314482,30.84382820129389],[79.9947128295899,30.867378234863395],[79.94164276123064,30.892000198364485],[79.91504669189482,30.892219543456974],[79.89753723144526,30.921749114990234],[79.87998962402338,30.92527961730957],[79.85492706298834,30.978910446167106],[79.830307006836,30.98398017883312],[79.80941772460932,30.97733116149908],[79.76032257080084,30.993118286132756],[79.74559020996094,31.00615119934082],[79.72479248046892,30.99088096618675],[79.69638061523438,30.981689453125],[79.65394592285185,30.985750198364258],[79.64940643310547,30.97059059143072],[79.62423706054688,30.965330123901595],[79.58481597900396,30.943990707397518],[79.53112030029325,30.974100112914982],[79.53771209716803,30.991300582885856],[79.50540161132812,31.023122787475813],[79.49706268310547,31.04136276245123],[79.4130859375,31.037551879882926],[79.4084091186524,31.072950363159293],[79.39235687255865,31.079811096191634],[79.38185119628923,31.118350982666016],[79.32509613037121,31.129810333251953],[79.29962158203142,31.149240493774585],[79.28211975097662,31.180910110473633],[79.2884368896485,31.195632934570426],[79.26277923583979,31.245290756225586],[79.23388671875006,31.254039764404354],[79.24809265136713,31.296619415283317],[79.22104644775408,31.32028007507347],[79.22164154052734,31.337301254272575],[79.17756652832048,31.372209548950366],[79.16345214843767,31.398918151855696],[79.1288604736331,31.438730239868107],[79.07621002197294,31.45825004577648],[79.0567779541015,31.472259521484375],[79.03698730468767,31.457370758056868],[79.03417205810553,31.42801094055187],[79.00682830810547,31.400619506835994],[78.9933700561524,31.367511749267635],[78.98056030273443,31.356981277465877],[78.93020629882818,31.33788108825695],[78.91664886474626,31.266628265380916],[78.9068832397461,31.259189605712947],[78.87953948974621,31.2707195281983],[78.86746978759771,31.301378250122355],[78.84838104248053,31.32234001159668],[78.82901000976591,31.33020019531267],[78.8402862548831,31.354440689086914],[78.82721710205084,31.381280899047965],[78.77603912353516,31.40237808227539],[78.79248046875017,31.417858123779297],[78.79547882080072,31.452762603759766],[78.74418640136719,31.49032974243164],[78.716049194336,31.487171173095817],[78.70677185058622,31.521102905273438],[78.72126007080107,31.540950775146598],[78.75000762939459,31.548830032348803],[78.76811981201178,31.565740585327205],[78.79728698730474,31.576152801513842],[78.82280731201189,31.600620269775618],[78.82688903808605,31.627990722656477],[78.78423309326172,31.661262512206974],[78.77964782714838,31.68984031677246],[78.74752807617193,31.68510055541998],[78.73439788818388,31.69198036193859],[78.71176910400408,31.744859695434513],[78.72466278076183,31.76386070251465],[78.7033233642581,31.770408630371094],[78.69135284423828,31.79335021972679],[78.69297027587896,31.814319610595817],[78.72052764892578,31.835330963134766],[78.7247619628908,31.885000228882006],[78.73275756835955,31.91303062438965],[78.74540710449224,31.925041198730582],[78.77102661132841,31.999811172485465],[78.73706817626982,32.00408172607422],[78.69011688232428,32.045730590820426],[78.68611145019537,32.057628631592024],[78.65106201171903,32.09334945678722],[78.63961029052763,32.112121582031364],[78.59632873535185,32.12340927124029],[78.57431030273443,32.15861892700195],[78.59420013427746,32.18848037719732],[78.5929107666015,32.218669891357706],[78.54308319091808,32.248741149902344],[78.48284912109403,32.24312973022461],[78.43920898437517,32.2464599609375],[78.46431732177763,32.27777862548828],[78.4612426757813,32.33700180053711],[78.46798706054682,32.35799026489258],[78.49397277832048,32.37731170654297],[78.4958801269533,32.39076995849621],[78.51876068115251,32.41849899292015],[78.47814178466814,32.42586135864258],[78.46199035644537,32.44797897338867],[78.43811035156256,32.45639038085949],[78.44872283935541,32.49013900756836],[78.4316864013673,32.51028060913097],[78.41075897216791,32.51174163818371],[78.40432739257812,32.538730621338004],[78.41223907470714,32.556060791015625],[78.45272064208979,32.579502105713004],[78.48561096191412,32.573219299316406],[78.52641296386719,32.6064910888673],[78.55927276611334,32.612339019775504],[78.60328674316412,32.6043815612793],[78.63233947753918,32.61106109619146],[78.65442657470709,32.649230957031364],[78.71703338623058,32.68072891235357],[78.73645019531256,32.69593048095709],[78.76027679443365,32.684169769287166],[78.78032684326178,32.59832000732433],[78.76516723632812,32.57493972778332],[78.7726058959961,32.54434967041027],[78.77542877197277,32.49055099487305],[78.78118133544922,32.475299835205135],[78.8360214233399,32.4252815246582],[78.87457275390636,32.414619445800895],[78.88800048828125,32.392372131347656],[78.91467285156261,32.36709213256836],[78.97096252441406,32.34428024291998],[78.9937591552735,32.36429977416998],[79.02498626708984,32.36701202392578],[79.0492172241211,32.383369445800895],[79.06754302978521,32.384979248046875],[79.10446929931635,32.371711730957145],[79.12119293212902,32.416130065918026],[79.11814880371105,32.45000076293957],[79.14885711669933,32.483829498291016],[79.20295715332037,32.510829925537166],[79.24816131591803,32.5223503112793],[79.27011871337896,32.51778030395508],[79.2973403930664,32.48852920532238],[79.32025146484375,32.49129867553711],[79.34697723388678,32.526641845703125],[79.46414947509777,32.5926513671875],[79.50878906250011,32.59146118164074],[79.54535675048834,32.60736083984375],[79.55776977539068,32.63061904907238],[79.56429290771496,32.670761108398494],[79.54052734375,32.748691558838004],[79.52672576904308,32.76758956909191],[79.48442077636719,32.78966140747076],[79.4645233154298,32.81674194335932],[79.45697021484375,32.87142944335949],[79.43206024169928,32.90510940551769],[79.38712310791027,32.9330787658692],[79.36503601074219,32.956920623779354],[79.35002899169928,32.99618148803711],[79.35492706298828,33.030609130859375],[79.36618041992188,33.05984115600586],[79.41075134277355,33.13570022583019],[79.4175415039063,33.15523910522461],[79.40983581542963,33.17877197265625],[79.37725830078125,33.18991088867193],[79.31517028808605,33.18880081176758],[79.14144134521496,33.200099945068416],[79.07496643066406,33.228610992431754],[79.0661087036134,33.26448059082037],[79.06659698486334,33.29589080810547],[79.0337982177735,33.31357955932623],[79.01954650878918,33.33079910278326],[78.98866271972668,33.347370147705135],[78.97268676757812,33.3673210144043],[78.92125701904303,33.398700714111385],[78.87039947509777,33.43970108032232],[78.82325744628912,33.48348999023449],[78.78386688232422,33.5326499938966],[78.72992706298828,33.61756896972662],[78.71098327636713,33.654869079589844],[78.70929718017578,33.6796112060548],[78.77522277832043,33.74621963500982],[78.78398895263683,33.77043151855469],[78.7750625610351,33.80125045776367],[78.7417831420899,33.84017944335949],[78.71724700927746,33.89048004150396],[78.71156311035156,33.92250061035162],[78.71578979492188,33.96453094482433],[78.76362609863276,34.001510620117244],[78.7703628540039,34.01972961425781],[78.76064300537115,34.036098480224666],[78.71212005615229,34.05047988891613],[78.70638275146496,34.072181701660156],[78.72923278808605,34.09569931030285],[78.87114715576183,34.15723037719732],[78.91036224365234,34.180500030517635],[78.95619964599615,34.217830657958984],[78.97500610351562,34.24285888671869],[78.99340057373058,34.288742065429744],[78.98146057128906,34.33285140991211],[78.92254638671875,34.37538909912121],[78.8380966186524,34.40652847290045],[78.76302337646496,34.4604606628418],[78.7300796508789,34.49665069580084],[78.69631958007812,34.50759124755871],[78.66005706787104,34.52972030639654],[78.61109161376953,34.583061218261776],[78.56933593750006,34.611949920654354],[78.53711700439459,34.61415100097662],[78.48223114013683,34.603340148925895],[78.41812896728521,34.60540008544933],[78.40701293945312,34.636631011962834],[78.38717651367188,34.651630401611385],[78.32492065429699,34.6559791564942],[78.28436279296875,34.667362213134766],[78.24803161621105,34.69509887695307],[78.2210464477539,34.734031677246094],[78.20732116699224,34.76610946655285],[78.18464660644537,34.88151931762707],[78.13347625732422,34.9708709716798],[78.08287048339855,35.082489013671875],[78.0883178710938,35.095680236816406],[78.11709594726562,35.111640930175895],[78.11605072021496,35.14535140991211],[78.05755615234375,35.1847496032716],[78.04276275634771,35.20233154296881],[78.01774597167974,35.24975204467779],[78.00202178955072,35.29462051391613],[77.99028778076178,35.379032135009766],[78.0212020874024,35.41688156127941],[78.09732818603527,35.45563888549816],[78.11080169677734,35.472660064697266],[78.07935333251959,35.492198944091854],[77.99064636230474,35.48711013793957],[77.95128631591791,35.473640441894645],[77.9280166625976,35.44054031372082],[77.88862609863287,35.428871154785156],[77.86267089843756,35.4585914611817],[77.8467788696289,35.50078201293951],[77.82392883300781,35.50133132934576],[77.81465148925787,35.48524856567383],[77.73551177978527,35.43384170532232],[77.65056610107428,35.36708068847656],[77.58502197265636,35.323921203613395],[77.48542022705084,35.26654052734369],[77.44252014160162,35.234439849853516],[77.28079223632824,35.13828659057617],[77.15682220458996,35.05469894409191],[77.06836700439447,35.024120330810604],[77.01378631591808,35.03512191772461],[77.01013946533214,34.95628738403332],[76.99748992919928,34.939151763916016],[76.9503402709961,34.94094085693371],[76.88350677490246,34.97032928466791],[76.86315155029297,34.970840454101676],[76.81105041503918,34.935455322265625],[76.76242828369135,34.93299102783203],[76.73886108398443,34.90192794799816],[76.7446899414062,34.84473037719721],[76.70619201660156,34.80125045776367],[76.6871948242188,34.763210296630916],[76.67163848876947,34.75741958618164],[76.5800170898438,34.75551605224621],[76.56181335449219,34.75833892822271],[76.51409149169916,34.78380203247076],[76.4692001342774,34.791667938232536],[76.43695831298834,34.764381408691406],[76.38593292236328,34.73595046997082],[76.32872009277344,34.73305511474604],[76.30150604248053,34.724441528320426],[76.27511596679688,34.69364166259771],[76.19278717041021,34.65526962280285],[76.15791320800787,34.64340972900385],[76.12193298339855,34.64665222167963],[76.08582305908209,34.671459197998104],[76.05502319335938,34.67602920532232],[76.03646087646496,34.67026901245117],[76.00038909912121,34.63581085205078],[75.93221282958984,34.624431610107365],[75.91864776611328,34.60483932495117],[75.843276977539,34.574630737304744],[75.7930297851563,34.53392028808588],[75.74920654296886,34.515830993652344],[75.69230651855474,34.52153015136713],[75.64414978027338,34.53353881835932],[75.59188842773432,34.540069580078125],[75.50609588623047,34.53733062744152],[75.46463775634777,34.543388366699276],[75.39497375488287,34.54880905151373],[75.3505477905274,34.562240600585994],[75.26185607910162,34.610881805419865],[75.2660598754884,34.63954925537121],[75.24971008300776,34.647312164306584],[75.20671844482428,34.64628982543951],[75.17849731445318,34.65717697143566],[75.14229583740246,34.662410736083984],[75.08472442626947,34.65538024902355],[75.04180145263683,34.64141845703131],[75.01874542236328,34.641498565673885],[74.9467163085938,34.666351318359375],[74.92781066894531,34.678310394287166],[74.89375305175793,34.684490203857536],[74.83560180664074,34.67755126953119],[74.72807312011719,34.68858337402355],[74.67130279541021,34.70069885253912],[74.64798736572266,34.722618103027344],[74.58017730712902,34.77009963989269],[74.54406738281256,34.77653884887701],[74.50657653808605,34.77553176879883],[74.47396850585949,34.79063415527355],[74.37554168701183,34.803443908691406],[74.3462142944336,34.790409088134766],[74.30278015136719,34.79753875732422],[74.26989746093761,34.76269149780285],[74.20295715332026,34.73657989501959],[74.1489715576173,34.695270538330135],[74.13269805908209,34.690238952636776],[74.0865325927735,34.69371032714855],[74.04171752929693,34.68731689453125],[74.01289367675787,34.70985412597662],[73.96022033691406,34.69668197631847],[73.94155883789068,34.67720031738281],[73.92733001708996,34.645889282226506],[73.94806671142584,34.573089599609375],[73.89533996582031,34.54666900634777],[73.88668823242199,34.51499938964855],[73.8987426757812,34.49576950073248],[73.85481262207043,34.4733505249024],[73.80725860595709,34.44194793701183],[73.77698516845709,34.416301727295036],[73.76322174072271,34.35963058471691],[73.77339172363293,34.34975051879894],[73.8073959350586,34.35671997070324],[73.84175109863281,34.33832168579096],[73.89940643310553,34.359813690185604],[73.91334533691412,34.34792709350586],[73.94097137451178,34.30173873901367],[73.97622680664062,34.264808654785156],[73.98203277587902,34.23907852172857],[73.97657775878906,34.211803436279354],[73.90408325195307,34.122249603271484],[73.9043807983399,34.09689331054699],[73.88432312011724,34.06135940551769],[73.89817047119135,34.03282165527355],[74.00000000000011,34.0301895141601],[74.00607299804699,34.022441864013786],[74.08702850341797,34.03776168823242],[74.11498260498058,34.05378341674805],[74.16142272949219,34.038871765136776],[74.21467590332037,34.03855514526367],[74.24868774414074,34.013820648193416],[74.26274108886724,33.9742889404298],[74.26112365722668,33.924797058105526],[74.24555969238281,33.895000457763786],[74.21967315673834,33.86717605590832],[74.17008972167974,33.83988952636719],[74.12979888916021,33.827560424804744],[74.0900115966798,33.82627868652355],[74.0490493774414,33.808830261230526],[74.02834320068365,33.775959014892635],[74.00000000000011,33.75257873535162],[73.96646118164062,33.74032211303722],[73.95625305175787,33.72029113769531],[73.97570037841803,33.69363403320318],[74.00000000000011,33.6236686706543],[74.02844238281244,33.57468032836914],[74.05390167236334,33.56507873535162],[74.0883560180664,33.573204040527344],[74.12339019775402,33.543209075927734],[74.16460418701183,33.495647430420036],[74.18707275390636,33.45552062988281],[74.17929077148449,33.42568588256836],[74.1850814819336,33.38351058959955],[74.16685485839855,33.344139099121094],[74.10298156738293,33.270542144775504],[74.07894134521496,33.260231018066406],[74.02438354492199,33.262454986572266],[74.01310729980474,33.24987030029308],[74.01427459716808,33.19824981689453],[74.02625274658209,33.188591003418026],[74.08283996582031,33.18074035644537],[74.11170196533209,33.164440155029354],[74.17624664306652,33.10715103149414],[74.20524597167963,33.04330062866211],[74.2549667358399,33.04877471923834],[74.30787658691406,33.030521392822266],[74.33792114257818,33.025939941406364],[74.35169982910168,33.01313018798834],[74.35317993164068,32.98313140869146],[74.33489227294933,32.95476150512695],[74.32071685791021,32.94142913818371],[74.31803131103516,32.91970062255871],[74.34774780273438,32.90821075439459],[74.41389465332043,32.90394973754894],[74.42933654785168,32.87950897216797],[74.43006134033209,32.84465408325207],[74.45063781738287,32.81682205200207],[74.46605682373053,32.781360626220646],[74.53153228759771,32.74073028564459],[74.56710815429688,32.7552108764649],[74.6142349243164,32.75773239135742],[74.6415405273438,32.79188919067383],[74.64199829101574,32.822898864746094],[74.68083190917974,32.83819961547846],[74.7003860473634,32.82703018188482],[74.68768310546875,32.796081542968864],[74.66752624511724,32.76659011840826],[74.65013885498053,32.7184104919433],[74.65419006347668,32.69245147705084],[74.6756362915039,32.66577911376959],[74.66921234130865,32.64593887329096],[74.64221191406261,32.61104965209961],[74.65239715576172,32.56016159057617],[74.68051147460949,32.53818893432617],[74.67917633056652,32.515411376953125],[74.69841766357428,32.48493957519537],[74.74357604980474,32.481498718261776],[74.79885864257812,32.48405838012695],[74.81857299804693,32.49605941772461],[74.85642242431635,32.49267196655279],[74.89965820312511,32.466129302978516],[74.93363189697277,32.467571258545036],[74.9488983154298,32.454086303710994],[74.98786926269531,32.44956207275402],[75.03016662597668,32.49176025390625],[75.08262634277338,32.480045318603516],[75.12090301513678,32.4414901733399],[75.12792968750006,32.421169281005916],[75.14763641357433,32.41337966918957],[75.1795425415039,32.4254417419433],[75.19740295410168,32.40409088134771],[75.2315292358399,32.39918899536133],[75.2890625,32.35757446289068],[75.3244018554688,32.34165954589844],[75.33666992187528,32.322593688965014],[75.3399200439456,32.28856658935558],[75.366996765137,32.268749237060604],[75.36370086669928,32.23828125],[75.32284545898443,32.20132064819347],[75.3094024658206,32.15460968017601],[75.28326416015653,32.14216995239269],[75.27197265625011,32.112751007080305],[75.23916625976574,32.08715057373058],[75.21204376220709,32.11914062500023],[75.19320678710949,32.114639282226506],[75.1851425170899,32.083751678467024],[75.1200103759765,32.08317184448265],[75.06902313232428,32.058464050293026],[75.05084991455084,32.041309356689396],[74.99841308593756,32.028667449951286],[74.96031951904308,32.05503082275396],[74.92592620849615,32.065650939941406],[74.89803314209001,32.04964065551769],[74.86225128173834,32.04510879516613],[74.86750793457048,32.031150817871264],[74.8441696166995,32.00831222534174],[74.81774139404314,31.993850708007926],[74.81987762451178,31.9764919281007],[74.8013763427735,31.96179008483898],[74.73591613769548,31.937389373779297],[74.70919799804705,31.957948684692383],[74.7032623291015,31.92489814758312],[74.67614746093778,31.921640396118278],[74.65199279785173,31.909860610961914],[74.62261962890642,31.88134956359869],[74.5980300903322,31.8835124969483],[74.59599304199224,31.864791870117188],[74.55638122558622,31.828821182250977],[74.56022644042969,31.815280914306584],[74.54402923584001,31.77643013000511],[74.55204010009783,31.757499694824446],[74.51804351806669,31.745201110839844],[74.51728057861357,31.72291183471691],[74.5302276611331,31.698085784912337],[74.57849884033232,31.623405456543196],[74.60090637207037,31.5678386688233],[74.59897613525408,31.52754020690918],[74.57298278808588,31.519561767578125],[74.64206695556658,31.46154975891119],[74.62534332275396,31.423618316650618],[74.59457397460955,31.397094726562443],[74.55187225341814,31.298454284668082],[74.53023529052763,31.298675537109318],[74.51111602783209,31.272331237793082],[74.52220153808605,31.24753952026373],[74.51451873779303,31.20938110351574],[74.50128936767578,31.179920196533317],[74.50615692138678,31.13579940795921],[74.54448699951178,31.11696052551264],[74.54640197753912,31.088569641113338],[74.56581878662115,31.084341049194563],[74.58802795410185,31.093200683593864],[74.60031890869158,31.111499786376953],[74.5921478271485,31.12725067138672],[74.62631988525396,31.135690689086914],[74.67913055419928,31.129030227661133],[74.69061279296886,31.114480972289982],[74.69442749023449,31.095439910888786],[74.68319702148466,31.072179794311637],[74.65600585937517,31.05451011657715],[74.6001815795899,31.0435466766358],[74.57170104980486,31.067436218261776],[74.55344390869146,31.062601089477482],[74.53179931640625,31.009290695190373],[74.53851318359392,30.997352600097656],[74.49661254882818,30.96718406677263],[74.4705886840822,30.9659881591798],[74.42070007324224,30.925876617431754],[74.41920471191418,30.91169929504406],[74.36552429199236,30.885406494140796],[74.37198638916033,30.852941513061523],[74.36300659179688,30.845806121826172],[74.33139801025396,30.852390289306697],[74.316146850586,30.847581863403434],[74.307601928711,30.821140289306754],[74.28602600097662,30.796670913696403],[74.29113006591814,30.778411865234375],[74.26499938964861,30.772783279419173],[74.27369689941435,30.743251800537166],[74.25400543212896,30.723045349121037],[74.2321548461914,30.71962165832531],[74.19683837890653,30.671775817871094],[74.15093231201189,30.632621765136832],[74.12359619140653,30.62902069091797],[74.09204864501959,30.598131179809684],[74.0912094116211,30.572851181030387],[74.06790161132841,30.55487060546875],[74.07761383056669,30.529361724853516],[74.05570220947294,30.5220108032226],[74.0402374267581,30.537685394287223],[73.98851776123058,30.50456047058117],[73.9727325439456,30.488132476806925],[73.9626770019533,30.457607269287223],[73.93226623535185,30.458431243896484],[73.92785644531256,30.420913696289006],[73.90341949462896,30.416797637939737],[73.87321472167986,30.38343811035179],[73.87555694580084,30.360790252685717],[73.89727783203125,30.349000930786246],[73.93432617187506,30.30302047729498],[73.95784759521513,30.26169013977062],[73.9663162231447,30.195049285888672],[73.8377075195312,30.108701705932617],[73.79408264160173,30.069658279418945],[73.75398254394531,30.056539535522575],[73.61118316650396,30.02240943908697],[73.41280364990251,29.949199676513672],[73.38539886474615,29.9260196685791],[73.34030914306658,29.768850326538313],[73.31202697753935,29.686220169067496],[73.297607421875,29.6335506439209],[73.27131652832037,29.55696105957037],[73.19129180908232,29.428569793701286],[73.13701629638678,29.329309463501204],[73.07846069335943,29.233400344848746],[73.0000305175783,29.147365570068416],[72.9437561035158,29.029911041259822],[72.928207397461,29.019939422607422],[72.741439819336,28.948299407959098],[72.64351654052729,28.89910125732422],[72.51985168457037,28.828609466552734],[72.44657135009771,28.793159484863395],[72.40273284912115,28.777879714966048],[72.38469696044922,28.763940811157283],[72.32628631591825,28.698892593383846],[72.30195617675798,28.66481590270996],[72.20884704589844,28.39998245239252],[72.1844253540039,28.358005523681925],[72.15612792968761,28.336881637573526],[72.12612915039068,28.30350112915039],[72.01911163330078,28.226631164550838],[71.99588012695318,28.20695686340332],[71.9305725097658,28.12195014953636],[71.91236114501959,28.048070907592887],[71.9119491577149,28.026149749755803],[71.8963012695313,27.95684051513672],[71.85851287841797,27.941400527954215],[71.76560974121111,27.90994071960472],[71.6582870483399,27.868930816650504],[71.58657836914068,27.870300292968807],[71.53079986572283,27.865301132202205],[71.4097290039063,27.86578941345209],[71.27295684814453,27.84192848205572],[71.20865631103533,27.824350357055835],[71.03398895263678,27.75726127624506],[70.90686035156278,27.700639724731502],[70.8841705322265,27.69840049743658],[70.81899261474626,27.7042694091798],[70.75766754150402,27.7172088623048],[70.73795318603521,27.742166519165096],[70.67841339111345,27.839052200317383],[70.67284393310541,27.869792938232592],[70.67210388183611,27.91431808471691],[70.66069793701172,27.93050193786621],[70.5626296997072,28.019802093505973],[70.53033447265653,28.032487869262923],[70.47908782959001,28.033737182617188],[70.36616516113298,28.00824928283697],[70.33646392822271,27.98311424255371],[70.30290985107428,27.946172714233455],[70.2075958251956,27.88538360595726],[70.15695190429705,27.83404922485363],[70.10781097412115,27.766872406005916],[70.0245666503908,27.569690704345817],[70.01626586914068,27.55599594116211],[69.93624877929705,27.50210762023937],[69.90762329101562,27.459577560424805],[69.86196899414074,27.402778625488452],[69.81254577636724,27.359611511230582],[69.66594696044916,27.251436233520735],[69.58666229248064,27.177984237671012],[69.56518554687511,27.13847541809082],[69.51320648193376,27.016868591308537],[69.50093841552763,26.900331497192496],[69.48373413085943,26.806230545044002],[69.50765228271484,26.74845123291027],[69.52241516113287,26.736011505126896],[69.72187042236345,26.65384292602539],[69.77194213867199,26.613746643066463],[69.81536102294922,26.592157363891545],[69.85555267333984,26.58292007446289],[69.9183425903322,26.582603454589844],[70.02484893798834,26.598711013794002],[70.06619262695318,26.599290847778377],[70.1068801879884,26.58952140808117],[70.15022277832026,26.568284988403434],[70.16773986816435,26.550743103027344],[70.1838989257813,26.48683357238781],[70.17599487304688,26.433296203613338],[70.17830657959001,26.34977149963379],[70.16674041748053,26.306997299194393],[70.16524505615246,26.277149200439453],[70.1726684570313,26.245077133178825],[70.15941619873064,26.194488525390625],[70.14519500732428,26.166154861450423],[70.09427642822271,26.097362518310604],[70.0804519653322,26.058237075805778],[70.09098052978521,25.99682235717796],[70.09130096435547,25.965158462524528],[70.10668182373058,25.924209594726562],[70.15392303466803,25.860275268554688],[70.177963256836,25.819499969482536],[70.20321655273466,25.805240631103516],[70.24450683593767,25.766269683838004],[70.26078796386724,25.742309570312557],[70.2723159790039,25.70873069763195],[70.28526306152338,25.69893074035639],[70.3752059936524,25.66846084594721],[70.39965820312511,25.6637992858889],[70.49030303955072,25.675960540771484],[70.5327758789063,25.67618942260748],[70.6017074584961,25.703250885009766],[70.64686584472685,25.706541061401367],[70.66596221923857,25.69722938537592],[70.681137084961,25.660760879516715],[70.6762161254884,25.523870468139705],[70.68773651123047,25.518230438232422],[70.67417144775385,25.3893203735351],[70.72315216064482,25.345149993896598],[70.74426269531256,25.320960998535384],[70.75905609130854,25.274959564209098],[70.80934906005871,25.2237606048584],[70.89430999755876,25.144058227539062],[70.92560577392595,24.99471092224121],[70.94548797607428,24.934541702270508],[71.00399780273455,24.85289192199707],[71.03530883789068,24.798770904541016],[71.07285308837908,24.711999893188533],[71.10713958740229,24.68065071105957],[71.08496093750011,24.66142082214367],[71.0460968017581,24.63881111145031],[71.02047729492193,24.630510330200195],[71.00055694580095,24.599212646484602],[71.00340270996111,24.566459655761832],[70.99826812744158,24.541339874267635],[71.01534271240246,24.522769927978516],[71.00756835937528,24.442241668701115],[71.02857971191423,24.433378219604492],[71.09309387207031,24.435934066772745],[71.118949890137,24.431049346923828],[71.13410186767578,24.413810729980526],[71.12209320068365,24.390871047973576],[71.0882873535158,24.381452560424975],[71.06784057617216,24.357089996337947],[71.04718780517584,24.34733963012701],[71.01299285888678,24.3468608856204],[70.9984283447265,24.36057090759283],[70.9597473144533,24.346240997314737],[70.92488098144537,24.317159652709904],[70.88513946533203,24.290750503539982],[70.89410400390625,24.257097244262752],[70.8536529541015,24.247375488281364],[70.80576324462919,24.22272682189964],[70.72582244873075,24.220865249633846],[70.65530395507812,24.225088119506836],[70.61380004882818,24.23944854736328],[70.59355163574236,24.240274429321516],[70.57242584228521,24.264928817749023],[70.58780670166033,24.28539657592802],[70.57348632812517,24.29816436767578],[70.58115386962908,24.31597328186035],[70.57206726074224,24.344549179077205],[70.59204864501959,24.35863113403326],[70.61149597167974,24.401519775390568],[70.57486724853516,24.42031478881853],[70.53155517578142,24.41004371643072],[70.48313140869146,24.390771865844954],[70.45963287353533,24.386976242065373],[70.3703155517581,24.35345077514671],[70.29689025878935,24.339914321899528],[70.23706054687517,24.317266464233626],[70.15045166015642,24.300573348998967],[70.11009979248053,24.284896850585994],[70.07730865478527,24.215642929077433],[70.0489044189456,24.183546066284237],[70.02408599853521,24.169353485107422],[69.97868347167974,24.16505050659208],[69.91226196289068,24.164199829101676],[69.82532501220709,24.1674613952639],[69.72457885742193,24.175096511840877],[69.6812133789062,24.205091476440657],[69.60067749023466,24.27784729003912],[69.57974243164057,24.27038955688471],[69.50116729736328,24.255020141601506],[69.43157958984392,24.273653030395735],[69.36193847656267,24.266174316406477],[69.31027221679705,24.27668762207054],[69.27490997314482,24.268848419189396],[69.22897338867182,24.251220703124943],[69.19976806640653,24.235198974609318],[69.08544158935553,24.268278121948526],[69.01371765136724,24.22907447814947],[68.98628234863287,24.226331710815543],[68.97056579589861,24.237529754638956],[68.94724273681669,24.276626586914062],[68.92196655273443,24.258649826049805],[68.89794921875006,24.19886016845726],[68.8784484863283,24.19693946838379],[68.84772491455095,24.208379745483455],[68.84030914306658,24.228187561035156],[68.82635498046892,24.3083953857423],[68.77265167236334,24.294136047363224],[68.76412200927763,24.28412246704096],[68.75955963134794,24.03582191467291],[68.75092315673834,23.999998092651367],[68.74924468994169,23.96204566955572],[68.54708099365263,23.963186264038086],[68.5379180908206,23.945421218872298],[68.54458618164091,23.93514060974138],[68.55764007568376,23.932920455932674],[68.55986022949247,23.93041992187517],[68.55959320068365,23.923751831054688],[68.57958221435564,23.92431259155279],[68.58847045898466,23.92235755920416],[68.60764312744146,23.935419082641772],[68.61958312988276,23.916250228882006],[68.61347198486322,23.903194427490348],[68.57180786132818,23.880140304565714],[68.55069732666044,23.84013938903803],[68.52291870117205,23.81708335876465],[68.52540588378923,23.800420761108512],[68.5173568725586,23.793750762939624],[68.51625061035173,23.783189773559513],[68.52680969238287,23.771249771118164],[68.52513885498075,23.759025573730696],[68.53457641601562,23.756530761718977],[68.56458282470709,23.797914505004883],[68.57458496093767,23.821250915527628],[68.59708404541016,23.839582443237475],[68.64514160156244,23.83791542053234],[68.6718063354495,23.861530303955305],[68.72902679443388,23.854860305786417],[68.72708129882818,23.82930564880371],[68.68486022949236,23.82042121887207],[68.65319824218767,23.796527862548885],[68.63069152832048,23.759029388427678],[68.60402679443365,23.74847030639654],[68.59513854980497,23.731809616089038],[68.55652618408209,23.71708488464367],[68.5462493896485,23.696811676025504],[68.5279159545899,23.6884708404541],[68.5173645019533,23.662082672119425],[68.50069427490246,23.657083511352653],[68.48929595947294,23.635139465331974],[68.48652648925787,23.595972061157454],[68.49514007568365,23.55624961853033],[68.48986053466825,23.539581298828068],[68.50485992431646,23.489589691162337],[68.50736236572271,23.4626407623291],[68.53125000000028,23.44791984558111],[68.53430938720732,23.42346954345703],[68.55874633789062,23.42043113708519],[68.56735992431658,23.37847137451172],[68.59152984619169,23.374305725097713],[68.63708496093778,23.34375],[68.6315307617188,23.295972824096623],[68.6406860351563,23.266529083252067],[68.61319732666021,23.227916717529354],[68.58513641357428,23.221820831299055],[68.6265258789063,23.18680763244629],[68.65235900878935,23.155139923095817],[68.71347045898455,23.118473052978572],[68.76235961914068,23.078750610351676],[68.81208038330095,23.060695648193644],[68.8845825195313,23.015417098999194],[68.90569305419922,23.00653076171875],[68.98764038085949,22.955970764160156],[69.0445861816408,22.929582595825252],[69.19735717773455,22.838470458984375],[69.26680755615234,22.82402992248535],[69.31874847412115,22.83236122131359],[69.34680938720732,22.82041740417492],[69.38903045654314,22.81431007385254],[69.44653320312506,22.780139923095817],[69.47374725341814,22.773469924926758],[69.52348327636719,22.790420532226562],[69.55264282226591,22.785690307617244],[69.56819152832037,22.770416259765625],[69.59735870361334,22.75958061218273],[69.62152862548828,22.767360687255973],[69.67346954345709,22.75708389282221],[69.71125030517584,22.73819541931158],[69.715141296387,22.75152969360363],[69.74680328369169,22.793750762939453],[69.75263977050787,22.819860458374137],[69.79792022705107,22.850418090820426],[69.81680297851591,22.852083206176758],[69.86569213867205,22.872650146484375],[69.9056930541995,22.86624908447277],[69.9512481689456,22.89291763305664],[69.98958587646513,22.899860382080305],[70.105972290039,22.909032821655273],[70.13208007812528,22.924581527710075],[70.13930511474621,22.94069480895996],[70.17624664306646,22.951250076293945],[70.20874786376982,22.951803207397518],[70.2293090820313,22.97708129882824],[70.25180816650396,22.97263908386242],[70.28736114501947,22.945417404174975],[70.30458068847673,22.951250076293945],[70.34513854980497,22.93041610717802],[70.38375091552734,22.944580078125057],[70.39347076416033,22.963193893432617],[70.39708709716814,23.02596092224144],[70.42930603027361,23.056531906127987],[70.44625091552729,23.06513977050804],[70.4934692382813,23.07513999938965],[70.47152709960943,23.01235961914074],[70.43653106689453,22.963779449462947],[70.42236328125028,22.932361602783317],[70.38513946533209,22.90986251831049],[70.34152984619135,22.848480224609432],[70.33902740478544,22.830411911010742],[70.30152893066423,22.77152633666998],[70.30124664306669,22.757638931274414],[70.25457763671875,22.726249694824332],[70.25514221191406,22.706531524658317],[70.2387466430664,22.696252822875977],[70.24540710449213,22.669862747192496],[70.21958160400396,22.630138397216854],[70.19930267334001,22.617361068725586],[70.19291687011747,22.586530685425032],[70.16291809082037,22.551530838012923],[70.13764190673822,22.548194885253906],[70.06597137451189,22.547649383545036],[70.04708099365251,22.554861068725643],[69.98319244384783,22.54375076293951],[69.94596862792986,22.52847290039074],[69.94346618652338,22.511800765991495],[69.93486022949247,22.51263999938982],[69.91263580322266,22.48819351196289],[69.9109725952149,22.46820259094244],[69.89430236816423,22.465419769287223],[69.87542724609392,22.44791984558117],[69.84097290039068,22.455972671509016],[69.82847595214861,22.451530456543026],[69.82291412353544,22.42735862731928],[69.8070831298831,22.404861450195426],[69.79264068603533,22.403472900390852],[69.7618026733399,22.432638168335018],[69.74624633789057,22.429029464721964],[69.74097442626953,22.45736122131359],[69.72041320800787,22.461805343627987],[69.69097137451189,22.451261520385742],[69.70207977294928,22.43403053283697],[69.69235992431646,22.42124938964872],[69.69902801513678,22.395694732666016],[69.6640167236331,22.393751144409293],[69.65458679199224,22.359029769897745],[69.60013580322294,22.3487491607666],[69.57569122314482,22.368473052978743],[69.55986022949247,22.366809844970817],[69.55097198486345,22.40431022644043],[69.52291870117205,22.426530838012695],[69.51597595214855,22.395139694214038],[69.52124786376953,22.379301071166935],[69.49013519287126,22.3556938171389],[69.48874664306669,22.338193893432845],[69.45485687255876,22.335420608520565],[69.42263793945312,22.31652641296398],[69.36653137207048,22.322082519531364],[69.340141296387,22.330419540405558],[69.33403015136747,22.30430793762207],[69.29096984863276,22.27569389343273],[69.23874664306658,22.259309768676985],[69.20652770996111,22.264310836791992],[69.16041564941412,22.306528091430607],[69.17874908447271,22.37598037719738],[69.20041656494158,22.39068984985346],[69.19125366210955,22.42208290100109],[69.17069244384771,22.42208290100109],[69.14848327636713,22.402639389038313],[69.12403106689482,22.399858474731445],[69.10958099365229,22.4098606109622],[69.08264160156278,22.392360687256144],[69.06930541992216,22.395694732666016],[69.04402923583984,22.4312496185305],[69.07485961914057,22.454299926757756],[69.07985687255876,22.47903060913086],[69.00791931152338,22.439859390258732],[68.9845809936524,22.414304733276595],[68.956802368164,22.36652946472185],[68.95513916015642,22.335138320922795],[68.93597412109403,22.31208419799816],[68.956527709961,22.26069450378418],[68.95263671875017,22.248470306396484],[68.98097229003935,22.211809158325423],[69.05791473388689,22.125694274902344],[69.08956909179705,22.097640991211108],[69.1256942749024,22.05486106872553],[69.2115325927735,21.9637508392334],[69.25875091552751,21.917640686035156],[69.35208129882818,21.83875083923334],[69.3762512207033,21.825971603393498],[69.39620208740263,21.80181121826189],[69.43430328369146,21.765693664551065],[69.47069549560564,21.7409725189209],[69.5315246582033,21.68180465698265],[69.58403015136724,21.637918472290266],[69.6020812988283,21.637361526489315],[69.67318725585966,21.565139770507812],[69.70625305175798,21.538749694824332],[69.72486114501982,21.569860458374023],[69.70458221435553,21.58958244323736],[69.71236419677734,21.60986137390131],[69.69152832031267,21.629590988159407],[69.69763183593767,21.644309997558594],[69.72458648681646,21.632360458374137],[69.74375152587919,21.63597297668457],[69.76431274414074,21.57875061035162],[69.71290588378923,21.528470993041992],[69.76985931396513,21.467081069946403],[69.99884796142578,21.207361221313477],[70.06041717529314,21.14236068725586],[70.09958648681646,21.104581832885856],[70.25818634033197,20.972642898559627],[70.36486053466814,20.90069389343273],[70.39347076416033,20.894309997558594],[70.42541503906278,20.862916946411133],[70.50096893310575,20.823469161987248],[70.55041503906267,20.804582595825252],[70.58541870117193,20.78152847290039],[70.64514160156278,20.763196945190373],[70.67677307128912,20.76864051818842],[70.6893081665039,20.747631072998104],[70.74375152587919,20.720140457153605],[70.75846862792997,20.722640991211108],[70.79374694824247,20.710971832275618],[70.86930847167969,20.705972671508846],[70.87040710449247,20.718719482422102],[70.85456085205107,20.752082824707088],[70.85441589355463,20.753471374512003],[70.87374877929688,20.727083206176758],[70.87374877929688,20.709829330444336],[70.88853454589872,20.709032058716048],[70.89208221435553,20.70819091796875],[70.91764068603521,20.709583282470703],[70.97736358642584,20.70347023010254],[70.99764251709013,20.7140274047851],[70.96263885498053,20.72938156127924],[70.99124908447271,20.745973587036133],[71.03485870361322,20.739311218261946],[71.05124664306669,20.731809616089095],[71.08040618896513,20.738189697265682],[71.0859756469726,20.756248474121094],[71.11180877685553,20.760694503784293],[71.1490325927735,20.757362365722656],[71.16097259521501,20.780971527099837],[71.2020797729495,20.788471221924112],[71.21069335937528,20.802640914917106],[71.25077819824219,20.813749313354435],[71.25096893310547,20.813920974731673],[71.2510833740235,20.8140296936038],[71.32263946533232,20.846250534057845],[71.37208557128906,20.853473663330305],[71.39597320556658,20.86514091491705],[71.43736267089861,20.868473052978516],[71.448471069336,20.88153076171875],[71.47708129882818,20.88985824584961],[71.49318695068354,20.91792106628418],[71.50818634033209,20.91624069213873],[71.50958251953153,20.94403266906744],[71.53013610839855,20.94319534301752],[71.59902954101591,20.96486091613781],[71.63652801513678,20.973480224609375],[71.63846588134771,20.98986053466797],[71.68902587890653,21.007921218872298],[71.72069549560575,21.02180480957037],[71.76403045654291,21.02124977111839],[71.7881927490235,21.03986358642578],[71.7968063354495,21.057920455932617],[71.91596984863287,21.112083435058707],[71.9520797729495,21.118469238281477],[71.9915313720706,21.14263916015642],[71.98596954345709,21.157083511352596],[72.02180480957037,21.181804656982365],[72.0101394653322,21.145694732666072],[72.04792022705084,21.16069030761747],[72.0562515258789,21.172361373901367],[72.11541748046892,21.20208549499506],[72.11096954345732,21.219306945800952],[72.08875274658209,21.229030609131087],[72.08207702636724,21.245700836181584],[72.11068725585943,21.28653907775879],[72.10930633544939,21.30069351196289],[72.13485717773455,21.34180831909191],[72.16680908203136,21.376527786255053],[72.17097473144537,21.389862060546875],[72.22430419921892,21.44041633605974],[72.25125122070318,21.494028091430664],[72.26513671875017,21.541530609130803],[72.26847076416027,21.572082519531307],[72.30596923828142,21.628469467163313],[72.28485870361334,21.66708374023466],[72.28013610839872,21.68986129760748],[72.24791717529325,21.750972747802678],[72.27014160156256,21.757083892822436],[72.26013946533197,21.78430938720703],[72.25624847412115,21.890140533447322],[72.21958160400396,21.948194503784293],[72.23152923583979,22.003469467163143],[72.21654510498053,22.012128829955998],[72.21996307373053,22.016529083251953],[72.23263549804716,22.017639160156307],[72.230697631836,22.048749923705998],[72.23930358886747,22.05986022949213],[72.27791595459001,22.07986068725586],[72.27430725097673,22.092641830444506],[72.30179595947271,22.106809616089095],[72.30403137207048,22.076810836792163],[72.28652954101568,22.074026107788313],[72.24153137207037,22.049583435058764],[72.2606964111331,22.01930999755882],[72.2518081665039,21.98736190795921],[72.27986145019537,21.967361450195256],[72.31513977050787,22.10236167907732],[72.32319641113287,22.12264060974144],[72.3565292358399,22.151531219482592],[72.35902404785162,22.17597389221214],[72.38707733154303,22.159860610961857],[72.39013671875006,22.18347167968767],[72.3665313720706,22.200141906738338],[72.3601379394533,22.225139617919865],[72.37680816650402,22.228630065918082],[72.40069580078153,22.20152854919428],[72.41652679443388,22.227361679077376],[72.41625213623053,22.28458213806175],[72.41097259521513,22.2993106842041],[72.38671112060553,22.299030303955305],[72.37004852294939,22.314870834350586],[72.3790283203125,22.335973739624137],[72.40430450439482,22.351528167724666],[72.3815307617188,22.375694274902457],[72.36180877685547,22.37566947937006],[72.39402770996088,22.382360458374194],[72.4123611450197,22.358472824096793],[72.40208435058611,22.32763862609869],[72.38764190673834,22.313194274902344],[72.4351425170899,22.301250457763842],[72.47070312499994,22.24263954162592],[72.4940261840822,22.242361068725756],[72.47430419921903,22.20069503784191],[72.48763275146513,22.197359085083065],[72.50791931152361,22.23152732849121],[72.5243072509765,22.245420455932788],[72.54125213623075,22.243194580078125],[72.55735778808611,22.259309768676985],[72.57319641113281,22.25458335876465],[72.60846710205095,22.279310226440543],[72.63709259033203,22.284309387207315],[72.69152832031278,22.237083435058594],[72.7593078613283,22.23151969909668],[72.81041717529297,22.26514053344738],[72.85263824462896,22.281812667846793],[72.86680603027355,22.24263954162592],[72.89514160156267,22.24596977233881],[72.91930389404325,22.266611099243278],[72.89930725097656,22.232084274291992],[72.8739166259765,22.22374725341797],[72.8181915283206,22.247640609741325],[72.79875183105497,22.237361907958984],[72.77430725097668,22.194311141967773],[72.75763702392578,22.174028396606445],[72.69959259033197,22.18457984924322],[72.64848327636719,22.21681022644043],[72.60124969482428,22.213481903076286],[72.56874847412104,22.187641143798885],[72.54736328125028,22.149860382080078],[72.52680206298828,22.07764053344738],[72.51819610595697,22.029581069946232],[72.50736236572283,21.994304656982536],[72.50235748291044,21.93514060974121],[72.50763702392584,21.897916793823242],[72.51680755615246,21.889310836791992],[72.52319335937517,21.849580764770508],[72.5684661865235,21.82402992248535],[72.5520858764649,21.792360305786133],[72.54347229003912,21.742919921875],[72.51958465576189,21.713195800781307],[72.52402496337896,21.68013954162609],[72.54736328125028,21.65847015380882],[72.59735870361322,21.680700302124023],[72.71125030517595,21.67847061157238],[72.73625183105486,21.689582824707088],[72.76180267334001,21.6693058013916],[72.79818725585966,21.661529541015682],[72.7873611450197,21.64513969421398],[72.75152587890642,21.649860382080192],[72.723197937012,21.63875007629406],[72.70486450195318,21.652082443237305],[72.67263793945324,21.62791633605974],[72.62819671630871,21.61680984497076],[72.60597229003923,21.579584121704386],[72.59819793701178,21.544305801391886],[72.62680816650396,21.502082824707088],[72.67457580566435,21.52126121521019],[72.66513824462896,21.479860305786246],[72.65235900878912,21.462083816528377],[72.68596649169928,21.444860458374137],[72.66485595703153,21.427360534668082],[72.62291717529291,21.375141143798885],[72.62208557128912,21.34569358825678],[72.59319305419939,21.31208419799799],[72.5904159545899,21.277639389038086],[72.59708404541021,21.250139236450252],[72.61875152587908,21.22292137145996],[72.62097167968778,21.142921447753963],[72.62625122070318,21.089860916137695],[72.6515274047851,21.076805114746037],[72.65902709960938,21.087930679321232],[72.6598587036134,21.138750076294002],[72.66513824462896,21.15347290039074],[72.68125152587919,21.158470153808594],[72.71597290039091,21.140693664550895],[72.70014190673857,21.100973129272575],[72.70597076416021,21.073471069335994],[72.7520828247072,21.062080383300895],[72.74208068847685,21.04931068420433],[72.72374725341803,21.0362491607666],[72.75402832031256,20.94291687011713],[72.78569793701178,20.92208480834961],[72.79181671142584,20.8965301513673],[72.83875274658209,20.798751831054688],[72.83458709716825,20.781805038452376],[72.85680389404314,20.765972137451286],[72.87403106689459,20.73430633544922],[72.85486602783203,20.720970153808594],[72.87458038330084,20.653474807739258],[72.8868026733399,20.641530990600586],[72.89763641357422,20.574310302734432],[72.88597106933611,20.550420761108455],[72.8837509155274,20.498193740844897],[72.86180877685553,20.478473663330135],[72.85116577148449,20.45485115051281],[72.84263610839838,20.457920074463004],[72.82847595214855,20.433748245239258],[72.82680511474604,20.385694503784293],[72.821533203125,20.371080398559627],[72.80735778808588,20.352359771728516],[72.7890167236331,20.349861145019588],[72.7756958007812,20.333471298217717],[72.77458190917986,20.30375289916998],[72.75569152832048,20.29208374023449],[72.7498626708985,20.255416870117415],[72.74097442626947,20.244583129882926],[72.74652862548828,20.19958305358881],[72.73764038085943,20.13653945922863],[72.73819732666021,20.114583969116268],[72.72652435302751,20.08263969421398],[72.70791625976568,20.068750381469783],[72.72180175781256,19.98736190795904],[72.71652984619169,19.974861145019588],[72.66541290283232,19.9348602294923],[72.67708587646479,19.919309616088924],[72.6809387207033,19.864860534668082],[72.66930389404314,19.851804733276424],[72.65125274658209,19.857919692993164],[72.6534729003908,19.82958412170416],[72.67958068847673,19.813472747802678],[72.68624114990229,19.795972824096623],[72.68736267089872,19.74764060974144],[72.71069335937517,19.702083587646428],[72.706527709961,19.680973052978516],[72.71485900878906,19.63930320739769],[72.72791290283209,19.62486076354992],[72.73097229003912,19.598751068115234],[72.71569824218756,19.5901393890382],[72.7290267944336,19.52874946594261],[72.7798614501956,19.49152755737299],[72.75459289550787,19.47431182861328],[72.74514007568388,19.455694198608512],[72.76041412353544,19.414861679077262],[72.75763702392578,19.375972747802734],[72.79875183105497,19.330974578857422],[72.79319763183622,19.310428619384993],[72.7843093872072,19.302642822265625],[72.7829132080081,19.251810073852596],[72.77597045898443,19.222082138061523],[72.78125000000017,19.19457054138195],[72.79652404785173,19.17791748046875],[72.7890167236331,19.15014076232916],[72.81847381591814,19.124305725097656],[72.82681274414057,19.094030380249137],[72.82375335693354,19.042083740234375],[72.83819580078136,19.034860610961857],[72.81124877929693,19.00236129760748],[72.81375122070318,18.981252670288143],[72.80152893066412,18.969028472900447],[72.82375335693354,18.93486022949213],[72.8443069458009,18.929029464721737],[72.84680175781278,18.95375251770031],[72.86207580566435,19.002918243408203],[72.91847229003912,18.99958038330078],[72.9548568725586,19.027080535888615],[72.96319580078125,19.0584716796875],[72.99291992187528,19.059032440185774],[73.00875091552763,18.99875068664562],[73.03234863281256,18.9991512298584],[73.00125122070318,18.970689773559627],[72.97206878662115,18.963470458984318],[72.95569610595732,18.973470687866268],[72.9395828247072,18.94708251953142],[72.96180725097685,18.920419692993107],[72.9573593139649,18.909584045410213],[72.92263793945318,18.91208267211931],[72.90819549560558,18.885694503784237],[72.92652893066435,18.850971221923885],[72.94291687011747,18.84569358825712],[72.97792053222673,18.863189697265625],[72.98264312744135,18.81014060974121],[72.9573593139649,18.801250457763615],[72.9434661865235,18.827079772949332],[72.91625213623075,18.79236030578619],[72.89985656738276,18.804031372070483],[72.86347198486345,18.79124832153343],[72.86429595947271,18.721250534057617],[72.85542297363276,18.69597053527832],[72.87040710449224,18.639579772949332],[72.88402557373041,18.638471603393555],[72.92846679687494,18.535690307617188],[72.91097259521501,18.524583816528434],[72.89485931396513,18.458190917968864],[72.90541839599626,18.440971374511776],[72.90901947021479,18.39875030517578],[72.92402648925793,18.392084121704045],[72.91401672363298,18.354852676391715],[72.95291900634783,18.333749771118164],[72.97235870361328,18.301811218261662],[72.99208068847662,18.280139923095817],[73.00875091552763,18.284584045410213],[73.03514099121111,18.26486015319847],[73.06845855712919,18.269029617309684],[73.05902862548834,18.229309082031364],[73.0015258789062,18.247920989990178],[72.97374725341803,18.24764060974121],[72.96319580078125,18.28070068359375],[72.9381866455081,18.28430938720703],[72.94458007812506,18.223194122314453],[72.98123931884771,18.19292068481451],[72.98764038085955,18.160419464111328],[72.9790267944336,18.108194351196346],[72.99736022949236,18.076805114746094],[72.9895858764649,18.055973052978572],[73.03097534179693,18.032083511352596],[73.01069641113281,18.024860382080135],[73.02179718017595,17.990140914916992],[73.03734588623075,17.98486328125],[73.02960205078142,17.944311141967887],[73.05236053466803,17.931526184082088],[73.05403137207048,17.900421142578352],[73.0712509155274,17.888750076294116],[73.081527709961,17.865419387817496],[73.09652709960955,17.810140609741268],[73.11069488525396,17.787082672119254],[73.13513946533209,17.70986175537115],[73.11374664306646,17.68930435180664],[73.13346862792997,17.653194427490348],[73.1270828247072,17.63708114624046],[73.14402770996111,17.601804733276367],[73.16210174560575,17.591249465942383],[73.16097259521479,17.568471908569393],[73.13986206054705,17.567920684814567],[73.1418075561524,17.545972824096737],[73.18152618408214,17.50764083862316],[73.19347381591803,17.46597290039074],[73.18458557128935,17.457082748413143],[73.18430328369158,17.41208076477045],[73.16708374023432,17.405138015747127],[73.1770858764649,17.387083053588924],[73.2070770263673,17.384309768676815],[73.22013854980486,17.35293006896984],[73.21875000000028,17.330972671508903],[73.24208068847673,17.316530227661076],[73.198471069336,17.289306640625227],[73.20458221435553,17.26848030090349],[73.22291564941435,17.265972137451456],[73.24652862548834,17.208749771118107],[73.27236175537104,17.12181282043457],[73.28514099121088,17.106250762939453],[73.28847503662115,17.05791664123535],[73.27764129638678,17.034030914306697],[73.28430175781256,17.01069450378435],[73.27680206298845,16.992084503174112],[73.29430389404291,16.985971450805607],[73.29208374023443,16.956806182861442],[73.28180694580084,16.947916030884016],[73.28679656982428,16.916240692138842],[73.3004150390625,16.892639160156364],[73.2929229736331,16.87070083618164],[73.29541778564482,16.816791534424112],[73.31569671630876,16.807083129882812],[73.30513763427763,16.7670841217041],[73.30541992187517,16.729305267333928],[73.33013916015653,16.68736076354992],[73.33291625976568,16.64153289794922],[73.35152435302729,16.622083663940487],[73.34041595459013,16.603750228882063],[73.31680297851557,16.600969314575252],[73.32236480712908,16.583749771118164],[73.34208679199224,16.567920684814567],[73.35485839843756,16.53097152709961],[73.39013671875006,16.51399230957037],[73.36902618408232,16.51097106933605],[73.34680175781267,16.52985954284668],[73.33541870117193,16.56097030639654],[73.31124877929716,16.542360305786133],[73.33152770996111,16.48904037475586],[73.3551406860351,16.44652938842779],[73.36541748046903,16.39763832092291],[73.37513732910185,16.38625144958496],[73.36791992187494,16.363470077514762],[73.38652801513678,16.36069488525385],[73.39375305175787,16.317361831665266],[73.40569305419916,16.296249389648438],[73.41680908203142,16.245700836181868],[73.43569183349626,16.199029922485522],[73.44902801513689,16.155139923095987],[73.46541595459001,16.07152938842796],[73.456802368164,16.057361602783374],[73.4823608398437,16.037639617920206],[73.49096679687517,16.011531829834098],[73.4918060302735,15.981528282165527],[73.50653076171886,15.962361335754508],[73.51013946533209,15.939580917358398],[73.54957580566412,15.927359580993652],[73.58597564697283,15.909860610961857],[73.6109695434572,15.860141754150561],[73.62596893310575,15.85264110565197],[73.6506958007813,15.801810264587516],[73.66319274902344,15.757639884948844],[73.65319824218756,15.743194580078182],[73.68013763427763,15.724370956420842],[73.68763732910173,15.720141410827637],[73.71125030517572,15.668473243713436],[73.72264099121105,15.630140304565373],[73.73264312744158,15.61763858795166],[73.75485992431646,15.617361068725529],[73.73179626464855,15.58930969238287],[73.75485992431646,15.545694351196403],[73.7676391601563,15.490969657898063],[73.80541992187511,15.49485969543457],[73.80097198486334,15.460694313049316],[73.84902954101568,15.452082633972282],[73.8615264892581,15.428473472595442],[73.89012908935575,15.425700187683333],[73.88263702392584,15.398470878601358],[73.84401702880876,15.408749580383528],[73.81652832031244,15.404310226440373],[73.78263854980486,15.412362098693961],[73.8087463378908,15.376529693603572],[73.84179687500006,15.360142707824934],[73.87346649169928,15.370141029357967],[73.88652801513666,15.350419998168888],[73.90930175781256,15.29014110565197],[73.9290313720706,15.224029541015852],[73.94819641113298,15.147362709045467],[73.94066619873075,15.119580268859863],[73.92292022705107,15.110141754150334],[73.9309692382812,15.078471183776799],[73.96680450439482,15.065972328186149],[73.98319244384794,15.049860954284611],[73.99291992187528,15.018195152282942],[74.02097320556669,15.012082099914664],[74.03291320800787,14.999032020568961],[74.04930877685553,14.95736026763916],[74.0429229736331,14.918471336364803],[74.09735870361328,14.895659446716309],[74.10417175292969,14.903750419616642],[74.09929656982428,14.88042068481468],[74.12458038330078,14.837361335754451],[74.12625122070341,14.815972328185978],[74.0926361083985,14.80319023132347],[74.11013793945312,14.784583091736124],[74.14292144775408,14.777920722961369],[74.15985870361322,14.75486087799078],[74.19346618652361,14.735139846801928],[74.24958038330084,14.739583969116325],[74.28180694580084,14.677920341491642],[74.27819824218756,14.6587495803833],[74.28402709960932,14.630971908569393],[74.27347564697277,14.627083778381632],[74.31124877929716,14.551811218261719],[74.31624603271513,14.51902961730974],[74.35402679443354,14.521249771118448],[74.3498611450197,14.54403018951416],[74.36902618408209,14.558469772338867],[74.38318634033232,14.53707790374773],[74.36069488525385,14.519862174987793],[74.35957336425798,14.501811027526912],[74.3926391601563,14.418751716613713],[74.40541839599615,14.372079849243221],[74.41319274902361,14.317360877990836],[74.45319366455107,14.20152759552019],[74.46679687500017,14.196809768677042],[74.47429656982428,14.16875171661377],[74.48819732666021,14.086805343627987],[74.49931335449247,14.049860954284668],[74.50152587890625,14.0226411819458],[74.5145797729495,13.986249923706055],[74.55041503906256,13.948195457458553],[74.56680297851568,13.949031829834212],[74.58430480957031,13.923474311828613],[74.59458160400408,13.888459205627441],[74.60930633544928,13.862079620361555],[74.62763977050787,13.785972595214787],[74.6506958007813,13.667640686035213],[74.66179656982428,13.655420303344727],[74.68125152587896,13.549030303955078],[74.690414428711,13.460695266723633],[74.69431304931658,13.4540309906007],[74.69819641113287,13.352639198303166],[74.71430206298857,13.334584236145133],[74.73346710205084,13.237079620361612],[74.7579193115235,13.150693893432845],[74.769584655762,13.095417976379508],[74.77348327636736,13.083189964294661],[74.77986145019537,13.089860916137866],[74.7779159545899,13.09819412231468],[74.78125000000028,13.100420951843262],[74.78766632080084,13.100621223449707],[74.78125000000028,13.09930610656744],[74.78069305419916,13.099089622497672],[74.77986145019537,13.093471527099723],[74.78236389160168,13.088194847107047],[74.77847290039062,13.078194618225098],[74.78208160400408,13.063749313354606],[74.77902984619158,13.054306983947868],[74.79736328125006,12.97319507598877],[74.8212509155274,12.852919578552246],[74.82875061035185,12.8465318679809],[74.84513854980497,12.797639846801701],[74.86708068847685,12.754451751708984],[74.88375091552751,12.70958137512207],[74.91041564941406,12.655973434448356],[74.96182250976568,12.53180980682373],[74.97347259521496,12.498748779296875],[75.01457977294939,12.416810035705794],[75.04514312744146,12.37903118133545],[75.07208251953136,12.319862365722656],[75.11791992187494,12.205691337585677],[75.13735961914091,12.18541622161871],[75.1712493896485,12.115140914916992],[75.18815612792986,12.130971908569336],[75.19596862792986,12.117917060851994],[75.18763732910162,12.09375190734869],[75.17485809326178,12.083750724792651],[75.18680572509783,12.03708267211914],[75.20458221435553,12.004860877991007],[75.22651672363287,12.022651672363452],[75.22819519042986,12.02319431304943],[75.22846984863287,12.023750305175895],[75.2293090820312,12.023750305175895],[75.23014068603521,12.024029731750772],[75.23014068603521,12.024311065673828],[75.23069763183611,12.024311065673828],[75.23069763183611,12.024140357971305],[75.2310562133789,12.024561882019157],[75.2323608398437,12.020970344543514],[75.25096893310553,12.006251335144157],[75.2676391601562,12.025421142578182],[75.29930877685541,12.029311180114746],[75.30291748046886,12.03319454193121],[75.30458068847662,12.041249275207463],[75.3084716796875,12.049310684204158],[75.30066680908203,12.058020591735897],[75.2991714477539,12.066791534423771],[75.30916595458996,12.078439712524414],[75.3087921142581,12.053791046142692],[75.30874633789068,12.047362327575797],[75.30680847167969,12.03874874114996],[75.31180572509771,12.032638549804744],[75.30568695068365,12.03236103057884],[75.30041503906278,12.01541805267334],[75.27929687500017,12.021810531616154],[75.26541900634766,12.007081031799316],[75.2907028198245,11.986251831054688],[75.30291748046903,11.961529731750431],[75.30069732666033,11.939862251281966],[75.32485961914057,11.903751373291016],[75.36763763427751,11.85181045532238],[75.37763977050793,11.85875034332281],[75.40736389160162,11.834859848022575],[75.44235992431635,11.797361373901367],[75.45375061035168,11.770138740539608],[75.47347259521501,11.762921333313102],[75.50681304931669,11.732920646667594],[75.53013610839861,11.702940940856877],[75.55541992187528,11.653751373291243],[75.61792755126959,11.488750457763729],[75.63263702392584,11.462637901306152],[75.64569091796875,11.467921257019043],[75.68125152587896,11.449860572815055],[75.70236206054705,11.416811943054256],[75.73735809326178,11.348471641540584],[75.73374938964872,11.334029197692985],[75.74736022949236,11.319029808044434],[75.77291870117205,11.242081642151106],[75.80236053466803,11.163191795349121],[75.82485961914068,11.125416755676497],[75.85824584960943,11.158070564270076],[75.82930755615246,11.122361183166618],[75.87681579589872,10.944027900695858],[75.910140991211,10.79236030578619],[75.95707702636724,10.683890342712402],[75.99958038330084,10.589030265808333],[76.07958221435575,10.427641868591422],[76.11319732666033,10.342640876770076],[76.13652801513678,10.259026527405013],[76.15985870361357,10.188471794128418],[76.17736053466803,10.183550834655989],[76.16652679443388,10.171527862549055],[76.18208312988298,10.130695343017578],[76.20153045654314,10.052639961242619],[76.2240295410158,9.977079391479549],[76.24291992187517,9.984311103821085],[76.23874664306646,10.03042030334484],[76.20291900634771,10.13347053527849],[76.22097015380876,10.126251220703352],[76.2593078613283,10.086529731750545],[76.25096893310553,10.053751945495549],[76.27263641357422,10.015420913696289],[76.27014160156244,9.989583015441895],[76.29264068603544,9.942081451416243],[76.31430816650396,9.91319465637207],[76.31931304931669,9.889030456543082],[76.34319305419916,9.885141372680664],[76.33264160156256,9.913471221924055],[76.35402679443388,9.910695075989054],[76.36430358886724,9.893194198608512],[76.3931961059572,9.821110725403003],[76.39153289794928,9.821182250976733],[76.38239288330084,9.824311256408691],[76.3868026733399,9.810969352722168],[76.36902618408209,9.794310569763184],[76.37319183349626,9.772639274597168],[76.3909759521485,9.742085456848429],[76.38318634033209,9.7054195404055],[76.4137496948245,9.696809768677042],[76.40264129638678,9.647358894348315],[76.42986297607428,9.612083435058707],[76.41652679443365,9.57181262969965],[76.4179229736331,9.55958080291748],[76.50096893310564,9.529305458068904],[76.46389770507841,9.52819538116455],[76.35708618164091,9.525416374206486],[76.35319519042974,9.53986072540306],[76.35930633544928,9.574861526489485],[76.36763763427751,9.58319473266613],[76.36708068847673,9.610973358154354],[76.3906860351562,9.65818977355957],[76.3909759521485,9.679583549499512],[76.3654174804688,9.696250915527514],[76.37180328369135,9.74153137207037],[76.36791992187506,9.77680969238304],[76.35958099365263,9.796811103820858],[76.37069702148455,9.81735992431635],[76.34263610839844,9.834858894348145],[76.33040618896513,9.872639656066895],[76.28541564941406,9.844609260559082],[76.26957702636713,9.866251945495549],[76.25846862792997,9.89930629730236],[76.28624725341803,9.902359962463606],[76.29264068603544,9.921529769897518],[76.26763916015653,9.932082176208553],[76.2598648071289,9.962361335754451],[76.23707580566412,9.964860916137695],[76.26069641113287,9.878194808959961],[76.27086639404325,9.823472976684684],[76.28375244140625,9.750129699707259],[76.30041503906261,9.586251258850098],[76.31069183349615,9.522920608520678],[76.32875061035173,9.448472976684855],[76.35180664062517,9.377920150756836],[76.47235870361345,9.114708900451603],[76.51847076416044,9.017921447753963],[76.54125213623053,8.915422439575138],[76.56846618652344,8.87903118133545],[76.59348297119158,8.873749732971248],[76.61930847167974,8.850429534912053],[76.67662811279314,8.775694847107047],[76.70458221435558,8.734310150146484],[76.78571319580078,8.63236045837408],[76.88930511474626,8.504582405090389],[76.9631958007813,8.417362213134993],[76.97875213623064,8.381526947021541],[77.01625061035168,8.356530189514103],[77.0906982421875,8.297470092773494],[77.1609725952149,8.245972633361816],[77.18402862548834,8.219861030578727],[77.21569824218756,8.202083587646598],[77.24764251709013,8.172639846802042],[77.29652404785173,8.149581909179858],[77.30596923828136,8.12847042083763],[77.3504180908206,8.122920989990348],[77.4104232788086,8.103751182556266],[77.53624725341791,8.078194618225154],[77.55986022949247,8.090419769287337],[77.55930328369169,8.119584083557186],[77.57514190673857,8.134341239929313],[77.61292266845697,8.150142669677962],[77.7159729003908,8.165970802307243],[77.74263763427751,8.175415992737044],[77.78402709960955,8.206527709960994],[77.78291320800798,8.219861030578727],[77.81346893310553,8.246249198913802],[77.88735961914091,8.272639274597282],[77.90097045898455,8.285971641540527],[77.95375061035185,8.314027786254826],[77.96318054199224,8.328792572021484],[77.96347045898466,8.328910827636719],[78.02291870117193,8.359029769897688],[78.06680297851568,8.37041568756132],[78.05486297607422,8.382082939148006],[78.06680297851568,8.422640800476074],[78.13041687011736,8.497639656066895],[78.12236022949247,8.516531944275073],[78.1387481689456,8.588750839233512],[78.13124847412115,8.604027748108138],[78.10124969482439,8.612081527709961],[78.10124969482439,8.638194084167708],[78.12847137451166,8.657637596130485],[78.13540649414062,8.688750267028752],[78.15458679199247,8.711810111999569],[78.16236114501959,8.737361907958984],[78.19957733154325,8.753190040588436],[78.19847106933588,8.765688896179313],[78.16263580322266,8.773471832275618],[78.15930175781256,8.803750991821516],[78.1645812988283,8.821810722351074],[78.16847229003918,8.88097190856945],[78.18068695068388,8.895420074463004],[78.18430328369152,8.918750762939453],[78.21097564697271,8.960971832275447],[78.237358093262,8.984581947326944],[78.31041717529325,9.031805992126522],[78.36736297607428,9.077640533447266],[78.36319732666021,9.085281372070426],[78.36290740966814,9.085358619690112],[78.36458587646513,9.085971832275334],[78.37097167968756,9.080970764160156],[78.41152954101557,9.11208438873291],[78.45764160156278,9.126530647277889],[78.51040649414068,9.135139465332031],[78.55236053466803,9.137361526489315],[78.57569122314464,9.131531715393066],[78.61430358886736,9.152083396911621],[78.65180206298857,9.158750534057617],[78.64902496337908,9.185694694519157],[78.66735839843767,9.197084426880167],[78.71847534179705,9.19013977050787],[78.73542022705095,9.211812019348201],[78.75680541992205,9.215970993041992],[78.86013793945307,9.253472328186263],[78.9065246582033,9.249584197998331],[78.92346954345703,9.264582633972395],[78.9790267944336,9.273471832275334],[79.06404113769531,9.260970115661792],[79.09375000000028,9.259860992431697],[79.16930389404325,9.279582023620605],[79.14485931396513,9.291251182556266],[79.10595703125028,9.289031028747559],[79.06540679931658,9.299580574035929],[79.02153015136736,9.327636718750057],[78.98929595947283,9.353750228881893],[78.93541717529308,9.41125202178955],[78.90097045898455,9.468190193176554],[78.898178100586,9.489031791687012],[78.91486358642607,9.494028091430721],[78.91847229003935,9.536526679992619],[78.93428802490263,9.606810569763184],[78.95597076416021,9.625415802001953],[78.9712524414063,9.655971527099666],[78.97985839843761,9.687359809875602],[79.01763916015653,9.732640266418457],[79.03930664062506,9.764030456543026],[79.057914733887,9.772639274597168],[79.09622955322294,9.83125114440918],[79.11930847167997,9.851531028747559],[79.11875152587919,9.873749732971419],[79.12790679931669,9.894029617309684],[79.1537475585938,9.920417785644531],[79.1551361083985,9.932360649108944],[79.19235992431669,9.967638969421614],[79.24236297607416,10.024862289428711],[79.26208496093756,10.04069519042963],[79.25235748291021,10.066531181335392],[79.23680877685575,10.073751449585188],[79.2265167236331,10.098470687866211],[79.23014068603544,10.131859779358024],[79.23986053466825,10.154305458068904],[79.24124908447283,10.180694580078068],[79.28125000000028,10.21374893188488],[79.2676391601563,10.22986125946045],[79.29402923584013,10.259860992431868],[79.32596588134783,10.281810760498104],[79.37069702148466,10.295694351196346],[79.38208007812506,10.315419197082576],[79.39679718017584,10.31791973114008],[79.51236724853521,10.309030532837141],[79.4859695434572,10.324859619140739],[79.4856185913086,10.33591556549078],[79.48603057861334,10.335695266723633],[79.50819396972668,10.32458400726324],[79.5087280273438,10.32430553436302],[79.51486206054693,10.321140289306754],[79.51509857177763,10.32097053527832],[79.5470809936524,10.347920417785815],[79.59014129638672,10.340139389038086],[79.58652496337896,10.327918052673283],[79.55986022949224,10.332640647888468],[79.54958343505871,10.316804885864258],[79.52652740478544,10.305416107177734],[79.7270812988283,10.27403926849371],[79.68569183349626,10.289583206176815],[79.66541290283197,10.289583206176815],[79.5823593139649,10.30291557312006],[79.61347198486334,10.317360877990723],[79.63699340820307,10.318193435669002],[79.68708038330084,10.325420379638672],[79.73014068603516,10.3109712600708],[79.76125335693365,10.313195228576888],[79.76374816894537,10.300971984863509],[79.74430847167974,10.274860382080078],[79.79597473144537,10.27291584014904],[79.83569335937511,10.275416374206543],[79.86708068847673,10.286251068115348],[79.88403320312517,10.305970191955623],[79.87152862548834,10.368194580078068],[79.86596679687506,10.416251182556152],[79.85986328125006,10.550141334533805],[79.85624694824224,10.587080955505485],[79.85097503662138,10.760693550109863],[79.85124969482439,10.813771247863826],[79.8534698486331,10.969319343566838],[79.85058593750028,10.975790023803825],[79.85514068603527,10.97764110565197],[79.85902404785156,11.139860153198185],[79.84930419921892,11.23319530487089],[79.83930206298834,11.282921791076717],[79.83875274658232,11.34819412231468],[79.82930755615251,11.354584693908919],[79.81402587890642,11.419122695922908],[79.80735778808611,11.444582939147892],[79.773193359375,11.507910728454817],[79.75875091552734,11.552081108093319],[79.76125335693365,11.6209716796875],[79.777084350586,11.709583282470703],[79.79402923584001,11.7679185867309],[79.80041503906278,11.808399200439453],[79.79397583007807,11.815640449523926],[79.8237533569336,11.881810188293457],[79.83763885498058,11.94054985046398],[79.83763885498075,11.94054985046398],[79.84707641601568,11.980140686035156],[79.88486480712896,12.064861297607536],[79.93125152587919,12.138195037842024],[79.9895858764649,12.224305152893066],[79.99500274658197,12.249860763549862],[79.99485778808611,12.249304771423567],[79.96626281738298,12.225694656372298],[79.96597290039091,12.225417137145996],[79.9656982421875,12.22511196136503],[79.96457672119146,12.224031448364315],[79.96434020996111,12.223714828491438],[79.9640655517581,12.223431587219238],[79.96347045898443,12.222916603088322],[79.96288299560553,12.222639083862418],[79.96208190917974,12.22216033935564],[79.94513702392584,12.21872997283964],[79.94581604003923,12.219029426574878],[79.9462509155274,12.219149589538517],[80.01346588134794,12.263469696044922],[80.04985809326178,12.324307441711369],[80.0359573364259,12.337641716003418],[80.0442962646485,12.363752365112589],[80.07013702392607,12.35264110565197],[80.11624908447271,12.405415534973145],[80.15736389160173,12.471248626709212],[80.16569519042997,12.524861335754622],[80.19875335693376,12.61513996124279],[80.25402832031244,12.77903079986578],[80.24680328369158,12.80624961853033],[80.2495727539063,12.860140800476131],[80.26235961914074,12.954460144043026],[80.27929687500006,13.025140762329215],[80.2820816040039,13.056530952453556],[80.3043060302735,13.093750000000114],[80.29763793945318,13.126619338989371],[80.3373565673831,13.252641677856673],[80.3462524414063,13.29486083984375],[80.34570312500006,13.327640533447493],[80.32958221435564,13.400140762329215],[80.32818603515653,13.429861068725586],[80.3129959106447,13.42791557312006],[80.29486846923845,13.427359580993596],[80.2737426757813,13.444581985473746],[80.2620925903322,13.472920417785815],[80.23707580566423,13.484030723571948],[80.1770858764649,13.494861602783203],[80.16152954101562,13.489583015442122],[80.13817596435553,13.512372016906852],[80.10902404785185,13.519305229187239],[80.08625030517584,13.552083969116154],[80.05347442626959,13.582916259765852],[80.07208251953125,13.608194351196346],[80.07152557373064,13.634861946105957],[80.08902740478544,13.653751373291016],[80.10346984863287,13.654310226440373],[80.126235961914,13.611531257629508],[80.13874816894537,13.613470077514762],[80.14708709716797,13.661810874938965],[80.14152526855486,13.6940279006958],[80.15402984619152,13.703194618225211],[80.18708038330072,13.670141220092717],[80.18763732910185,13.648189544677734],[80.21402740478533,13.627361297607536],[80.26431274414091,13.561249732971248],[80.27263641357428,13.51653194427496],[80.28180694580084,13.499859809875488],[80.2929229736331,13.447081565856934],[80.31513977050787,13.444583892822322],[80.30097198486345,13.472640037536621],[80.2712478637697,13.55735969543457],[80.2431945800783,13.6137504577639],[80.23264312744169,13.669580459594954],[80.23625183105497,13.713195800781307],[80.25235748291033,13.782921791076774],[80.24485778808622,13.81958389282238],[80.23542022705084,13.831804275512638],[80.22013854980469,13.876810073852482],[80.19541931152355,13.924571990966797],[80.1718063354495,13.984029769897518],[80.15763854980474,14.000139236450252],[80.14791870117199,14.027921676635856],[80.13263702392584,14.100420951843262],[80.12680816650385,14.16624927520752],[80.12874603271501,14.213190078735408],[80.13846588134783,14.270140647888411],[80.16986083984386,14.36069393157959],[80.17319488525408,14.425695419311523],[80.18235778808611,14.5304212570191],[80.19763946533209,14.579584121704329],[80.19736480712919,14.593193054199219],[80.16625213623075,14.621809959411621],[80.1437530517581,14.700691223144645],[80.1115264892581,14.744028091430778],[80.08680725097673,14.821810722351131],[80.08291625976591,14.888751029968262],[80.06874847412115,14.927080154419002],[80.05347442626959,15.009710311889648],[80.04792022705084,15.088751792907942],[80.0662460327149,15.15681171417259],[80.08347320556669,15.194581985473746],[80.08847045898432,15.219309806823958],[80.08291625976591,15.262360572815169],[80.0970764160158,15.313472747802678],[80.12708282470709,15.375693321228141],[80.20069122314459,15.465415954590014],[80.22597503662138,15.553194999694767],[80.23735809326178,15.600972175598145],[80.27041625976591,15.673195838928223],[80.31180572509794,15.7209730148316],[80.339584350586,15.747361183166504],[80.42830657958996,15.803193092346305],[80.5087509155274,15.840140342712516],[80.56680297851591,15.86069583892828],[80.64402008056652,15.877640724182129],[80.71180725097673,15.880141258239803],[80.78597259521513,15.860141754150561],[80.81208038330107,15.831531524658374],[80.79402923584001,15.808470726013297],[80.81181335449224,15.760419845580998],[80.80902862548857,15.731805801391829],[80.82208251953142,15.712916374206543],[80.83790588378923,15.709030151367188],[80.91680908203153,15.720141410827637],[80.93791961669928,15.718190193176554],[80.99846649169916,15.750139236450252],[81.00597381591803,15.780970573425293],[80.99485778808611,15.803470611572209],[80.99791717529314,15.829583168029785],[81.08847045898466,15.93042087554926],[81.14569091796903,15.973750114441032],[81.14097595214861,16.018194198608626],[81.18930816650396,16.103469848632812],[81.20236206054682,16.14680480957054],[81.2051391601563,16.17597961425804],[81.21819305419916,16.209861755371094],[81.24263763427751,16.249860763549975],[81.28319549560575,16.290971755981445],[81.31874847412126,16.313194274902457],[81.3926391601563,16.342082977295036],[81.47013854980497,16.3532009124757],[81.5087509155274,16.3523597717288],[81.54291534423834,16.358194351196346],[81.56288909912126,16.345720291137695],[81.64791870117182,16.33430480957037],[81.68653106689459,16.332082748413086],[81.7105560302735,16.31986236572277],[81.71875,16.31154060363764],[81.77402496337908,16.33402824401861],[81.84236145019537,16.36986160278343],[81.89152526855486,16.38625144958496],[81.94458007812506,16.39541816711437],[82.02986145019537,16.43847084045416],[82.07347106933611,16.463472366333235],[82.22152709960943,16.53652954101574],[82.2604064941408,16.550689697265796],[82.29957580566412,16.591810226440543],[82.27819824218756,16.636249542236328],[82.25374603271501,16.6526393890382],[82.26125335693365,16.666530609130973],[82.25344848632841,16.689720153808537]],[[88.44412231445324,25.59651374816889],[88.38857269287115,25.5694522857666],[88.3712483321948,25.555277904718945],[88.38857269287115,25.569452285766772],[88.44412231445324,25.59651374816889]],[[75.30916595458996,12.078439712524414],[75.30906677246094,12.102661132812557],[75.30906677246111,12.102661132812557],[75.30916595458996,12.078439712524414]],[[78.52744293212902,17.459419250488338],[78.5307922363283,17.435640335083235],[78.51625061035156,17.39467048645031],[78.53079223632812,17.435640335083065],[78.52744293212902,17.459419250488338]],[[78.51999664306652,17.35653114318859],[78.50942230224626,17.325300216675032],[78.5094223022461,17.32530021667486],[78.51999664306652,17.35653114318859]],[[81.55393981933594,17.816368103027457],[81.5748672485351,17.827341079711914],[81.55393981933611,17.816368103027457],[81.55393981933594,17.816368103027457]],[[84.41796875,18.900659561157283],[84.4293899536134,18.913682937622184],[84.4199829101563,18.929710388183537],[84.42938995361357,18.913682937622184],[84.41796875,18.900659561157283]],[[84.427963256836,18.982641220092887],[84.42214965820307,18.974960327148438],[84.42640686035173,18.9839706420899],[84.427963256836,18.982641220092887]],[[82.26885223388678,17.991989135742244],[82.27081298828136,18.010669708251953],[82.25815582275396,18.03487014770502],[82.27081298828153,18.010669708251953],[82.26885223388678,17.991989135742244]],[[82.36515808105474,18.13966941833496],[82.3487319946289,18.161832809448242],[82.34873199462908,18.161832809448242],[82.36515808105474,18.13966941833496]],[[82.3193130493164,18.17143058776861],[82.3060989379884,18.195659637451115],[82.32131958007818,18.222459793090934],[82.30609893798857,18.195659637451115],[82.3193130493164,18.17143058776861]],[[82.42687225341791,18.476991653442383],[82.42267608642572,18.486209869384766],[82.42913818359403,18.485141754150447],[82.42687225341791,18.476991653442383]],[[95.58053588867188,27.94356155395502],[95.56504821777372,27.922519683838004],[95.54380035400396,27.913459777832145],[95.56504821777355,27.922519683838004],[95.58053588867188,27.94356155395502]],[[95.52622985839844,27.897899627685604],[95.51523590087902,27.86237907409668],[95.5159530639649,27.881788253784293],[95.52622985839844,27.897899627685604]],[[93.2161865234375,24.864690780639705],[93.21428680419922,24.861949920654524],[93.20007324218756,24.85775947570812],[93.2161865234375,24.864690780639705]],[[93.03790283203125,24.461151123046932],[93.03215026855486,24.428859710693473],[93.03916931152338,24.411130905151424],[93.03215026855469,24.428859710693473],[93.03790283203125,24.461151123046932]],[[93.00644683837896,24.411930084228516],[93.02435302734392,24.390470504760742],[93.02208709716803,24.37421989440918],[93.02435302734375,24.390470504760742],[93.00049591064453,24.40327072143566],[93.00644683837896,24.411930084228516]],[[90.29653930664074,26.18198013305664],[90.26941680908209,26.186241149902344],[90.247299194336,26.177551269531307],[90.26941680908209,26.186241149902514],[90.29653930664074,26.18198013305664]],[[95.28405761718756,27.560142517089844],[95.27036285400419,27.55245018005371],[95.26300048828142,27.51538276672369],[95.26300048828125,27.51538276672369],[95.27036285400402,27.55245018005371],[95.28405761718756,27.560142517089844]],[[95.2298431396485,27.477230072021484],[95.22065734863298,27.462930679321346],[95.24394989013678,27.4379501342774],[95.22065734863281,27.462930679321346],[95.2298431396485,27.477230072021484]],[[95.29531097412115,27.417011260986385],[95.31433868408209,27.396749496460245],[95.33973693847662,27.394760131835938],[95.31433868408209,27.396749496460075],[95.29531097412115,27.417011260986385]],[[93.30126190185547,26.580070495605582],[93.29007720947271,26.575990676879883],[93.30287933349615,26.58109092712408],[93.30126190185547,26.580070495605582]],[[92.42253112792963,24.248170852661246],[92.3140716552735,24.252601623535156],[92.42237854003906,24.253110885620117],[92.42253112792963,24.248170852661246]],[[92.6631088256836,25.577850341796932],[92.66072082519543,25.58184051513672],[92.66047668457037,25.585060119628906],[92.6631088256836,25.577850341796932]],[[92.51055145263678,25.617200851440373],[92.4979019165039,25.626960754394645],[92.48134613037115,25.663892745971793],[92.49790191650408,25.626960754394645],[92.51055145263678,25.617200851440373]],[[92.16445922851557,25.669319152831974],[92.16050720214844,25.673290252685547],[92.16435241699224,25.68485069274908],[92.16445922851557,25.669319152831974]],[[92.2557220458985,26.028932571411133],[92.3015823364259,26.076490402221623],[92.3020629882813,26.076761245727653],[92.2557220458985,26.028932571411133]],[[92.38619995117193,26.141510009765682],[92.41088104248058,26.13756752014166],[92.41310119628912,26.135192871093807],[92.38619995117193,26.141510009765682]],[[93.54355621337896,25.701700210571346],[93.531494140625,25.69400596618658],[93.53057098388672,25.69269943237299],[93.53797912597673,25.703199386596793],[93.54355621337896,25.701700210571346]],[[93.14131164550787,25.71327972412115],[93.14462280273449,25.716028213501033],[93.17714691162115,25.728071212768555],[93.14131164550787,25.71327972412115]],[[92.80169677734403,26.20445823669445],[92.80169677734386,26.20445823669445],[92.79796600341803,26.223850250244254],[92.80169677734403,26.20445823669445]],[[93.1563568115235,26.55015945434576],[93.18753814697277,26.57015037536621],[93.18753814697294,26.57015037536621],[93.1563568115235,26.55015945434576]],[[92.31050109863287,24.25134849548334],[92.29660797119169,24.251729965209904],[92.25958251953136,24.250419616699332],[92.30349731445324,24.25269126892084],[92.31050109863287,24.25134849548334]],[[92.21285247802754,24.249309539795153],[92.21285247802746,24.24930953979515],[92.26757049560553,24.37325096130371],[92.26407623291016,24.362159729003963],[92.21285247802754,24.249309539795153]],[[89.82727813720709,26.396472930908317],[89.83329010009794,26.412290573120345],[89.84484863281256,26.41022109985363],[89.82727813720709,26.396472930908317]],[[93.47402191162121,25.309280395507812],[93.47513580322277,25.299680709838867],[93.46559143066412,25.299051284790096],[93.47402191162121,25.309280395507812]],[[87.67096710205095,26.110942840576286],[87.68524932861322,26.112182617187614],[87.66871643066406,26.107900619506893],[87.67096710205095,26.110942840576286]],[[87.51085662841808,25.970840454101676],[87.4962310791015,25.98718070983898],[87.47780609130865,25.974319458007756],[87.4962310791015,25.98718070983915],[87.51085662841808,25.970840454101676]],[[87.47780609130865,25.974319458007756],[87.46067047119146,25.986391067504883],[87.44467163085949,25.982179641723576],[87.46067047119146,25.986391067505053],[87.47780609130865,25.974319458007756]],[[87.30253601074224,25.979471206665153],[87.28922271728527,25.961860656738395],[87.2747268676759,25.977979660034237],[87.28922271728527,25.961860656738565],[87.30253601074224,25.979471206665153]],[[87.0767211914063,25.962200164794865],[87.07479858398443,25.960620880127067],[87.07430267334013,25.966430664062557],[87.0767211914063,25.962200164794865]],[[86.68749237060558,25.11802864074707],[86.68180084228516,25.120840072631893],[86.69851684570324,25.116859436035213],[86.68749237060558,25.11802864074707]],[[87.1646118164063,25.058851242065487],[87.17664337158209,25.06402015686035],[87.17384338378918,25.058002471923885],[87.1646118164063,25.058851242065487]],[[85.74872589111328,25.5445613861084],[85.72836303710955,25.527240753174055],[85.73059082031244,25.539119720459098],[85.74872589111328,25.5445613861084]],[[83.39409637451166,24.7794704437257],[83.38680267334013,24.78421974182129],[83.38633728027344,24.78659057617199],[83.39409637451166,24.7794704437257]],[[83.53314971923828,25.312871932983455],[83.53465270996122,25.315200805664062],[83.55430603027338,25.31406974792486],[83.53314971923828,25.312871932983455]],[[86.82206726074224,25.434900283813533],[86.80621337890625,25.456600189208984],[86.81774139404325,25.443830490112248],[86.82206726074224,25.434900283813533]],[[87.2034683227539,25.427389144897575],[87.1987762451173,25.414850234985558],[87.19877624511724,25.41485023498558],[87.2034683227539,25.427389144897575]],[[87.52552032470709,25.280981063842773],[87.49887084960949,25.29228973388672],[87.49006652832043,25.305200576782283],[87.49887084960966,25.29228973388672],[87.52552032470709,25.280981063842773]],[[87.4718170166015,25.222379684448185],[87.47216033935558,25.1946697235108],[87.46763610839844,25.193141937255973],[87.4718170166015,25.222379684448185]],[[84.84561157226562,25.69679069519043],[84.85119628906256,25.69938087463379],[84.84220123291033,25.679399490356673],[84.84220123291018,25.67939949035667],[84.84561157226562,25.69679069519043]],[[84.70681762695318,25.321502685546932],[84.70329284667963,25.300569534301815],[84.69715118408214,25.316471099853572],[84.70681762695318,25.321502685546932]],[[84.38117218017578,25.734251022338924],[84.3844833374024,25.737680435180664],[84.39364624023443,25.728902816772518],[84.38117218017578,25.734251022338924]],[[84.48934173583984,25.69108963012701],[84.48934173584001,25.69108963012701],[84.49903106689453,25.677391052246094],[84.48934173583984,25.69108963012701]],[[86.36155700683594,26.04986190795904],[86.39234161376959,26.045351028442383],[86.36988830566418,26.044809341430664],[86.36155700683594,26.04986190795904]],[[86.31495666503918,25.872760772705078],[86.32322692871094,25.855871200561523],[86.30371856689482,25.867349624633732],[86.31495666503918,25.872760772705078]],[[85.19728088378918,25.053670883178768],[85.20169830322266,25.055900573730582],[85.19481658935541,25.034170150756836],[85.19728088378918,25.053670883178768]],[[85.37837219238281,24.977462768554744],[85.40016174316412,24.973800659179744],[85.38922119140625,24.96628952026373],[85.37837219238281,24.977462768554744]],[[84.45966339111334,26.623359680175895],[84.47763824462919,26.61285972595232],[84.48343658447283,26.604810714721793],[84.48918151855474,26.572540283203352],[84.50608062744135,26.567279815673828],[84.48918151855474,26.572540283203182],[84.47808837890625,26.59634971618658],[84.47763824462902,26.61285972595215],[84.45966339111334,26.623359680175895]],[[84.50811004638678,26.557889938354606],[84.50382232666033,26.535539627075195],[84.5349960327149,26.509241104125977],[84.50382232666016,26.535539627075195],[84.50811004638678,26.557889938354606]],[[84.5349960327149,26.509241104125977],[84.53434753417986,26.487871170043945],[84.53434753417969,26.487871170043945],[84.5349960327149,26.509241104125977]],[[84.71710968017584,26.402099609375114],[84.72165679931658,26.38496971130371],[84.75974273681669,26.343458175659237],[84.79554748535162,26.321861267089844],[84.75974273681652,26.343458175659237],[84.7216567993164,26.38496971130371],[84.71710968017584,26.402099609375114]],[[84.84171295166027,26.27603912353527],[84.85489654541044,26.266599655151424],[84.86312103271513,26.25679969787609],[84.86312103271496,26.25679969787609],[84.85489654541027,26.266599655151424],[84.84171295166027,26.27603912353527]],[[84.86312103271513,26.25679969787609],[84.87359619140653,26.261880874634016],[84.8759765625,26.275730133056754],[84.87487792968756,26.242910385131893],[84.86814880371094,26.257009506225643],[84.86312103271513,26.25679969787609]],[[85.16722869873047,25.30920028686529],[85.17370605468767,25.30961990356451],[85.17794799804693,25.304349899292106],[85.16722869873047,25.30920028686529]],[[88.06812286376959,25.496799468994084],[88.0742797851563,25.46288108825695],[88.07041168212896,25.48050117492687],[88.06812286376959,25.496799468994084]],[[87.8268127441408,25.931850433349723],[87.81787109375,25.933019638061637],[87.80922698974604,25.947299957275504],[87.8268127441408,25.931850433349723]],[[85.89701843261724,25.26917839050293],[85.89830780029314,25.293872833251896],[85.89951324462896,25.298521041870117],[85.89701843261724,25.26917839050293]],[[85.98348999023449,25.313272476196232],[85.98348999023466,25.313272476196232],[86.00493621826172,25.29875946044922],[85.98348999023449,25.313272476196232]],[[86.6234970092774,26.01706123352062],[86.61149597167974,26.029859542846737],[86.62766265869158,26.02894973754877],[86.6234970092774,26.01706123352062]],[[85.4857482910158,25.90654945373541],[85.48574829101562,25.90654945373541],[85.46356964111322,25.929201126098633],[85.4857482910158,25.90654945373541]],[[85.07132720947271,25.969949722290153],[85.06133270263672,25.97289085388195],[85.0520858764649,25.98306274414074],[85.07132720947271,25.969949722290153]],[[85.01441955566423,25.987529754638786],[85.01441955566406,25.987529754638786],[85.00344085693365,26.000490188598576],[85.01441955566423,25.987529754638786]],[[85.27458953857439,26.350820541381836],[85.27568817138666,26.35593032836914],[85.27599334716803,26.347751617431697],[85.27458953857439,26.350820541381836]],[[85.36929321289074,26.326709747314453],[85.36929321289091,26.326709747314624],[85.37191772460943,26.31360816955572],[85.36929321289074,26.326709747314453]],[[84.0304489135743,27.011819839477656],[84.03044891357422,27.01181983947771],[84.04030609130854,27.03530120849615],[84.03572845458979,27.019319534301815],[84.0304489135743,27.011819839477656]],[[83.98195266723641,27.191101074218892],[83.97878265380865,27.200439453125057],[83.97660827636719,27.203420639038086],[83.97878265380865,27.200439453125227],[83.98195266723641,27.191101074218892]],[[83.89615631103533,27.27707099914562],[83.89804077148455,27.278989791870345],[83.90406799316435,27.28117179870617],[83.89615631103533,27.27707099914562]],[[85.42254638671895,25.497240066528583],[85.43004608154297,25.515520095825195],[85.43004608154311,25.515520095825114],[85.42254638671903,25.497240066528548],[85.42254638671895,25.497240066528583]],[[85.2604370117187,26.643629074096907],[85.30589294433594,26.64529037475586],[85.26904296875017,26.632761001587028],[85.2604370117187,26.643629074096907]],[[86.49411010742182,26.0453205108642],[86.4826965332033,26.02765083312994],[86.50630950927729,26.00209045410162],[86.48269653320312,26.02765083312994],[86.49411010742182,26.0453205108642]],[[84.54685211181668,25.841320037841736],[84.54425048828142,25.82998085021967],[84.53292083740246,25.832229614257812],[84.54685211181652,25.841320037841797],[84.54685211181668,25.841320037841736]],[[85.32982635498058,26.646909713745174],[85.32982635498075,26.646909713745174],[85.35102844238276,26.636169433593693],[85.32982635498058,26.646909713745174]],[[85.35102844238276,26.636169433593693],[85.3644104003908,26.625591278076342],[85.36141967773443,26.56998825073265],[85.36441040039062,26.625591278076172],[85.35102844238276,26.636169433593693]],[[85.36141967773443,26.56998825073265],[85.37982177734386,26.57195281982422],[85.36141967773443,26.56998825073248],[85.36141967773443,26.56998825073265]],[[85.37982177734386,26.57195281982422],[85.37982177734403,26.57195281982422],[85.38197326660173,26.549119949341048],[85.38197326660156,26.549119949340877],[85.37982177734386,26.57195281982422]],[[85.4260864257813,26.518049240112248],[85.44345092773443,26.539590835571516],[85.46850585937528,26.490890502929688],[85.45802307128935,26.477209091186637],[85.42494201660162,26.45619964599615],[85.45802307128918,26.477209091186637],[85.46850585937511,26.490890502929688],[85.44345092773443,26.539590835571346],[85.4260864257813,26.518049240112248]],[[84.06923675537121,26.09912109375],[84.04905700683622,26.099700927734432],[84.04824829101568,26.103830337524528],[84.06923675537121,26.09912109375]],[[76.81980895996105,30.68582916259777],[76.83499908447271,30.664110183715934],[76.81881713867193,30.66059112548851],[76.81050872802734,30.684951782226562],[76.81980895996105,30.68582916259777]],[[76.80591583251947,30.680259704589957],[76.80293273925781,30.675481796264933],[76.7943725585938,30.66931915283203],[76.80591583251947,30.680259704589957]],[[81.8677597045899,20.050870895385742],[81.8737564086914,20.046180725097713],[81.86611175537104,20.035181045532283],[81.8677597045899,20.050870895385742]],[[82.17398071289062,19.376939773559798],[82.17398071289062,19.376939773559627],[82.15080261230474,19.370340347290153],[82.17398071289062,19.376939773559798]],[[81.47985839843778,22.493310928344727],[81.47637176513678,22.492160797119084],[81.49011993408214,22.508430480957145],[81.47985839843778,22.493310928344727]],[[81.65479278564453,22.62158966064453],[81.67859649658214,22.648880004882812],[81.67859649658232,22.648880004882812],[81.65479278564453,22.62158966064453]],[[81.69886779785156,22.645881652832088],[81.714111328125,22.65563011169445],[81.69886779785173,22.645881652832088],[81.69886779785156,22.645881652832088]],[[81.71305847167974,21.00678062438965],[81.74452972412115,21.007921218872298],[81.75403594970709,20.9950008392334],[81.74452972412115,21.007921218872127],[81.71305847167974,21.00678062438965]],[[81.97731781005854,20.69850158691429],[82.00562286376959,20.671930313110295],[81.97731781005854,20.69850158691412],[81.97731781005854,20.69850158691429]],[[82.01306915283209,20.54241943359375],[82.01564025878935,20.522569656372184],[82.03044128417974,20.508382797241154],[82.01564025878918,20.522569656372184],[82.01306915283209,20.54241943359375]],[[82.0165405273438,20.05010986328125],[82.01432800292969,20.036439895629883],[82.00995635986328,20.0447998046875],[82.0165405273438,20.05010986328125]],[[84.03380584716825,23.167840957641715],[84.04399108886719,23.18460083007824],[84.03026580810553,23.149368286132812],[84.03380584716825,23.167840957641715]],[[84.097640991211,22.633010864257756],[84.08039093017578,22.63655090332037],[84.08039093017595,22.63655090332054],[84.097640991211,22.633010864257756]],[[84.00489807128912,22.53013038635254],[84.01914978027344,22.52107048034668],[84.00250244140653,22.520860671997184],[84.00489807128912,22.53013038635254]],[[81.11054992675787,22.353000640869197],[81.10093688964844,22.383239746093807],[81.10465240478527,22.410802841186523],[81.10093688964861,22.383239746093807],[81.11054992675787,22.353000640869197]],[[81.39655303955087,22.44132041931156],[81.41411590576172,22.44852066040039],[81.418930053711,22.454219818115234],[81.41411590576189,22.44852066040039],[81.39655303955095,22.441320419311523],[81.39655303955087,22.44132041931156]],[[82.1376571655274,23.188129425048942],[82.14665985107433,23.209449768066406],[82.14248657226557,23.227701187133846],[82.1466598510745,23.209449768066406],[82.1376571655274,23.188129425048942]],[[82.40246582031244,20.857959747314453],[82.38279724121105,20.869939804077205],[82.38279724121122,20.869939804077205],[82.40246582031244,20.857959747314453]],[[82.35917663574219,20.882709503173942],[82.34661865234386,20.883848190307663],[82.34661865234392,20.883848190307845],[82.35917663574219,20.882709503173942]],[[83.57353210449247,21.829660415649528],[83.57769012451178,21.826570510864315],[83.5574569702149,21.834409713745117],[83.57353210449247,21.829660415649528]],[[83.32356262207048,24.101329803466854],[83.33904266357428,24.11045074462885],[83.3275985717774,24.09964942932129],[83.32356262207048,24.101329803466854]],[[83.93525695800781,23.563039779663086],[83.92958831787115,23.5936794281007],[83.93525695800798,23.563039779663086],[83.93525695800781,23.563039779663086]],[[73.210952758789,20.12360000610363],[73.2163162231447,20.121999740600586],[73.21774291992193,20.106340408325252],[73.210952758789,20.12360000610363]],[[73.21393585205084,20.090641021728516],[73.19803619384783,20.077810287475643],[73.18586730957037,20.052900314330998],[73.19803619384766,20.077810287475643],[73.21393585205084,20.090641021728516]],[[72.9732284545899,20.130800247192496],[72.98596191406256,20.157529830932845],[72.98596191406256,20.157529830932674],[72.9732284545899,20.130800247192496]],[[77.21732330322277,28.835279464721793],[77.21732330322294,28.835279464721793],[77.21364593505865,28.81349945068382],[77.21732330322277,28.835279464721793]],[[77.21732330322294,28.835279464721793],[77.22499084472656,28.833238601684684],[77.23430633544916,28.826490402221793],[77.21732330322294,28.835279464721793]],[[77.3175659179688,28.671619415283203],[77.31121063232439,28.644641876220817],[77.33708190917997,28.62190055847168],[77.3278427124024,28.604881286621207],[77.3370819091798,28.62190055847168],[77.31121063232422,28.644641876220817],[77.3175659179688,28.671619415283203]],[[77.33682250976568,28.515680313110465],[77.33773803710955,28.508970260620117],[77.32898712158209,28.50831985473627],[77.33682250976568,28.515680313110465]],[[77.07247924804693,28.52028083801281],[77.05696105957048,28.513860702514762],[77.05696105957031,28.513860702514762],[77.07247924804693,28.52028083801281]],[[77.05696105957031,28.513860702514762],[77.04876708984392,28.515241622924748],[77.04165649414091,28.518960952758732],[77.0196380615235,28.53327178955078],[77.05696105957031,28.513860702514762]],[[76.92310333251959,28.66921043395996],[76.92310333251959,28.66921043396013],[76.94255065917969,28.675111770629996],[76.92310333251959,28.66921043395996]],[[76.93746948242199,28.803501129150447],[76.93746948242199,28.803501129150618],[76.94230651855469,28.820680618286417],[76.94822692871094,28.817661285400504],[76.93746948242199,28.803501129150447]],[[77.18363952636719,28.862300872802848],[77.1780395507812,28.88556289672863],[77.1868667602539,28.866819381713867],[77.18363952636719,28.862300872802848]],[[72.51626586914091,22.623519897460938],[72.522216796875,22.61155128479004],[72.51718139648443,22.613891601562784],[72.51626586914091,22.623519897460938]],[[71.32644653320341,23.976930618286246],[71.32309722900408,23.972871780395565],[71.31008148193354,23.962919235229606],[71.30758666992222,23.960079193115295],[71.30758666992216,23.960079193115405],[71.32301330566435,23.981861114501953],[71.32644653320341,23.976930618286246]],[[69.73179626464861,21.922058105468977],[69.7421264648438,21.92505264282255],[69.7421264648438,21.92505264282238],[69.73179626464861,21.922058105468977]],[[69.96597290039061,21.36021995544442],[69.96597290039057,21.360219955444506],[69.97316741943371,21.374450683593807],[69.96597290039061,21.36021995544442]],[[71.59536743164074,23.137420654297102],[71.5452117919923,23.162300109863224],[71.54521179199247,23.162300109863224],[71.59536743164074,23.137420654297102]],[[71.22260284423828,23.170980453491325],[71.20590972900419,23.186080932617244],[71.22260284423828,23.170980453491495],[71.22260284423828,23.170980453491325]],[[71.17164611816423,24.648860931396484],[71.19709777832037,24.64292907714855],[71.20732879638689,24.639549255371037],[71.17164611816423,24.648860931396484]],[[73.87362670898438,20.707719802856502],[73.8636016845706,20.694299697875977],[73.86360168457047,20.694299697876026],[73.87362670898438,20.707719802856502]],[[73.84150695800793,20.675138473510742],[73.8415069580081,20.675138473510742],[73.84349060058594,20.650329589843693],[73.84150695800793,20.675138473510742]],[[73.77997589111328,20.591859817504883],[73.74820709228544,20.56735992431635],[73.74820709228534,20.567359924316424],[73.76394653320312,20.583330154419002],[73.77997589111328,20.591859817504883]],[[75.287857055664,29.619768142700252],[75.30753326416016,29.632560729980582],[75.31169891357416,29.648759841919002],[75.30753326416033,29.632560729980582],[75.287857055664,29.619768142700252]],[[77.12413787841803,29.452941894531193],[77.0653915405274,29.445650100708065],[77.03370666503906,29.454710006713924],[77.00456237792974,29.45173072814947],[77.03370666503923,29.454710006714095],[77.0653915405274,29.445650100708235],[77.12413787841803,29.452941894531193]],[[76.825942993164,29.473800659179744],[76.79505920410156,29.486570358276424],[76.78169250488276,29.473720550537166],[76.79505920410156,29.486570358276595],[76.825942993164,29.473800659179744]],[[77.26521301269526,30.04952049255371],[77.28041839599621,30.052511215210075],[77.27040863037126,30.048339843750057],[77.26521301269526,30.04952049255371]],[[76.8157577514649,30.89600944519043],[76.82266235351591,30.888099670410213],[76.83715057373058,30.878871917724837],[76.85243225097685,30.870689392089844],[76.85243225097668,30.870689392089844],[76.83715057373058,30.878871917724666],[76.82266235351574,30.888099670410213],[76.8157577514649,30.89600944519043]],[[76.85243225097685,30.870689392089844],[76.86962890624994,30.878160476684513],[76.86178588867199,30.873550415039062],[76.85243225097685,30.870689392089844]],[[76.94764709472656,30.82316970825201],[76.95375061035156,30.81121063232439],[76.98264312744146,30.804300308227653],[76.95375061035156,30.81121063232422],[76.94764709472656,30.82316970825201]],[[77.00466156005854,30.757352828979492],[77.00470733642595,30.75248908996582],[77.0064468383789,30.74950981140131],[77.00470733642578,30.75248908996582],[77.00466156005854,30.757352828979492]],[[77.13240814208996,29.17181015014654],[77.12661743164068,29.154020309448242],[77.12734222412126,29.162910461425838],[77.13240814208987,29.171810150146552],[77.13240814208996,29.17181015014654]],[[76.90524291992199,29.224109649658317],[76.88315582275419,29.215040206909123],[76.87336730957037,29.197700500488395],[76.88315582275402,29.215040206909123],[76.90524291992199,29.224109649658317]],[[76.73852954765013,29.271249428790632],[76.73168945312528,29.265499114990348],[76.73168945312511,29.265499114990348],[76.73852954765013,29.271249428790632]],[[74.51906585693376,29.943349838256893],[74.5190658569336,29.943349838256893],[74.524642944336,29.951560974121094],[74.51906585693376,29.943349838256893]],[[74.69550323486328,29.971530914306697],[74.69449615478516,29.98800086975092],[74.69737243652361,29.971149444580135],[74.69550323486328,29.971530914306697]],[[75.17855834960966,29.836908340454215],[75.17855834960963,29.836908340454286],[75.18234252929699,29.838701248168945],[75.20091247558594,29.829999923706055],[75.17855834960966,29.836908340454215]],[[75.22321319580078,29.598890304565487],[75.21936798095714,29.59250259399414],[75.21118927001957,29.582399368286307],[75.21118927001947,29.58239936828636],[75.22321319580078,29.598890304565487]],[[77.38186645507818,30.439271926879826],[77.39409637451183,30.43427085876482],[77.3954620361331,30.42094039916998],[77.42620086669922,30.441118240356502],[77.4076385498048,30.427881240844727],[77.40061187744152,30.418750762939453],[77.39546203613293,30.42094039916998],[77.38186645507818,30.439271926879826]],[[77.41590118408203,30.412830352783203],[77.43495178222685,30.403671264648665],[77.46797180175781,30.411779403686523],[77.43495178222668,30.403671264648494],[77.41590118408203,30.412830352783203]],[[77.57009887695318,30.331550598144588],[77.57035064697294,30.311229705810604],[77.5557708740235,30.30257034301752],[77.57035064697277,30.311229705810604],[77.57009887695318,30.331550598144588]],[[77.48390197753912,30.21008110046398],[77.47326660156278,30.188591003418082],[77.44684600830095,30.168609619140625],[77.4153213500976,30.156690597534293],[77.44684600830078,30.168609619140625],[77.47326660156261,30.188591003418082],[77.48390197753912,30.21008110046398]],[[76.71418762207031,33.177440643310604],[76.7421264648438,33.197490692138786],[76.7298660278322,33.1794319152832],[76.71418762207031,33.177440643310604]],[[75.89885711669928,32.68062210083019],[75.9098358154298,32.72093963623058],[75.91248321533214,32.757122039795036],[75.90006256103527,32.769859313964844],[75.91248321533232,32.757122039795036],[75.90983581542997,32.72093963623058],[75.89885711669928,32.68062210083019]],[[75.90006256103527,32.769859313964844],[75.87378692626964,32.81369018554682],[75.85523986816418,32.826141357421875],[75.87378692626982,32.81369018554682],[75.90006256103527,32.769859313964844]],[[75.8083114624024,32.85319900512701],[75.78942108154303,32.86362075805664],[75.79537200927763,32.86925888061535],[75.8083114624024,32.85319900512701]],[[75.79835510253912,32.90216445922857],[75.79830932617188,32.91942214965832],[75.82142639160162,32.93347167968744],[75.79830932617205,32.91942214965832],[75.79835510253912,32.90216445922857]],[[76.14389038085938,33.0164794921875],[76.15223693847668,33.022899627685604],[76.15223693847685,33.022899627685604],[76.14389038085938,33.0164794921875]],[[76.23728942871105,33.032588958740234],[76.25524139404308,33.05228042602545],[76.27123260498058,33.09635925292963],[76.25524139404325,33.05228042602545],[76.23728942871105,33.032588958740234]],[[76.5341796875,33.199348449706974],[76.54747772216791,33.2095298767091],[76.53417968750017,33.199348449706974],[76.5341796875,33.199348449706974]],[[76.80629730224604,33.236228942871094],[76.80845642089844,33.24232101440441],[76.80916595458979,33.24430084228521],[76.80629730224604,33.236228942871094]],[[77.4552230834961,32.8617401123048],[77.47318267822271,32.87879180908203],[77.45522308349626,32.8617401123048],[77.4552230834961,32.8617401123048]],[[78.22496795654308,32.67555999755871],[78.23658752441418,32.69467163085932],[78.23658752441435,32.69467163085932],[78.22496795654325,32.67555999755871],[78.22496795654308,32.67555999755871]],[[78.2876586914063,32.737831115722656],[78.34474182128918,32.76343154907221],[78.34474182128935,32.76343154907221],[78.2876586914063,32.737831115722656]],[[78.31799316406256,32.580211639404354],[78.29662322998053,32.577510833740234],[78.29662322998053,32.577510833740405],[78.31799316406256,32.580211639404354]],[[78.31040954589861,32.475929260253956],[78.35636138916027,32.51266098022461],[78.3766860961914,32.52605056762701],[78.31040954589872,32.475929260253906],[78.31040954589861,32.475929260253956]],[[75.18504333496105,33.46488952636719],[75.17427062988287,33.458309173583984],[75.15741729736328,33.46744918823242],[75.18504333496105,33.46488952636719]],[[74.84017181396513,33.5250701904298],[74.79618835449236,33.504428863525334],[74.79618835449219,33.504428863525334],[74.84017181396496,33.5250701904298],[74.84017181396513,33.5250701904298]],[[74.75321197509794,33.507877349853516],[74.76213073730474,33.473468780517635],[74.75321197509777,33.507877349853516],[74.75321197509794,33.507877349853516]],[[74.67560577392572,33.00067138671875],[74.70884704589861,32.993270874023665],[74.77455139160185,32.969661712646655],[74.77455139160168,32.969661712646484],[74.70884704589844,32.993270874023494],[74.67560577392572,33.00067138671875]],[[74.81688690185558,33.04224014282238],[74.87213897705084,33.04286956787132],[74.9034271240235,33.05142974853521],[74.87213897705084,33.04286956787115],[74.81688690185558,33.04224014282238]],[[74.94020080566406,33.053241729736385],[74.94020080566423,33.053241729736385],[74.9507064819336,33.03783035278326],[74.94020080566406,33.053241729736385]],[[74.96082305908209,33.020561218261776],[74.9652862548831,32.9733619689942],[74.95775604248064,32.93083190917969],[74.97075653076178,32.916912078857536],[74.95775604248047,32.93083190917969],[74.96528625488293,32.9733619689942],[74.96082305908209,33.020561218261776]],[[75.03299713134777,32.93078994750982],[75.03299713134794,32.93078994750982],[75.04448699951166,32.90658950805687],[75.06887817382841,32.880088806152344],[75.06887817382824,32.880088806152344],[75.04448699951166,32.9065895080567],[75.03299713134777,32.93078994750982]],[[75.28914642333996,32.66802215576172],[75.31770324707037,32.66024017334007],[75.34063720703136,32.64202880859369],[75.31770324707037,32.6602401733399],[75.28914642333996,32.66802215576172]],[[75.59263610839872,32.38169860839844],[75.5670013427735,32.37184143066412],[75.59263610839855,32.38169860839844],[75.59263610839872,32.38169860839844]],[[75.52426910400396,32.34004974365246],[75.51582336425798,32.29798889160173],[75.51582336425781,32.29798889160156],[75.52426910400396,32.34004974365246]],[[75.43879699707031,32.63447189331066],[75.43879699707031,32.63447189331083],[75.4634628295899,32.642799377441406],[75.43879699707031,32.63447189331066]],[[75.4634628295899,32.642799377441406],[75.4960327148438,32.65652084350609],[75.5325164794923,32.663421630859375],[75.4960327148438,32.656520843505916],[75.4634628295899,32.642799377441406]],[[75.62178802490246,32.7391090393067],[75.62178802490246,32.73910903930687],[75.63881683349604,32.75645065307623],[75.62178802490246,32.7391090393067]],[[74.77478027343744,33.4497528076173],[74.7984924316408,33.419715881347656],[74.80481719970709,33.399162292480696],[74.79849243164062,33.419715881347656],[74.77478027343744,33.4497528076173]],[[74.77951812744169,33.354896545410384],[74.7779388427735,33.329601287841854],[74.77951812744152,33.35489654541021],[74.77951812744169,33.354896545410384]],[[74.7779388427735,33.329601287841854],[74.77951812744169,33.309047698974666],[74.79374694824224,33.27901077270508],[74.77951812744152,33.309047698974666],[74.7779388427735,33.329601287841854]],[[74.7257690429687,33.106689453125],[74.70837402343778,33.067165374755916],[74.69889068603516,33.030803680420036],[74.70837402343761,33.067165374755916],[74.7257690429687,33.106689453125]],[[86.46642303466825,23.6296195983889],[86.48129272460949,23.635038375854606],[86.46642303466808,23.62961959838873],[86.44490814208984,23.631532669067496],[86.46642303466825,23.6296195983889]],[[86.15511322021496,23.504230499267578],[86.14292907714855,23.527341842651367],[86.15326690673822,23.55159187316906],[86.14292907714872,23.527341842651367],[86.15511322021496,23.504230499267578]],[[86.01760864257824,23.563610076904354],[86.01100921630876,23.56124114990246],[86.01100921630876,23.56124114990257],[86.01760864257824,23.563610076904354]],[[85.75476837158214,23.67140007019043],[85.74561309814464,23.646070480346737],[85.71745300292969,23.624719619750977],[85.74561309814464,23.646070480346907],[85.75476837158214,23.67140007019043]],[[85.60865020751959,23.620719909668026],[85.61194610595714,23.672990798950195],[85.6041488647461,23.684999465942383],[85.61194610595732,23.672990798950195],[85.60865020751959,23.620719909668026]],[[86.4985961914063,24.005689620971623],[86.51854705810547,23.997579574585018],[86.51151275634783,23.999010086059627],[86.4985961914063,24.005689620971623]],[[86.51854705810547,23.997579574585018],[86.53626251220697,24.004169464111328],[86.51854705810564,23.997579574585018],[86.51854705810547,23.997579574585018]],[[86.7810668945313,23.856241226196232],[86.7973861694336,23.831869125366268],[86.79283905029314,23.83138084411621],[86.7810668945313,23.856241226196232]],[[87.64173126220714,24.249860763549805],[87.64929962158209,24.24662017822277],[87.64315795898438,24.22459983825695],[87.64173126220714,24.249860763549805]],[[87.35663604736345,24.009189605712947],[87.35098266601568,23.999202728271484],[87.35663604736328,24.009189605712947],[87.35663604736345,24.009189605712947]],[[84.89122772216797,23.318599700927848],[84.90043640136724,23.341461181640625],[84.9099731445313,23.319139480590763],[84.89122772216797,23.318599700927848]],[[84.97844696044928,22.797060012817496],[84.98496246337902,22.78269958496105],[84.97238922119152,22.782791137695312],[84.97844696044928,22.797060012817496]],[[85.86089324951172,23.428180694580135],[85.8628768920899,23.40997123718273],[85.85363006591797,23.421768188476562],[85.86089324951172,23.428180694580135]],[[87.22248077392602,23.85763931274403],[87.21675872802763,23.850942611694393],[87.21675872802746,23.850942611694393],[87.2224807739259,23.857639312744084],[87.22248077392602,23.85763931274403]],[[87.1664428710937,23.819589614868278],[87.14874267578142,23.794370651245117],[87.14874267578125,23.794370651245117],[87.1664428710937,23.819589614868278]],[[87.83970642089855,24.738189697265625],[87.82533264160162,24.752210617065543],[87.85234832763672,24.734939575195312],[87.83970642089855,24.738189697265625]],[[85.51064300537138,22.805940628051758],[85.50866699218756,22.826290130615348],[85.5245971679687,22.80542945861822],[85.51064300537138,22.805940628051758]],[[85.6067581176759,22.826868057250977],[85.61573028564464,22.845020294189396],[85.61573028564482,22.845020294189396],[85.6067581176759,22.826868057250977]],[[85.9607925415041,22.478618621826165],[85.96675109863281,22.482160568237305],[85.96701049804693,22.486011505127067],[85.96675109863298,22.482160568237305],[85.96079254150419,22.478618621826115],[85.9607925415041,22.478618621826165]],[[85.06249237060564,22.478410720825195],[85.05139923095703,22.479419708251953],[85.07103729248041,22.497940063476676],[85.06249237060564,22.478410720825195]],[[86.55510711669933,22.7078800201416],[86.56169891357428,22.722890853881893],[86.5551071166995,22.7078800201416],[86.58078002929693,22.688991546630803],[86.55510711669933,22.7078800201416]],[[86.83090972900402,22.40637016296381],[86.83090972900419,22.40637016296381],[86.84393310546875,22.396060943603516],[86.83090972900402,22.40637016296381]],[[86.747802734375,22.20798110961914],[86.72278594970732,22.215248107910213],[86.72097015380865,22.216840744018555],[86.747802734375,22.20798110961914]],[[85.02157592773449,22.46710968017578],[84.96024322509783,22.4437198638916],[84.96024322509766,22.4437198638916],[85.02157592773449,22.46710968017578]],[[74.67106628417986,13.981021881103516],[74.6611633300783,13.972840309143123],[74.67035675048834,13.99275016784668],[74.67106628417986,13.981021881103516]],[[74.63037872314482,14.161581993103084],[74.63037872314482,14.161581993103255],[74.65487670898438,14.169610977173022],[74.67016601562506,14.18422889709501],[74.7008361816408,14.172900199890137],[74.67016601562506,14.18422889709484],[74.65487670898438,14.169610977172852],[74.63037872314482,14.161581993103084]],[[74.7204666137697,14.23071002960205],[74.7204666137697,14.230710029602221],[74.72557067871088,14.241641044616756],[74.7204666137697,14.23071002960205]],[[76.496078491211,9.394930839538688],[76.50183868408214,9.39314174652094],[76.4997177124024,9.390299797058162],[76.496078491211,9.394930839538688]],[[75.3251571655274,12.144890785217399],[75.31067657470709,12.124732017517147],[75.28392791748053,12.114981651306152],[75.31067657470709,12.124732017517317],[75.3251571655274,12.144890785217399]],[[76.12760162353521,11.449070930480957],[76.13533782959001,11.442711830139217],[76.13736724853544,11.420240402221623],[76.12760162353521,11.449070930480957]],[[81.8210067749024,23.258079528808594],[81.83431243896501,23.253520965576286],[81.86416625976591,23.23973083496105],[81.86416625976574,23.23973083496105],[81.8210067749024,23.258079528808594]],[[81.86416625976591,23.23973083496105],[81.87444305419928,23.244880676269645],[81.87567901611328,23.239700317382926],[81.87063598632824,23.238899230957088],[81.86416625976591,23.23973083496105]],[[81.85481262207043,23.31394958496088],[81.86482238769548,23.298419952392578],[81.86482238769531,23.298419952392578],[81.85481262207043,23.31394958496088]],[[81.86482238769548,23.298419952392578],[81.88545227050787,23.323221206665096],[81.87734222412121,23.307840347290153],[81.86882781982422,23.29833984375],[81.86482238769548,23.298419952392578]],[[80.09361267089838,22.34156990051281],[80.0882720947265,22.342000961303768],[80.10198974609403,22.34639167785639],[80.09361267089838,22.34156990051281]],[[80.88518524169922,22.349702835083008],[80.87404632568371,22.33484840393072],[80.8753509521485,22.346300125122298],[80.88518524169922,22.349702835083008]],[[77.35378265380865,22.237520217895508],[77.35247039794928,22.25204086303711],[77.35292816162138,22.25206947326666],[77.35378265380865,22.237520217895508]],[[76.77578735351557,21.460130691528377],[76.74339294433611,21.443140029907227],[76.73208618164091,21.408809661865234],[76.66841125488281,21.369470596313477],[76.73208618164074,21.408809661865234],[76.74339294433594,21.443140029907227],[76.77578735351557,21.460130691528377]],[[76.07724761962896,21.364269256591854],[76.0523757934572,21.35270118713379],[76.05237579345712,21.352701187133828],[76.06565856933605,21.359199523925838],[76.07724761962896,21.364269256591854]],[[76.1259002685548,21.588840484619084],[76.15016174316435,21.579589843749943],[76.15659332275396,21.551111221313533],[76.15016174316418,21.579589843749943],[76.1259002685548,21.588840484619084]],[[80.7246704101563,22.814140319824276],[80.723197937012,22.82233047485346],[80.72299957275419,22.832761764526424],[80.72116851806658,22.836370468139876],[80.72299957275402,22.839252471923942],[80.7246704101563,22.814140319824276]],[[80.72299957275402,22.839252471923942],[80.72299957275419,22.839252471924112],[80.73591613769537,22.84577941894537],[80.730209350586,22.840852737426815],[80.72299957275402,22.839252471923942]],[[81.3989715576173,22.851390838623104],[81.39897155761747,22.851390838623104],[81.41921997070307,22.83761978149414],[81.3989715576173,22.851390838623104]],[[81.69313049316406,22.72841072082531],[81.69429016113298,22.705970764160213],[81.69429016113281,22.705970764160213],[81.69313049316406,22.72841072082531]],[[81.72348022460938,22.697599411010856],[81.72348022460955,22.697599411010856],[81.72294616699224,22.676210403442383],[81.72348022460938,22.697599411010856]],[[77.19207000732428,22.578859329223746],[77.20365142822283,22.57192993164074],[77.20426940917974,22.56682968139654],[77.19207000732428,22.578859329223746]],[[80.95056915283232,24.069192886352596],[80.95421600341791,24.069959640502873],[80.94773101806635,24.066139221191463],[80.95056915283232,24.069192886352596]],[[81.00399017333979,24.09525108337425],[80.99917602539074,24.090719223022575],[80.99191284179693,24.094659805297795],[81.00399017333979,24.09525108337425]],[[81.13835906982428,23.92422103881836],[81.12069702148449,23.948570251464844],[81.12397003173822,23.96214103698736],[81.12069702148466,23.948570251464844],[81.13835906982428,23.92422103881836]],[[81.0622329711914,23.968469619750977],[81.05317687988293,24.00290107727062],[81.02162933349615,24.037111282348633],[81.0531768798831,24.00290107727062],[81.0622329711914,23.968469619750977]],[[93.26373291015625,24.06778907775879],[93.24801635742199,24.08533859252941],[93.24801635742216,24.08533859252941],[93.26373291015625,24.06778907775879]],[[93.19825744628906,24.052499771118278],[93.17838287353527,24.05409622192377],[93.16983795166016,24.05495262145996],[93.19825744628906,24.052499771118278]],[[93.15846252441412,24.083818435668945],[93.14791107177734,24.088090896606502],[93.12081909179688,24.060260772705078],[93.14791107177734,24.088090896606673],[93.15846252441412,24.083818435668945]],[[93.10376739501959,24.052629470825252],[93.10234832763672,24.074010848999023],[93.08522796630865,24.090351104736328],[93.10234832763689,24.074010848999023],[93.10376739501959,24.052629470825252]],[[93.02658843994135,24.23263168334961],[93.00670623779308,24.253959655761776],[93.01391601562506,24.271669387817326],[93.00670623779325,24.253959655761776],[93.02658843994135,24.23263168334961]],[[93.04337310791004,24.34338951110846],[93.0317611694336,24.344490051269474],[93.02156829833996,24.346820831298942],[93.0433731079101,24.343389511108626],[93.04337310791004,24.34338951110846]],[[93.86223602294922,25.55752944946289],[93.89196014404297,25.568420410156193],[93.86223602294939,25.55752944946289],[93.86223602294922,25.55752944946289]],[[94.13873291015636,25.52370071411127],[94.14820098876959,25.531690597534237],[94.13873291015653,25.52370071411127],[94.13873291015636,25.52370071411127]],[[94.19184875488281,25.55095100402832],[94.19486999511719,25.55242919921875],[94.19013977050787,25.534629821777457],[94.19184875488281,25.55095100402832]],[[94.26693725585932,25.502439498901367],[94.28674316406261,25.511699676513672],[94.28674316406273,25.511699676513615],[94.27986907959013,25.505451202392578],[94.26693725585932,25.502439498901367]],[[94.42027282714855,25.542650222778377],[94.42639160156244,25.561450958252067],[94.42027282714872,25.542650222778377],[94.42027282714855,25.542650222778377]],[[94.44927215576166,25.601089477539062],[94.47403717041027,25.621641159057617],[94.47403717041044,25.621641159057617],[94.44927215576166,25.601089477539062]],[[92.686019897461,22.626409530639705],[92.69851684570307,22.622421264648665],[92.69851684570307,22.622421264648494],[92.686019897461,22.626409530639705]],[[92.93692779541044,22.55708122253418],[92.94322967529291,22.56184959411621],[92.93567657470709,22.55293083190918],[92.93692779541044,22.55708122253418]],[[92.94554901123064,22.37815093994152],[92.94554901123047,22.37815093994152],[92.92511749267572,22.390869140625057],[92.94554901123064,22.37815093994152]],[[92.9823379516601,22.760160446167106],[92.96253204345703,22.78307914733881],[92.94406890869146,22.792339324951286],[92.9625320434572,22.78307914733881],[92.9823379516601,22.760160446167106]],[[84.84503936767595,20.522079467773494],[84.8783416748048,20.492900848388672],[84.85816192626964,20.50765037536621],[84.83995819091803,20.52757072448736],[84.84503936767595,20.522079467773494]],[[84.63098144531278,20.61902046203619],[84.63098144531261,20.61902046203619],[84.61994934082026,20.625699996948242],[84.63098144531278,20.61902046203619]],[[84.35224914550787,20.803148269653263],[84.35440063476574,20.821670532226562],[84.32666778564459,20.848680496215877],[84.35440063476591,20.821670532226562],[84.35224914550787,20.803148269653263]],[[84.268539428711,20.91343116760254],[84.25888824462885,20.920131683349553],[84.27603149414091,20.922170639038143],[84.268539428711,20.91343116760254]],[[84.73874664306669,21.165990829467887],[84.74215698242199,21.178871154785156],[84.74246978759771,21.16331291198742],[84.73874664306669,21.165990829467887]],[[86.36598968505876,21.232931137085245],[86.34789276123053,21.22899818420416],[86.37001800537115,21.243570327758732],[86.36598968505876,21.232931137085245]],[[87.1009368896485,21.851789474487305],[87.09464263916021,21.86034011840826],[87.09626007080072,21.88210105895996],[87.1009368896485,21.851789474487305]],[[83.48307800292974,21.639600753784293],[83.5199661254884,21.66968917846691],[83.53048706054688,21.688949584960938],[83.51996612548857,21.66968917846691],[83.48307800292974,21.639600753784293]],[[83.72012329101562,21.627540588378963],[83.78621673583996,21.57059097290039],[83.7996597290039,21.57100105285656],[83.79313659667986,21.56302070617687],[83.72012329101562,21.627540588378963]],[[82.69402313232428,20.936889648437557],[82.68232727050781,20.96902084350586],[82.68411254882818,20.996879577636832],[82.68232727050798,20.96902084350586],[82.69402313232428,20.936889648437557]],[[86.34304046630854,20.84908103942871],[86.3243560791015,20.859212875366268],[86.3076171875,20.889720916748104],[86.30761718750017,20.889720916748104],[86.3243560791015,20.85921287536644],[86.34304046630854,20.84908103942871]],[[86.28607940673828,20.962970733642635],[86.28462982177746,21.012470245361328],[86.3015213012697,21.010931015014762],[86.286186218262,21.008619308471964],[86.28607940673828,20.962970733642635]],[[83.58827209472656,20.53692054748535],[83.59910583496105,20.524839401245117],[83.59532928466797,20.522790908813477],[83.58827209472656,20.53692054748535]],[[83.65083312988281,20.426900863647575],[83.67298126220703,20.423770904541072],[83.6827392578125,20.411079406738338],[83.65908050537126,20.417552947998047],[83.65083312988281,20.426900863647575]],[[82.81746673584013,20.160520553588867],[82.81389617919922,20.15063095092779],[82.8056869506836,20.168010711670036],[82.81746673584013,20.160520553588867]],[[82.85494995117188,20.265501022338924],[82.85264587402344,20.27202033996582],[82.84304809570324,20.282720565796012],[82.84304809570341,20.282720565796012],[82.85264587402361,20.27202033996582],[82.85494995117188,20.265501022338924]],[[82.84304809570324,20.282720565796012],[82.83924102783197,20.282930374145565],[82.83738634000329,20.28043630709167],[82.83924102783197,20.282930374145735],[82.84304809570324,20.282720565796012]],[[82.6889190673831,20.676830291748104],[82.68891906738293,20.676830291748104],[82.68826293945318,20.697340011596793],[82.6889190673831,20.676830291748104]],[[84.28621673584001,20.6824893951416],[84.27149963378923,20.669040679931697],[84.26785278320307,20.634950637817383],[84.27149963378906,20.669040679931697],[84.28621673583984,20.6824893951416],[84.28621673584001,20.6824893951416]],[[86.24814605712896,20.3709716796875],[86.24952697753918,20.359331130981616],[86.24257659912126,20.357200622558594],[86.24814605712896,20.3709716796875]],[[86.08622741699224,20.08399009704584],[86.0577468872072,20.101310729980696],[86.07704925537115,20.09867095947277],[86.08622741699224,20.08399009704584]],[[84.66810607910162,21.734220504760685],[84.67185211181658,21.732410430908317],[84.67843627929693,21.724460601806584],[84.66810607910162,21.734220504760685]],[[85.91647338867193,20.89204978942894],[85.91647338867193,20.892049789428768],[85.90010070800793,20.858022689819336],[85.91647338867193,20.89204978942894]],[[83.94837951660156,19.62639045715332],[83.96882629394548,19.613340377807674],[83.96882629394531,19.613340377807674],[83.94837951660156,19.62639045715332]],[[84.11228179931646,19.62280082702631],[84.12770080566423,19.620460510254134],[84.13500976562506,19.596218109130973],[84.12770080566406,19.620460510253963],[84.11228179931646,19.62280082702631]],[[84.17533874511713,19.57911109924322],[84.19330596923845,19.583560943603743],[84.21520996093744,19.568719863891545],[84.19330596923828,19.583560943603572],[84.17533874511713,19.57911109924322]],[[84.23162841796875,19.564220428466797],[84.23387145996122,19.56772041320812],[84.2442016601562,19.564069747924805],[84.23162841796875,19.564220428466797]],[[84.40054321289074,19.358379364013615],[84.41683959960955,19.342340469360522],[84.41233062744146,19.313180923461914],[84.41683959960938,19.34234046936035],[84.40054321289074,19.358379364013615]],[[84.36054229736322,19.153930664062727],[84.38355255126959,19.13210105895996],[84.36054229736322,19.153930664062557],[84.36054229736322,19.153930664062727]],[[84.34625244140625,19.008590698242415],[84.36621856689482,18.999731063842773],[84.3699798583985,18.985280990600643],[84.36621856689464,18.999731063842773],[84.34625244140625,19.008590698242244],[84.34625244140625,19.008590698242415]],[[84.6607131958009,20.24253082275385],[84.66690063476562,20.266950607299805],[84.6669006347658,20.266950607299805],[84.6607131958009,20.24253082275385]],[[84.79773621569203,20.09273047437179],[84.79390716552734,20.090669631958065],[84.7925567626953,20.087530136108544],[84.79255676269526,20.087530136108626],[84.79390716552734,20.090669631958235],[84.79773621569203,20.09273047437179]],[[84.92787170410162,19.89410018920904],[84.93836975097662,19.890251159667912],[84.93376159667986,19.889631271362248],[84.92787170410162,19.89410018920904]],[[86.51777648925798,20.690870285034293],[86.5091705322265,20.680009841918945],[86.51777648925781,20.690870285034293],[86.51777648925798,20.690870285034293]],[[83.77551269531261,21.853399276733512],[83.79358673095709,21.86598968505882],[83.80732727050787,21.852302551269645],[83.79358673095709,21.86598968505865],[83.77551269531261,21.853399276733512]],[[84.37446594238276,21.978361129760685],[84.37042236328153,21.951190948486442],[84.358383178711,21.929269790649414],[84.37042236328136,21.951190948486442],[84.37446594238276,21.978361129760685]],[[82.73252105712896,20.043809890747184],[82.74886322021484,20.05048179626465],[82.77408599853521,20.08193016052246],[82.74886322021501,20.05048179626465],[82.73252105712896,20.043809890747184]],[[82.84877014160185,19.196662902832088],[82.84850311279303,19.188329696655273],[82.84832000732428,19.19874954223627],[82.84877014160185,19.196662902832088]],[[82.561332702637,19.537101745605526],[82.56133270263683,19.537101745605526],[82.55951690673834,19.562480926513615],[82.561332702637,19.537101745605526]],[[82.5278930664063,19.62763023376465],[82.55027008056652,19.64056968688965],[82.56446838378912,19.66711044311529],[82.55027008056669,19.64056968688965],[82.5278930664063,19.62763023376465]],[[85.39631652832037,20.088649749755916],[85.40828704833984,20.120178222656307],[85.40828704834001,20.120178222656307],[85.39631652832037,20.088649749755916]],[[85.2034683227539,20.16378974914562],[85.19516754150402,20.18312072753912],[85.20713043212896,20.194549560546932],[85.19516754150419,20.18312072753912],[85.2034683227539,20.16378974914562]],[[85.25032806396479,20.20753097534174],[85.24996948242188,20.219377517700195],[85.24996948242205,20.219377517700195],[85.25032806396479,20.20753097534174]],[[82.43248748779303,18.556898117065487],[82.44094848632824,18.59150123596197],[82.42803955078125,18.594930648803654],[82.44094848632841,18.59150123596214],[82.43248748779303,18.556898117065487]],[[84.22097015380876,20.930601119995174],[84.2209701538086,20.930601119995174],[84.20593261718756,20.959070205688533],[84.22097015380876,20.930601119995174]],[[84.20593261718756,20.959070205688533],[84.1877670288086,20.971839904785213],[84.18776702880876,20.971839904785213],[84.20593261718756,20.959070205688533]],[[83.94484710693365,21.143680572509766],[83.90027618408214,21.17261123657238],[83.90027618408232,21.17261123657238],[83.94484710693365,21.143680572509766]],[[79.73818969726568,10.969319343566838],[79.72986602783232,10.981350898742676],[79.73017883300787,10.985109329223633],[79.73818969726568,10.969319343566838]],[[79.7671203613283,11.8404798507691],[79.75811004638666,11.822100639343262],[79.76712036132812,11.8404798507691],[79.7671203613283,11.8404798507691]],[[79.73361206054693,11.947210311889762],[79.74751281738287,11.915161132812727],[79.77272033691412,11.946790695190487],[79.74751281738287,11.915161132812557],[79.73361206054693,11.947210311889762]],[[74.67389678955078,30.073020935058537],[74.66619873046886,30.088399887085075],[74.6661987304689,30.08839988708516],[74.67389678955078,30.073020935058537]],[[74.63603973388678,30.114091873168945],[74.62185668945312,30.127710342407283],[74.63191986083979,30.148199081420955],[74.6218566894533,30.127710342407454],[74.63603973388678,30.114091873168945]],[[74.90061187744152,30.37701988220215],[74.92112731933594,30.36905097961437],[74.9121398925783,30.367361068725643],[74.90061187744152,30.37701988220215]],[[74.92112731933594,30.36905097961437],[74.93461608886713,30.385049819946403],[74.92112731933611,30.36905097961437],[74.92112731933594,30.36905097961437]],[[75.04499816894543,30.389499664306754],[75.04261016845703,30.406251907348746],[75.01619720458996,30.432931900024528],[75.0426101684572,30.406251907348746],[75.04499816894543,30.389499664306754]],[[75.12040710449219,30.532201766967887],[75.11145782470703,30.56302070617687],[75.1380233764649,30.582149505615348],[75.1114578247072,30.56302070617687],[75.12040710449219,30.532201766967887]],[[75.36126708984403,30.20245170593273],[75.36357879638666,30.200452804565487],[75.35323333740246,30.192148208618164],[75.36126708984403,30.20245170593273]],[[75.24066925048834,29.98052978515625],[75.2241592407226,29.958721160888672],[75.1946029663086,29.97780990600586],[75.2241592407226,29.958721160888842],[75.24066925048834,29.98052978515625]],[[74.46383666992199,30.748750686645565],[74.46383666992199,30.748750686645735],[74.5133666992188,30.770151138305778],[74.46383666992199,30.748750686645565]],[[74.55747222900396,30.798280715942383],[74.58706665039091,30.80505943298357],[74.58706665039074,30.8050594329834],[74.55747222900396,30.798280715942383]],[[74.63511657714855,30.81448173522955],[74.65323638916027,30.82928085327171],[74.67167663574224,30.821350097656307],[74.65323638916027,30.82928085327154],[74.63511657714855,30.81448173522955]],[[74.89019012451172,30.73932266235363],[74.90248870849615,30.743480682373104],[74.89951324462902,30.73619079589855],[74.89019012451172,30.73932266235363]],[[76.32324218750006,30.90175056457531],[76.33558654785156,30.915330886841105],[76.3561782836914,30.90224075317377],[76.33558654785156,30.915330886840934],[76.32324218750006,30.90175056457531]],[[76.54910278320318,30.64790916442871],[76.56771087646484,30.651020050049112],[76.57218170166021,30.645000457763672],[76.54910278320318,30.64790916442871]],[[76.20201873779325,30.547544479370117],[76.15449523925787,30.527536392212028],[76.20201873779308,30.547544479370117],[76.20201873779325,30.547544479370117]],[[76.068359375,30.554990768432617],[76.07124328613298,30.56471061706543],[76.07949066162115,30.569589614868164],[76.068359375,30.554990768432617]],[[74.49146270751959,30.667261123657227],[74.47737884521496,30.665391921997127],[74.468276977539,30.657619476318416],[74.468276977539,30.657619476318587],[74.47737884521496,30.665391921997298],[74.49146270751959,30.667261123657227]],[[74.468276977539,30.657619476318416],[74.47902679443365,30.640951156616325],[74.46972656250006,30.64632034301775],[74.46766662597685,30.652790069580078],[74.468276977539,30.657619476318416]],[[74.41783905029303,30.548618316650334],[74.39286804199224,30.556489944458065],[74.37796783447271,30.52673149108881],[74.39286804199224,30.556489944458235],[74.41783905029303,30.548618316650334]],[[75.3961715698245,30.5840682983399],[75.40355682373053,30.558210372924805],[75.38920593261719,30.60051918029791],[75.3961715698245,30.5840682983399]],[[75.39016723632818,30.885469436645508],[75.39472961425781,30.895191192626953],[75.36918640136724,30.922050476074276],[75.39472961425798,30.895191192626953],[75.39016723632818,30.885469436645508]],[[75.43702697753906,30.196020126342773],[75.45316314697271,30.19856834411644],[75.47084808349615,30.18440055847168],[75.45316314697271,30.198568344116268],[75.43702697753906,30.196020126342773]],[[75.48413085937494,30.159259796142635],[75.50057983398455,30.14594268798828],[75.50057983398438,30.14594268798828],[75.48413085937494,30.159259796142635]],[[75.65814208984375,29.92266273498541],[75.66271209716814,29.91143989562994],[75.66271209716797,29.91143989562994],[75.65814208984375,29.92266273498541]],[[75.6967163085938,29.92902946472168],[75.72187805175787,29.93598175048851],[75.73597717285162,29.920970916748047],[75.72187805175787,29.935981750488338],[75.6967163085938,29.92902946472168]],[[75.74545288085938,29.829570770263672],[75.7404327392581,29.827720642089957],[75.73517608642595,29.822570800781364],[75.73015983071005,29.816535878518682],[75.73517608642578,29.822570800781364],[75.74043273925793,29.827720642089957],[75.74545288085938,29.829570770263672]],[[88.55899047851591,27.188751220703125],[88.5289993286134,27.177761077880803],[88.55899047851574,27.188751220703125],[88.55899047851591,27.188751220703125]],[[88.48100280761719,27.37840080261242],[88.4654388427735,27.385589599609375],[88.48623657226568,27.378709793090934],[88.48100280761719,27.37840080261242]],[[88.71389770507812,27.41669082641613],[88.7138977050783,27.4166908264163],[88.7488861083985,27.41469955444336],[88.71389770507812,27.41669082641613]],[[88.2856826782226,27.518947601318473],[88.26613616943365,27.50369071960455],[88.27630615234403,27.51300811767578],[88.2856826782226,27.518947601318473]],[[88.31476593017584,27.185640335083065],[88.32376098632818,27.18761825561552],[88.32402801513672,27.191930770874194],[88.32952880859382,27.19458007812518],[88.32952880859386,27.194580078125114],[88.32376098632818,27.187618255615348],[88.31476593017584,27.185640335083065]],[[88.30053710937528,27.416959762573356],[88.27890777587896,27.405269622802848],[88.30053710937511,27.416959762573356],[88.30053710937528,27.416959762573356]],[[78.99304199218778,11.0435209274292],[78.98596191406261,11.055771827697868],[78.9946899414063,11.046431541442814],[78.99304199218778,11.0435209274292]],[[79.12635803222668,11.279250144958553],[79.1293563842774,11.295920372009277],[79.12635803222685,11.279250144958553],[79.12635803222668,11.279250144958553]],[[78.87534332275402,11.472161293029899],[78.85810089111328,11.494901657104549],[78.86104583740263,11.492361068725586],[78.87534332275402,11.472161293029899]],[[79.63507843017607,12.32933044433588],[79.62420654296903,12.329299926757926],[79.63063812255865,12.331501960754508],[79.63507843017607,12.32933044433588]],[[79.67292785644537,10.46639156341547],[79.70169830322283,10.486309051513956],[79.7193984985351,10.517292022705078],[79.70169830322283,10.486309051513786],[79.67292785644537,10.46639156341547]],[[78.7234497070313,11.074171066284237],[78.70490264892595,11.060450553893986],[78.70287322998053,11.039308547973633],[78.70490264892578,11.060450553893986],[78.7234497070313,11.074171066284237]],[[78.6736068725586,11.367180824279842],[78.65069580078153,11.359781265259016],[78.6453094482423,11.365420341491642],[78.6736068725586,11.367180824279842]],[[78.25765228271501,9.250881195068587],[78.26477050781256,9.274601936340446],[78.26361846923834,9.263449668884277],[78.25765228271501,9.250881195068587]],[[77.95468139648466,27.28517150878912],[77.9604797363283,27.27281188964855],[77.95427703857433,27.269758224487305],[77.95468139648466,27.28517150878912]],[[78.26605987548828,27.66634559631359],[78.22351074218757,27.69825744628907],[78.22351074218767,27.69825744628912],[78.26605987548828,27.66634559631359]],[[78.16691589355474,27.745210647583008],[78.16945648193371,27.762319564819393],[78.14457702636724,27.7657985687257],[78.16945648193388,27.762319564819563],[78.16691589355474,27.745210647583008]],[[83.06140899658224,26.411180496215888],[83.07270812988276,26.418741226196403],[83.06140899658232,26.41118049621582],[83.06140899658224,26.411180496215888]],[[77.17558288574219,29.29251861572277],[77.19595336914091,29.27937126159685],[77.22872161865246,29.285280227661246],[77.19595336914074,29.27937126159668],[77.17558288574219,29.29251861572277]],[[77.40241241455078,28.7965602874757],[77.39743804931658,28.781969070434684],[77.3974380493164,28.781969070434684],[77.40241241455078,28.7965602874757]],[[81.29271697998058,27.68646049499523],[81.28314971923834,27.68518257141119],[81.28972625732422,27.691471099853516],[81.29271697998058,27.68646049499523]],[[82.90204620361345,26.92274856567377],[82.90204620361328,26.92274856567377],[82.8723831176759,26.946279525756836],[82.90204620361345,26.92274856567377]],[[83.16818237304693,25.506460189819336],[83.16541290283203,25.525989532470646],[83.17111968994135,25.5127925872805],[83.16818237304693,25.506460189819336]],[[78.18898010253923,27.408710479736442],[78.18239593505871,27.407979965210075],[78.1883773803711,27.438909530639762],[78.18898010253923,27.408710479736442]],[[80.46576690673845,26.18574905395502],[80.4624481201173,26.195110321044922],[80.4720458984375,26.182149887085075],[80.46576690673845,26.18574905395502]],[[77.97151184082031,27.283758163452376],[77.9530868530274,27.297998428344783],[77.97332000732428,27.28613853454584],[77.97151184082031,27.283758163452376]],[[83.21665191650402,26.990449905395508],[83.20359802246094,27.004180908203182],[83.2068710327149,27.020080566406364],[83.21115875244169,26.997350692749308],[83.21665191650402,26.990449905395508]],[[80.52955627441412,26.342021942138672],[80.52809906005888,26.326822280883903],[80.5520629882813,26.27119064331049],[80.52809906005871,26.326822280883903],[80.52955627441412,26.342021942138672]],[[80.28956604003906,28.459289550781307],[80.27520751953125,28.461811065673828],[80.29942321777338,28.47267913818365],[80.28956604003906,28.459289550781307]],[[82.66356658935575,25.250869750976562],[82.66691589355474,25.251781463623047],[82.66470336914091,25.251089096069393],[82.66356658935575,25.250869750976562]],[[79.86334228515636,29.697040557861328],[79.88044738769537,29.71199989318842],[79.88327026367205,29.707500457763672],[79.86334228515636,29.697040557861328]],[[79.89523315429716,29.495121002197322],[79.87406921386747,29.48808097839361],[79.85855102539068,29.46837997436529],[79.87406921386747,29.488080978393782],[79.89523315429716,29.495121002197322]],[[79.47384643554693,30.029542922973746],[79.50955963134794,30.020429611206282],[79.52133178710943,30.00458145141613],[79.50955963134777,30.02042961120611],[79.47384643554693,30.029542922973746]],[[79.82682037353516,30.293428421020508],[79.82682037353533,30.293428421020508],[79.86425781250006,30.275611877441406],[79.82682037353516,30.293428421020508]],[[79.97097015380854,30.314210891723633],[79.97933959960966,30.32006072998047],[80.0153198242188,30.3181209564209],[79.97097015380854,30.314210891723633]],[[80.0153198242188,30.3181209564209],[80.03040313720709,30.299400329590128],[80.05536651611334,30.28449058532709],[80.03040313720709,30.299400329589957],[80.0153198242188,30.3181209564209]],[[80.09279632568371,30.16749191284191],[80.09207153320341,30.150419235229492],[80.07145690917997,30.118801116943587],[80.09207153320324,30.150419235229492],[80.09279632568371,30.16749191284191]],[[80.07145690917997,30.118801116943587],[80.07228851318376,30.066328048706055],[80.05822753906256,30.029941558837947],[80.0722885131836,30.066328048706055],[80.0714569091798,30.118801116943416],[80.07145690917997,30.118801116943587]],[[80.10008239746122,29.909389495849666],[80.07762145996111,29.892839431762866],[80.10008239746105,29.909389495849666],[80.10008239746122,29.909389495849666]],[[80.0087966918947,29.89780998229986],[79.99640655517578,29.88116073608404],[80.00879669189453,29.89780998229986],[80.0087966918947,29.89780998229986]],[[79.97949981689464,29.84811019897461],[80.0044021606447,29.837051391601676],[80.01110076904303,29.815450668335075],[80.00440216064453,29.837051391601676],[79.97949981689464,29.84811019897461]],[[79.80874633789068,29.778402328491268],[79.82009887695307,29.75589179992693],[79.84957885742193,29.746219635009766],[79.82009887695307,29.755891799926758],[79.80874633789068,29.778402328491268]],[[79.27126312255865,30.731260299682617],[79.24472045898438,30.729400634765625],[79.2662658691408,30.732299804687727],[79.27126312255865,30.731260299682617]],[[79.24472045898438,30.729400634765625],[79.20255279541016,30.745170593261662],[79.20255279541033,30.745170593261662],[79.24472045898438,30.729400634765625]],[[79.95957183837908,29.058019638061808],[79.9554290771485,29.0523300170899],[79.95405578613298,29.062021255493164],[79.95957183837908,29.058019638061808]],[[79.86763763427751,29.175510406494084],[79.88977050781267,29.184541702270735],[79.90159606933611,29.205520629882926],[79.88977050781267,29.184541702270565],[79.86763763427751,29.175510406494084]],[[79.84729003906256,29.279220581054688],[79.81537628173845,29.272779464721793],[79.8136793640681,29.273100531650783],[79.81537628173845,29.272779464721964],[79.84729003906256,29.279220581054688]],[[79.8696416070788,29.3544618645494],[79.87445831298822,29.35537910461443],[79.88735198974615,29.354152679443587],[79.88735198974615,29.354152679443416],[79.87445831298822,29.355379104614258],[79.8696416070788,29.3544618645494]],[[79.88735198974615,29.354152679443587],[79.88804626464861,29.36346054077154],[79.88902282714844,29.35944938659685],[79.88735198974615,29.354152679443587]],[[79.88804626464861,29.36346054077154],[79.87924194335938,29.374168395996037],[79.88804626464861,29.36346054077171],[79.88804626464861,29.36346054077154]],[[79.89636993408232,29.02317047119152],[79.86106109619169,29.00649070739769],[79.85054016113287,28.9880828857423],[79.86106109619152,29.00649070739769],[79.89636993408232,29.02317047119152]],[[78.96797180175787,30.294509887695483],[78.96808624267572,30.298740386963004],[78.98043060302746,30.30297279357916],[78.96797180175787,30.294509887695483]],[[78.96675872802729,30.374570846557617],[78.96675872802729,30.374570846557788],[78.98613739013678,30.381690979003906],[78.96675872802729,30.374570846557617]],[[79.01853179931646,30.812131881713867],[79.05245971679688,30.805610656738565],[79.06511688232433,30.791248321533203],[79.05245971679688,30.805610656738395],[79.01853179931646,30.812131881713867]],[[79.17443084716808,30.754579544067383],[79.17443084716825,30.754579544067383],[79.18546295166021,30.74072074890148],[79.17443084716808,30.754579544067383]],[[86.73603820800787,23.07225990295416],[86.73973846435558,23.091650009155387],[86.71375274658209,23.108659744262752],[86.73973846435575,23.091650009155387],[86.73603820800787,23.07225990295416]],[[86.83952331542963,23.410089492797965],[86.85331726074219,23.43276023864746],[86.85331726074236,23.43276023864746],[86.83952331542963,23.410089492797965]],[[86.88846588134771,23.627290725708065],[86.8931884765625,23.64093017578125],[86.89406585693388,23.637990951538086],[86.88846588134771,23.627290725708065]],[[88.3596801757812,22.629739761352766],[88.38059234619146,22.627767562866325],[88.36414337158209,22.620660781860295],[88.3596801757812,22.629739761352766]],[[88.28359985351562,22.548051834106445],[88.28159332275396,22.543140411376953],[88.25723266601591,22.555410385131836],[88.28359985351562,22.548051834106445]]],[[[80.14902496337896,13.618473052978516],[80.13319396972662,13.599861145019531],[80.12790679931669,13.578459739685059],[80.1512527465822,13.551250457763786],[80.16764068603516,13.589859962463436],[80.14902496337896,13.618473052978516]]],[[[69.62763977050798,22.459583282470703],[69.59402465820341,22.445695877075252],[69.59597015380876,22.424583435058594],[69.636528015137,22.406530380249137],[69.65429687500028,22.4312496185305],[69.62763977050798,22.459583282470703]]],[[[69.30208587646501,22.474029541015852],[69.29347229003923,22.46042060852062],[69.3204193115235,22.450969696044865],[69.32791900634794,22.46347236633312],[69.30208587646501,22.474029541015852]]],[[[69.91874694824224,22.553195953369084],[69.89985656738281,22.545141220093],[69.89514160156256,22.512359619140852],[69.91569519042974,22.511806488037053],[69.94152832031278,22.517915725708008],[69.93180847167997,22.54541969299322],[69.91874694824224,22.553195953369084]]],[[[70.00903320312528,22.59320068359375],[69.96652984619169,22.5784721374514],[69.95680236816435,22.560693740844954],[69.96375274658203,22.54541587829584],[70.00791931152372,22.55402946472185],[70.027084350586,22.567916870117244],[70.02485656738293,22.58624839782709],[70.00903320312528,22.59320068359375]]],[[[70.448471069336,23.05208396911621],[70.41319274902355,23.016532897949503],[70.42457580566412,22.999580383300895],[70.448471069336,23.05208396911621]]],[[[68.55819702148455,23.313751220703068],[68.5409698486331,23.285142898559855],[68.54041290283232,23.266529083252067],[68.57236480712896,23.260974884033317],[68.61486053466814,23.27375030517578],[68.60708618164068,23.29847145080572],[68.56458282470709,23.302085876464957],[68.55819702148455,23.313751220703068]]],[[[68.58902740478544,23.37431144714384],[68.57068634033209,23.373750686645508],[68.59430694580084,23.338752746582202],[68.61653137207026,23.34708404541044],[68.58902740478544,23.37431144714384]]],[[[68.47286224365263,23.480419158935547],[68.4440307617188,23.46652984619135],[68.46180725097685,23.453479766845874],[68.46679687499994,23.405969619750977],[68.48542022705084,23.404581069946232],[68.49458312988287,23.457359313964957],[68.47286224365263,23.480419158935547]]],[[[68.4820861816408,23.596809387206974],[68.46791839599638,23.59153175354021],[68.4509658813476,23.565139770507756],[68.43430328369146,23.554582595825423],[68.44208526611334,23.534860610961857],[68.46624755859392,23.551532745361328],[68.48542022705084,23.57513809204113],[68.4820861816408,23.596809387206974]]],[[[68.45625305175793,23.624860763549805],[68.44097137451178,23.60347175598173],[68.46652984619146,23.60207748413086],[68.45625305175793,23.624860763549805]]],[[[68.35846710205072,23.80513954162592],[68.33486175537126,23.758750915527514],[68.33902740478533,23.73291969299339],[68.31458282470732,23.714309692382983],[68.31236267089861,23.7023601531983],[68.28125000000017,23.669860839843693],[68.26930236816412,23.649860382080135],[68.20735931396513,23.64180564880371],[68.18819427490251,23.628471374511662],[68.18736267089872,23.610971450805607],[68.21984863281267,23.59124946594244],[68.26403045654325,23.602359771728572],[68.2948608398438,23.578750610351562],[68.34680175781278,23.598190307617188],[68.3587493896485,23.62763977050787],[68.39069366455072,23.65486145019554],[68.41845703125006,23.72875022888178],[68.41569519042969,23.753471374511946],[68.42597198486357,23.795974731445312],[68.39791870117216,23.7848606109622],[68.35846710205072,23.80513954162592]]],[[[68.30790710449247,23.823749542236328],[68.2945861816408,23.819311141967887],[68.2976379394533,23.8037490844726],[68.27791595458996,23.796810150146655],[68.2643051147461,23.759860992431868],[68.26875305175787,23.751541137695312],[68.26541900634783,23.726802825927905],[68.25736236572294,23.715974807739485],[68.26763916015653,23.704860687255803],[68.299858093262,23.728471755981616],[68.32430267334013,23.73430824279791],[68.31540679931658,23.76458168029808],[68.32180786132841,23.803188323974837],[68.31263732910185,23.82152938842802],[68.30790710449247,23.823749542236328]]],[[[68.49652862548857,23.830972671508846],[68.45764160156244,23.81736183166521],[68.44763946533209,23.80597114563011],[68.45625305175793,23.774030685425032],[68.43708038330095,23.743196487426758],[68.48764038085955,23.737081527710245],[68.51708221435553,23.755138397216854],[68.52208709716825,23.775140762329386],[68.51569366455078,23.77930641174322],[68.51235961914091,23.78874969482422],[68.52291870117205,23.8037490844726],[68.49652862548857,23.830972671508846]]],[[[68.39569091796892,23.878196716308594],[68.34263610839838,23.836530685424975],[68.35375213623064,23.810693740844727],[68.40013885498053,23.789583206176815],[68.42485809326189,23.810140609741495],[68.43875122070341,23.834302902221907],[68.41680908203153,23.870702743530273],[68.39569091796892,23.878196716308594]]],[[[68.24819183349638,23.88042068481451],[68.2168045043947,23.86763954162626],[68.21597290039091,23.847629547119368],[68.23346710205084,23.842359542846737],[68.25096893310553,23.862083435058707],[68.24819183349638,23.88042068481451]]],[[[68.44930267334001,23.938472747802848],[68.42736053466814,23.93347167968767],[68.42013549804688,23.920972824096793],[68.38625335693371,23.906250000000227],[68.35597229003935,23.902919769287337],[68.3504180908206,23.891250610351847],[68.355697631836,23.859861373901595],[68.39569091796892,23.879583358764762],[68.41707611084001,23.87236022949247],[68.42736053466814,23.865140914917163],[68.4520797729495,23.881809234619425],[68.44847106933622,23.892917633056584],[68.45597076416033,23.934310913086165],[68.44930267334001,23.938472747802848]]],[[[68.53541564941435,23.945972442626953],[68.53041839599615,23.917079925537166],[68.48680877685575,23.890972137451286],[68.49041748046903,23.86736106872587],[68.5206909179688,23.856805801391715],[68.53930664062517,23.86847305297863],[68.58790588378935,23.921529769897745],[68.56153106689459,23.92263984680193],[68.55847167968756,23.923194885253906],[68.55902862548834,23.9284725189209],[68.55708312988281,23.931804656982536],[68.54235839843767,23.93375015258806],[68.53541564941435,23.945972442626953]]],[[[68.4820861816408,23.992639541626147],[68.44763946533209,23.980693817138672],[68.42819213867193,23.937919616699446],[68.44763946533209,23.93958282470703],[68.46069335937494,23.93347167968767],[68.45569610595732,23.92875099182146],[68.45375061035162,23.881805419921875],[68.43125152587896,23.853200912475813],[68.4440307617188,23.848470687866495],[68.47292327880876,23.862930297851562],[68.48542022705084,23.899032592773665],[68.51847076416044,23.92430496215843],[68.5173645019533,23.942083358764876],[68.49569702148443,23.95957946777338],[68.50180816650396,23.972640991210994],[68.4820861816408,23.992639541626147]]],[[[68.43013763427763,23.995420455932617],[68.39985656738276,23.967639923095987],[68.37431335449236,23.984310150146484],[68.34764099121111,23.962919235229776],[68.34236145019537,23.924581527710245],[68.32624816894548,23.91430473327648],[68.28347015380888,23.92041969299339],[68.27540588378912,23.89847183227556],[68.25846862792997,23.88042068481451],[68.25430297851591,23.858749389648438],[68.2345809936524,23.835969924926815],[68.21597290039091,23.83625030517601],[68.20929718017607,23.810970306396484],[68.22598266601568,23.76263809204096],[68.20569610595703,23.754861831665266],[68.19264221191412,23.730970382690487],[68.20764160156267,23.706806182861328],[68.23847198486357,23.680971145629826],[68.25595855712896,23.679580688476506],[68.26708221435575,23.69569396972662],[68.25541687011747,23.711811065673885],[68.2656860351563,23.74570083618164],[68.26207733154303,23.76013946533203],[68.27430725097685,23.79736137390165],[68.29569244384794,23.804311752319336],[68.29402923584001,23.8206920623781],[68.30625152587908,23.825139999389876],[68.31458282470732,23.824029922485522],[68.33763885498075,23.819305419922102],[68.33625030517584,23.83876037597679],[68.34735870361357,23.859571456909293],[68.34236145019537,23.889862060546932],[68.3504180908206,23.90847206115734],[68.40264129638678,23.920694351196403],[68.41874694824219,23.934028625488224],[68.43208312988276,23.95958328247093],[68.43013763427763,23.995420455932617]]],[[[72.67652893066406,21.155700683593807],[72.66486358642607,21.148473739623967],[72.67569732666027,21.10514259338379],[72.69847106933611,21.108192443847884],[72.70318603515653,21.146249771118278],[72.67652893066406,21.155700683593807]]],[[[76.43458557128923,9.551527976989973],[76.40541839599626,9.542083740234489],[76.40625,9.527638435363997],[76.43402862548845,9.528472900390852],[76.43458557128923,9.551527976989973]]],[[[76.26069641113287,9.970696449279899],[76.26708221435575,9.939861297607536],[76.28958129882841,9.937360763550032],[76.27486419677763,9.966251373291016],[76.26069641113287,9.970696449279899]]],[[[76.2418060302735,10.014310836792106],[76.24652862548845,9.976528167724553],[76.26013946533209,9.981531143188704],[76.25319671630876,10.005971908569336],[76.2418060302735,10.014310836792106]]],[[[84.73021697998064,19.089305877685547],[84.76101684570318,19.07131195068382],[84.7806930541995,19.1032009124757],[84.73021697998064,19.089305877685547]]],[[[86.2538681030274,20.04636955261259],[86.28814697265642,20.028610229492415],[86.29250335693354,20.04556083679205],[86.26167297363287,20.05528068542486],[86.2538681030274,20.04636955261259]]],[[[86.87065124511736,20.771778106689453],[86.8495101928711,20.774290084838867],[86.83000183105469,20.760000228881836],[86.81777954101557,20.717781066894588],[86.80150604248053,20.68340492248535],[86.77555847167974,20.650829315185717],[86.78555297851557,20.64416694641136],[86.8218612670899,20.647069931030273],[86.80347442626947,20.676567077636776],[86.82800292968756,20.673870086670036],[86.8401107788086,20.654092788696346],[86.85352325439459,20.65672492980957],[86.8934173583985,20.695499420166016],[86.93539428710943,20.71660041809082],[87.00138854980474,20.715829849243164],[87.00694274902372,20.74305915832531],[86.99054718017607,20.771669387817496],[86.96296691894548,20.766740798950366],[86.8905639648438,20.76734924316412],[86.87065124511736,20.771778106689453]]],[[[79.31236267089838,9.328472137451172],[79.28930664062517,9.319869995117472],[79.2676391601563,9.293194770812988],[79.2204132080081,9.292082786560059],[79.22125244140642,9.267083168029899],[79.27708435058588,9.254584312439022],[79.321533203125,9.236811637878532],[79.39653015136736,9.189026832580623],[79.37875366210938,9.215416908264103],[79.32763671875,9.259860992431697],[79.315971374512,9.284859657287768],[79.33513641357428,9.311531066894474],[79.31236267089838,9.328472137451172]]],[[[88.14138793945318,22.02639007568382],[88.09388732910162,22.01139068603527],[88.07026672363287,21.990829467773608],[88.05640411376982,21.960472106933707],[88.04582977294928,21.915557861328352],[88.05665588378923,21.91306114196783],[88.08750152587885,21.932779312133846],[88.12222290039057,21.988332748413086],[88.14138793945318,22.02639007568382]]],[[[88.83472442626959,21.607221603393725],[88.82833099365234,21.576942443847827],[88.83583068847662,21.559999465942326],[88.85388946533203,21.55000114440935],[88.90000152587919,21.552221298218058],[88.89250183105474,21.579446792602482],[88.87611389160162,21.592222213745174],[88.83472442626959,21.607221603393725]]],[[[88.72885131835943,21.637081146240348],[88.7127761840822,21.6247177124024],[88.70802307128923,21.590070724487305],[88.71444702148432,21.578334808349723],[88.74054718017607,21.573062896728516],[88.74729156494158,21.588848114013615],[88.75709533691412,21.59957504272461],[88.7362365722658,21.610269546508846],[88.72885131835943,21.637081146240348]]],[[[88.77194213867193,21.653062820434513],[88.73558044433622,21.644636154174805],[88.73796844482439,21.610378265380973],[88.75306701660162,21.60464286804205],[88.757568359375,21.601045608520508],[88.75694274902372,21.596111297607592],[88.75040435791021,21.592149734497127],[88.7488861083985,21.579441070556925],[88.7877807617188,21.580556869506836],[88.79805755615234,21.591665267944563],[88.7738876342774,21.619720458984602],[88.77194213867193,21.653062820434513]]],[[[88.96576690673834,21.64153480529808],[88.9542312622072,21.676548004150504],[88.9397201538086,21.646945953369197],[88.95641326904303,21.617420196533317],[88.98777770996088,21.61305618286127],[88.99513244628912,21.626399993896598],[88.98835754394531,21.644830703735465],[88.96576690673834,21.64153480529808]]],[[[88.98448944091825,21.70568847656267],[88.97165679931646,21.697603225708065],[88.9509658813476,21.701009750366325],[88.96499633789068,21.64403915405296],[88.98835754394531,21.645999908447322],[88.99384307861357,21.64129066467285],[89.00026702880865,21.602090835571573],[89.0287628173831,21.60482215881342],[89.02204895019543,21.654600143432845],[88.99430084228533,21.64898109436058],[88.98944091796903,21.701667785644474],[88.98448944091825,21.70568847656267]]],[[[88.80665588378912,21.70667266845703],[88.76304626464872,21.6908283233642],[88.76027679443376,21.683332443237305],[88.73194122314464,21.68305969238287],[88.74916839599604,21.6733341217041],[88.75888824462885,21.663328170776367],[88.77749633789068,21.664169311523665],[88.79666900634766,21.655559539795036],[88.80666351318365,21.663890838623104],[88.80665588378912,21.70667266845703]]],[[[88.69712066650408,21.712879180908203],[88.68712615966825,21.683620452880973],[88.72511291503935,21.638202667236442],[88.7413635253908,21.65370941162115],[88.70300292968744,21.687021255493107],[88.69712066650408,21.712879180908203]]],[[[89.05920410156256,21.721803665161133],[89.03721618652361,21.720560073852653],[89.01848602294916,21.708208084106616],[89.02641296386724,21.687910079956055],[89.02605438232433,21.643926620483626],[89.04943847656267,21.620225906372184],[89.06797027587896,21.62037086486839],[89.09285736084013,21.636930465698356],[89.09189605712919,21.666671752929915],[89.07265472412104,21.689731597900334],[89.05920410156256,21.721803665161133]]],[[[88.97799682617216,21.72687530517578],[88.99001312255888,21.705562591552678],[88.99581909179705,21.672500610351733],[89.01783752441412,21.661186218261832],[89.01965332031267,21.69935035705572],[88.9935913085938,21.721910476684684],[88.97799682617216,21.72687530517578]]],[[[88.88305664062494,21.745279312134016],[88.8724975585938,21.720556259155273],[88.87305450439459,21.694444656372184],[88.8858261108399,21.661109924316634],[88.92194366455107,21.632911682129134],[88.941947937012,21.689722061157227],[88.9180526733399,21.712499618530444],[88.91388702392584,21.72583961486839],[88.88305664062494,21.745279312134016]]],[[[88.92710113525419,21.761949539184684],[88.9311065673831,21.735830307007063],[88.92250061035185,21.72111129760748],[88.95024108886736,21.7023296356204],[88.97222137451178,21.698610305786417],[88.97055816650419,21.71750068664562],[88.97721862792974,21.734172821044865],[88.97029113769531,21.738992691040096],[88.9652709960937,21.74996376037592],[88.94776916503923,21.757778167724894],[88.92710113525419,21.761949539184684]]],[[[89.00511932373075,21.764976501464787],[89.00157165527344,21.750020980835075],[89.01538848876982,21.73388290405296],[89.02088165283209,21.71725082397461],[89.05583190917997,21.729932785034237],[89.0254135131836,21.756969451904354],[89.00511932373075,21.764976501464787]]],[[[88.83167266845709,21.76610946655296],[88.81339263916044,21.750629425048828],[88.79110717773466,21.74917030334484],[88.7819366455081,21.732500076294173],[88.78444671630854,21.710279464721907],[88.80356597900408,21.716619491577205],[88.81916809082026,21.703332901001204],[88.8230590820313,21.671110153198413],[88.80899810791027,21.63993263244646],[88.83972167968778,21.62044715881342],[88.8599395751956,21.643066406250114],[88.84084320068365,21.688610076904467],[88.8399963378908,21.715555191040096],[88.86115264892595,21.761671066284293],[88.83167266845709,21.76610946655296]]],[[[88.99967193603521,21.78546905517601],[88.96676635742216,21.772184371948185],[88.96155548095709,21.754898071289233],[88.96669769287115,21.74967956542997],[88.97041320800776,21.74035072326666],[88.98416900634783,21.748060226440657],[88.98866271972662,21.739849090576456],[88.97666931152372,21.728610992431754],[88.9944458007812,21.72305488586437],[89.00483703613287,21.71613121032732],[89.01191711425787,21.734809875488395],[88.99944305419939,21.750829696655217],[88.99967193603521,21.78546905517601]]],[[[88.71620178222673,21.80738067626953],[88.71193695068388,21.78750038146984],[88.69499969482416,21.7438907623291],[88.71111297607428,21.69017982482933],[88.74777984619169,21.65833091735857],[88.75464630126982,21.66605186462425],[88.7307739257813,21.68203163146984],[88.73269653320318,21.689380645752124],[88.7450790405274,21.683851242065543],[88.75778198242205,21.68366432189964],[88.76249694824247,21.693889617920206],[88.75694274902372,21.706111907959098],[88.77610778808611,21.723609924316577],[88.75276947021513,21.731578826904297],[88.75911712646501,21.758598327636946],[88.72696685791021,21.780981063842944],[88.71620178222673,21.80738067626953]]],[[[88.99957275390653,21.811670303344954],[88.99034881591803,21.789751052856502],[89.00967407226591,21.78376388549799],[89.01661682128923,21.811630249023665],[88.99957275390653,21.811670303344954]]],[[[88.8280792236331,21.804029464721623],[88.82029724121122,21.822071075439567],[88.7856521606447,21.768960952758846],[88.7908325195313,21.750009536743164],[88.81189727783232,21.751199722290096],[88.83027648925798,21.76722145080572],[88.82155609130865,21.780830383300952],[88.8280792236331,21.804029464721623]]],[[[88.78749847412104,21.745000839233455],[88.78472137451178,21.772499084472884],[88.79355621337919,21.809740066528548],[88.78489685058594,21.824228286743164],[88.7649383544923,21.784395217895735],[88.75034332275408,21.76889991760254],[88.76423645019526,21.758211135864258],[88.75666046142595,21.73340988159174],[88.77666473388689,21.730846405029524],[88.78749847412104,21.745000839233455]]],[[[88.91583251953153,21.825834274291992],[88.90277862548834,21.820556640625],[88.89472198486345,21.812780380249137],[88.88555908203142,21.81028938293457],[88.90083312988298,21.77695083618164],[88.90555572509794,21.75166511535656],[88.92333221435564,21.788055419921818],[88.91777801513666,21.79166412353527],[88.92778015136724,21.800001144409293],[88.92694091796875,21.80416107177757],[88.93723297119135,21.817501068115348],[88.93499755859392,21.82250022888195],[88.91999816894537,21.823055267333928],[88.91583251953153,21.825834274291992]]],[[[88.94139099121122,21.84722137451172],[88.93499755859392,21.845001220703352],[88.93277740478521,21.836944580078125],[88.92472076416021,21.835279464721793],[88.92722320556646,21.823329925537337],[88.93694305419928,21.82250022888195],[88.9388961791995,21.816940307617415],[88.93472290039091,21.814172744751033],[88.92916870117216,21.800001144409293],[88.91971588134783,21.79193115234375],[88.92444610595697,21.78750038146984],[88.91971588134783,21.774999618530558],[88.95417022705107,21.808059692382926],[88.95361328125028,21.8255558013916],[88.94695281982416,21.83945274353033],[88.94139099121122,21.84722137451172]]],[[[88.85610961914074,21.8652801513673],[88.83915710449247,21.848609924316634],[88.8413925170899,21.815282821655217],[88.8349990844726,21.78166770935087],[88.86193847656267,21.777912139892578],[88.89111328125017,21.76250076293951],[88.89694213867216,21.78166770935087],[88.8797225952149,21.80777549743658],[88.88027954101568,21.82888984680187],[88.87500000000028,21.845832824707145],[88.87722015380865,21.851669311523494],[88.86055755615229,21.85444450378418],[88.85555267334013,21.857219696045092],[88.85610961914074,21.8652801513673]]],[[[88.78916931152372,21.87861061096197],[88.78388977050781,21.87388992309576],[88.77694702148443,21.865278244018725],[88.7658309936524,21.830553054809798],[88.78555297851591,21.82555961608898],[88.79444122314459,21.812501907348746],[88.82110595703142,21.825000762939453],[88.82888793945307,21.8633327484132],[88.80361175537115,21.866945266723633],[88.79888916015636,21.870832443237305],[88.7894363403322,21.863330841064624],[88.78610992431652,21.8683319091798],[88.79222106933622,21.873054504394588],[88.78916931152372,21.87861061096197]]],[[[88.97905731201189,21.893489837646484],[88.9796752929688,21.869361877441406],[88.95124053955084,21.841741561889705],[88.95623016357428,21.827123641967717],[88.9798431396485,21.818399429321403],[88.9763412475586,21.80428504943859],[88.95107269287115,21.800220489501953],[88.94335174560564,21.784942626953182],[88.97341918945341,21.77601051330589],[88.99222564697266,21.811666488647404],[89.02024078369158,21.817832946777514],[89.02807617187517,21.828868865967024],[89.03096008300787,21.862781524658203],[88.97905731201189,21.893489837646484]]],[[[88.81694793701178,21.901111602783203],[88.80777740478533,21.868055343627987],[88.83082580566423,21.865549087524357],[88.84083557128912,21.886943817138786],[88.81694793701178,21.901111602783203]]],[[[88.71805572509794,21.907222747802734],[88.6983261108399,21.860000610351562],[88.69610595703153,21.84222030639671],[88.70944213867216,21.81028938293457],[88.71943664550798,21.8069305419923],[88.72583007812506,21.794446945190714],[88.75083160400419,21.800561904907227],[88.76389312744158,21.78750038146984],[88.77639007568388,21.823610305786303],[88.7655563354495,21.826110839843807],[88.76389312744158,21.833610534668082],[88.77500152587896,21.864999771118335],[88.75749969482433,21.878889083862532],[88.74749755859392,21.896669387817383],[88.72666931152344,21.8991641998291],[88.71805572509794,21.907222747802734]]],[[[88.8365554809572,21.917892456054744],[88.84916687011736,21.896110534668026],[88.86111450195341,21.855831146240348],[88.87416839599615,21.854999542236555],[88.87860870361334,21.851943969726676],[88.87750244140653,21.845832824707145],[88.88249969482422,21.829721450805664],[88.88055419921903,21.820276260376033],[88.8899993896485,21.81222152709961],[88.9033432006836,21.822227478027514],[88.91443634033209,21.82749938964872],[88.92278289794939,21.83555984497093],[88.93276977539068,21.83889007568365],[88.93332672119146,21.84583091735857],[88.93833160400419,21.84889030456543],[88.9386062622072,21.853889465332202],[88.94638824462885,21.841667175292912],[88.94805908203153,21.841390609741325],[88.96444702148449,21.86305809021019],[88.97164916992193,21.899169921875227],[88.91456604003923,21.928119659423942],[88.88659667968756,21.914457321167106],[88.85686492919928,21.910707473755167],[88.8365554809572,21.917892456054744]]],[[[88.72360992431635,21.931943893432674],[88.7169418334961,21.91860771179205],[88.7291564941408,21.899721145629883],[88.74083709716797,21.900554656982422],[88.75055694580095,21.89555549621582],[88.75805664062506,21.880277633667276],[88.77194213867193,21.878059387207145],[88.77694702148443,21.869470596313704],[88.78639221191423,21.87861061096197],[88.788330078125,21.87944412231451],[88.79250335693376,21.878059387207145],[88.79332733154303,21.872779846191406],[88.78722381591803,21.866945266723633],[88.79277801513678,21.86720848083496],[88.79666900634766,21.87667083740257],[88.8141632080081,21.902780532836914],[88.79944610595709,21.919721603393782],[88.79250335693376,21.917219161987532],[88.77500152587896,21.924449920654524],[88.75444793701183,21.92667007446289],[88.73221588134783,21.919721603393782],[88.72360992431635,21.931943893432674]]],[[[88.7453918457033,21.97973823547369],[88.7250595092774,21.978452682495345],[88.722396850586,21.94263076782238],[88.73278045654314,21.925277709961165],[88.7616806030274,21.930810928344727],[88.78879547119169,21.92032432556158],[88.79939270019531,21.925928115844954],[88.74949645996122,21.959030151367188],[88.7453918457033,21.97973823547369]]],[[[88.81276702880865,22.01944160461437],[88.80139160156278,22.029722213745117],[88.77694702148443,22.015001296997298],[88.76149749755865,22.014520645141545],[88.74972534179716,21.981946945190714],[88.75166320800798,21.958890914917106],[88.77555847167974,21.94333076477062],[88.82483673095732,21.93984985351574],[88.85658264160173,21.919059753418082],[88.89746093750006,21.92283821105957],[88.90727233886747,21.929536819458065],[88.90756225585943,21.96935081481962],[88.89971923828125,22.01305961608898],[88.87526702880876,22.01221847534208],[88.81276702880865,22.01944160461437]]],[[[88.76380920410185,22.051670074463118],[88.76167297363287,22.02139091491722],[88.77805328369146,22.019720077514762],[88.77526092529325,22.0500431060791],[88.76380920410185,22.051670074463118]]],[[[88.90278625488287,22.0453338623048],[88.85389709472673,22.04329109191906],[88.87701416015642,22.014839172363224],[88.90166473388678,22.01888847351097],[88.90278625488287,22.0453338623048]]],[[[89.01619720458979,22.05092048645031],[88.98610687255876,22.049100875854606],[88.96807861328153,22.015541076660213],[88.9743270874024,21.994552612304744],[89.01806640625028,21.97553443908697],[88.99945831298845,21.949819564819336],[89.03032684326189,21.92644309997587],[89.063285827637,21.93451118469261],[89.07801818847673,21.986417770385742],[89.06803894042997,22.013612747192383],[89.04035186767584,22.049161911010742],[89.01619720458979,22.05092048645031]]],[[[88.81185913085949,22.060754776001204],[88.79203033447294,22.054828643799],[88.78045654296875,22.037534713745117],[88.79541778564459,22.031148910522745],[88.80584716796892,22.033281326294173],[88.81278991699224,22.02544975280773],[88.83186340332037,22.02697563171398],[88.83101654052751,22.050750732421875],[88.81185913085949,22.060754776001204]]],[[[88.87055969238287,22.07893943786621],[88.8543548583985,22.079046249389762],[88.8378982543947,22.07176017761236],[88.82855987548845,22.070165634155273],[88.8194427490235,22.06250190734869],[88.8503875732423,22.042707443237305],[88.86055755615229,22.046115875244368],[88.8810653686524,22.04558181762701],[88.87037658691412,22.06278038024925],[88.87055969238287,22.07893943786621]]],[[[88.9040832519533,22.084207534790266],[88.8707275390625,22.08699226379389],[88.8716888427735,22.063356399536303],[88.89090728759783,22.060356140136776],[88.9040832519533,22.084207534790266]]],[[[88.80346679687511,22.08527374267578],[88.79567718505888,22.109140396118335],[88.77899932861334,22.103002548218],[88.74794006347662,22.059301376342773],[88.78076934814464,22.048618316650618],[88.80582427978516,22.065763473510742],[88.80346679687511,22.08527374267578]]],[[[88.81790161132818,22.123029708862532],[88.799125671387,22.111877441406534],[88.80551147460943,22.085081100463924],[88.82762908935553,22.087602615356445],[88.8377532958985,22.0732421875],[88.85118103027372,22.07936286926264],[88.86585235595732,22.081455230713175],[88.84982299804716,22.103113174438704],[88.84718322753935,22.11725044250494],[88.81790161132818,22.123029708862532]]],[[[88.86514282226562,22.16699028015148],[88.84645843505876,22.12130165100109],[88.85366058349638,22.101478576660156],[88.87225341796875,22.087804794311808],[88.91703033447283,22.091201782226562],[88.92274475097656,22.108953475952205],[88.88608551025419,22.164829254150504],[88.86514282226562,22.16699028015148]]],[[[88.94996643066435,22.189191818237305],[88.91971588134783,22.161111831665096],[88.89746093750006,22.17106246948265],[88.90943908691423,22.13364410400402],[88.9295272827149,22.11153221130371],[88.930717468262,22.098100662231445],[88.90170288085966,22.063865661621037],[88.91607666015642,22.01062965393072],[88.91271972656256,21.994359970092887],[88.9314727783206,21.942077636718807],[88.94444274902372,21.92975044250494],[88.99233245849638,21.90694618225092],[89.01510620117205,21.903068542480412],[89.02134704589838,21.92165946960455],[88.99459075927763,21.941972732544002],[88.99388885498047,21.970281600952205],[88.97249603271513,21.987791061401595],[88.96518707275396,22.01741027832054],[88.97709655761713,22.038393020629883],[88.95807647705095,22.060241699218693],[88.9366683959961,22.072500228882063],[88.96966552734375,22.08350944519043],[88.98332977294933,22.1188907623291],[88.98497772216797,22.148120880126953],[88.94996643066435,22.189191818237305]]],[[[89.00193023681658,22.199171066284237],[88.97268676757841,22.193437576294116],[88.9764251708985,22.169557571411246],[88.99385833740263,22.148550033569336],[88.9968719482423,22.131742477417163],[88.98036956787126,22.079282760620288],[88.96280670166033,22.061132431030387],[89.001708984375,22.060264587402514],[89.01892852783203,22.051431655884016],[89.038871765137,22.05545806884777],[89.03111267089861,22.093889236450195],[89.04911041259771,22.13291931152338],[89.0224227905274,22.148363113403605],[89.01444244384794,22.164442062378157],[89.0130233764649,22.19582176208513],[89.00193023681658,22.199171066284237]]],[[[88.84474945068376,22.189191818237305],[88.8326034545899,22.164518356323185],[88.80649566650396,22.178010940551758],[88.7710418701173,22.142574310302734],[88.7491607666015,22.135000228881836],[88.73552703857428,22.10532951354986],[88.70253753662115,22.07795143127447],[88.70471954345697,22.065000534057617],[88.73916625976568,22.05699157714838],[88.74958801269548,22.081056594848746],[88.76905822753923,22.091949462890625],[88.77194213867193,22.106391906738224],[88.79843139648455,22.124952316284407],[88.84984588623075,22.142732620239258],[88.85195922851591,22.17356491088873],[88.84474945068376,22.189191818237305]]],[[[88.93237304687506,22.225000381469954],[88.92050170898455,22.230672836303825],[88.90917205810575,22.19410133361839],[88.93148040771513,22.177011489868107],[88.94448852539062,22.192762374877873],[88.96099090576178,22.194051742553825],[88.95418548584013,22.22160339355463],[88.93237304687506,22.225000381469954]]],[[[88.81259918212896,22.28339195251465],[88.7932357788086,22.26160240173334],[88.79156494140642,22.25843620300293],[88.7856521606447,22.25737190246582],[88.77352142333996,22.250709533691463],[88.75218963623075,22.230390548706055],[88.7472457885745,22.198629379272575],[88.76602935791021,22.194921493530273],[88.78886413574236,22.178350448608455],[88.8151931762697,22.18116950988798],[88.82678985595697,22.1956844329834],[88.80621337890642,22.20773124694847],[88.80101013183622,22.228002548217887],[88.82541656494169,22.240911483764705],[88.82624816894548,22.264593124389705],[88.81259918212896,22.28339195251465]]],[[[88.84986114501982,22.36291694641119],[88.81833648681646,22.35889244079584],[88.80750274658232,22.333328247070597],[88.81222534179693,22.3138885498048],[88.80513000488287,22.296072006225643],[88.82730102539068,22.26545143127447],[88.82646942138689,22.238895416259766],[88.80548858642595,22.221361160278377],[88.8067169189456,22.208951950073356],[88.8365554809572,22.207386016845646],[88.86665344238276,22.195505142212028],[88.87226867675787,22.17136955261242],[88.90249633789091,22.176645278930607],[88.91658782959013,22.22504234313965],[88.92070007324219,22.232629776001204],[88.9264526367188,22.22869491577154],[88.954154968262,22.22569084167486],[88.95134735107416,22.24273109436058],[88.92980957031267,22.26365470886259],[88.93746948242205,22.297369003295955],[88.91165924072294,22.31167030334467],[88.89157104492193,22.343082427978743],[88.84986114501982,22.36291694641119]]],[[[88.98475646972673,22.382432937622013],[88.96779632568376,22.387952804565657],[88.96431732177729,22.367000579834098],[88.9546966552735,22.361099243164062],[88.94721984863287,22.25555992126465],[88.9617004394533,22.242185592651367],[88.96816253662126,22.2150497436524],[88.98628234863298,22.205602645874023],[89.01860809326178,22.20667076110834],[89.02722167968778,22.187341690063647],[89.02352905273443,22.16538047790533],[89.05055236816423,22.146669387817496],[89.06912231445318,22.189933776855412],[89.04041290283197,22.222131729126204],[89.03354644775385,22.254529953003043],[88.99643707275396,22.282632827759073],[89.00000000000017,22.32333564758318],[88.98336791992216,22.32590484619152],[88.9882431030274,22.36489295959467],[88.98475646972673,22.382432937622013]]],[[[88.8619461059572,22.3988876342774],[88.86083221435553,22.37083244323736],[88.8932189941408,22.345771789550724],[88.89778137207048,22.364173889160213],[88.8837509155274,22.37199211120634],[88.8619461059572,22.3988876342774]]],[[[88.78138732910185,22.500562667846793],[88.80080413818388,22.46111869812006],[88.80983734130876,22.481193542480412],[88.80023193359403,22.48615074157715],[88.79167175292997,22.49885940551775],[88.78138732910185,22.500562667846793]]],[[[88.89769744873075,22.548860549926985],[88.885238647461,22.549991607666016],[88.86715698242193,22.530492782593058],[88.861328125,22.49903106689476],[88.86148071289091,22.413211822509936],[88.88229370117182,22.403190612792912],[88.88439178466791,22.376081466674805],[88.92111206054693,22.399169921874943],[88.90451049804693,22.41167259216337],[88.908012390137,22.434156417846737],[88.90065765380876,22.444618225097656],[88.89749908447277,22.459192276001204],[88.89228820800787,22.465934753417912],[88.8963012695313,22.471849441528605],[88.89305877685553,22.486669540405217],[88.904052734375,22.496004104614485],[88.90569305419928,22.520521163940657],[88.89769744873075,22.548860549926985]]],[[[88.92016601562506,22.565305709838867],[88.89614105224615,22.56079483032238],[88.90422821044916,22.52626228332514],[88.91388702392584,22.514722824096623],[88.90560913085955,22.49336814880388],[88.89618682861357,22.48350906372076],[88.89881896972662,22.476844787597656],[88.89472198486345,22.466112136840877],[88.9031600952149,22.455228805542163],[88.90392303466803,22.446151733398438],[88.91889190673857,22.429721832275447],[88.92581939697283,22.406232833862305],[88.92555236816435,22.38750267028803],[88.91591644287126,22.391944885254077],[88.89643096923845,22.37982940673851],[88.90703582763683,22.33627128601097],[88.93247985839861,22.311170578003043],[88.94326782226568,22.310651779174975],[88.94862365722685,22.354814529418945],[88.96444702148449,22.373889923095817],[88.9686126708985,22.412782669067553],[88.9974975585937,22.428611755371094],[88.9891662597658,22.439443588256836],[88.99500274658232,22.467779159546012],[88.9783325195313,22.482500076294002],[88.96523284912138,22.53408622741722],[88.95594787597673,22.5513725280764],[88.92016601562506,22.565305709838867]]],[[[88.49771118164068,21.599754333496378],[88.48610687255888,21.58833122253435],[88.48143768310547,21.55537986755371],[88.50611114501964,21.541110992431925],[88.53083038330095,21.542209625244368],[88.52971649169928,21.583059310913313],[88.49771118164068,21.599754333496378]]],[[[88.53721618652372,21.638620376586914],[88.51027679443365,21.601388931274357],[88.53659820556646,21.588394165039062],[88.5500030517581,21.56361007690458],[88.57554626464872,21.574171066284293],[88.58654785156256,21.58840370178217],[88.58389282226568,21.610828399658203],[88.5575027465822,21.63166999816906],[88.53721618652372,21.638620376586914]]],[[[88.57688140869169,21.691734313964787],[88.57080841064482,21.66600036621088],[88.55477142334013,21.647430419921932],[88.5575027465822,21.63500022888212],[88.59249877929693,21.618053436279297],[88.59916687011724,21.641109466552678],[88.58583068847662,21.658054351806754],[88.57688140869169,21.691734313964787]]],[[[88.59194183349621,21.694166183471623],[88.58082580566412,21.68405914306669],[88.58854675292997,21.65733146667492],[88.60633850097673,21.679977416992188],[88.59194183349621,21.694166183471623]]],[[[88.31108093261736,21.7063503265382],[88.31659698486345,21.665351867675838],[88.30575561523455,21.62906074523943],[88.30805206298845,21.611110687256144],[88.33724212646484,21.621116638183878],[88.35388946533209,21.649440765381144],[88.35111236572266,21.678054809570312],[88.32861328125017,21.705280303955135],[88.31108093261736,21.7063503265382]]],[[[88.45403289794928,21.709341049194563],[88.43687438964855,21.706275939941406],[88.41959381103533,21.68982887268095],[88.42064666748053,21.65135002136236],[88.45111083984375,21.620557785034123],[88.47055053710955,21.674287796020508],[88.45403289794928,21.709341049194563]]],[[[88.20450592041021,21.721181869506893],[88.18148803710966,21.68921852111839],[88.19469451904291,21.63269805908226],[88.20500183105463,21.609720230102823],[88.23166656494169,21.641109466552678],[88.22481536865263,21.67079734802269],[88.21553802490251,21.669815063476506],[88.1980590820313,21.67694473266613],[88.19833374023438,21.694444656372184],[88.21659088134794,21.700540542602653],[88.20450592041021,21.721181869506893]]],[[[88.54566955566423,21.73612976074247],[88.51727294921892,21.71195983886713],[88.53083801269531,21.67747116088873],[88.52809906005854,21.656429290771484],[88.54099273681646,21.63974952697754],[88.56777954101557,21.665277481079045],[88.56610870361345,21.692768096923942],[88.586166381836,21.698932647705078],[88.57083129882807,21.732500076294173],[88.54566955566423,21.73612976074247]]],[[[88.41233825683594,21.731260299682845],[88.39904022216797,21.698789596557617],[88.37972259521484,21.6808319091798],[88.38719940185564,21.64654159545921],[88.38726043701178,21.61334800720215],[88.43192291259794,21.628276824951456],[88.41114807128935,21.660001754760856],[88.41330718994158,21.691066741943303],[88.42856597900408,21.702558517455998],[88.41233825683594,21.731260299682845]]],[[[88.2209091186524,21.762149810791072],[88.21201324462919,21.719980239868278],[88.22106170654314,21.702381134033203],[88.2008361816408,21.691389083862532],[88.19918823242193,21.682619094848746],[88.20865631103533,21.67427062988304],[88.22633361816435,21.675054550171183],[88.23300170898466,21.66901969909685],[88.23473358154325,21.635377883911133],[88.21721649169922,21.619720458984602],[88.24527740478533,21.59194564819336],[88.24833679199236,21.563888549804744],[88.270561218262,21.557779312134016],[88.29166412353521,21.56305313110363],[88.30611419677751,21.580278396606445],[88.28943634033214,21.59638023376465],[88.29332733154314,21.63666915893583],[88.31166839599626,21.671939849853572],[88.27221679687506,21.7282657623291],[88.27149200439459,21.754674911499023],[88.2209091186524,21.762149810791072]]],[[[88.36538696289091,21.76416587829584],[88.35206604003906,21.763996124267578],[88.3425598144533,21.75386047363287],[88.34889221191412,21.726945877075195],[88.3375625610351,21.70976066589384],[88.35787963867193,21.686819076538313],[88.39805603027361,21.713333129882812],[88.36528015136719,21.72221946716303],[88.35977935791021,21.734172821044865],[88.35975646972662,21.745140075683537],[88.36538696289091,21.76416587829584]]],[[[88.38490295410173,21.76444053649925],[88.37281799316435,21.76360893249506],[88.36125946044939,21.747169494628963],[88.36099243164091,21.73472023010271],[88.38108825683611,21.737220764160384],[88.38490295410173,21.76444053649925]]],[[[88.58222198486357,21.777780532837028],[88.56900024414068,21.76917839050293],[88.59201812744158,21.719341278076172],[88.61582946777372,21.727321624755803],[88.61611175537115,21.740833282470817],[88.58715820312506,21.75222969055187],[88.5836181640625,21.761390686035156],[88.58222198486357,21.777780532837028]]],[[[88.60972595214872,21.790279388427905],[88.59259033203142,21.785196304321573],[88.58922576904303,21.77984046936041],[88.58625030517607,21.7565975189209],[88.62139129638689,21.739721298217887],[88.62333679199236,21.773332595825423],[88.60972595214872,21.790279388427905]]],[[[88.45861053466803,21.788650512695483],[88.44824981689453,21.798227310180607],[88.42310333251959,21.76616287231451],[88.42344665527361,21.741783142089844],[88.4331359863283,21.704481124877873],[88.4414825439456,21.70984077453619],[88.45506286621094,21.710914611816634],[88.4672164916995,21.737220764160384],[88.47499847412115,21.79138946533226],[88.45861053466803,21.788650512695483]]],[[[88.54457092285156,21.810319900512923],[88.52861022949224,21.80222129821783],[88.5047225952149,21.772499084472884],[88.504379272461,21.750762939453352],[88.52481079101591,21.718481063843],[88.54171752929693,21.737678527832145],[88.57250213623075,21.735555648803654],[88.56249237060564,21.760280609130973],[88.56944274902372,21.793886184692383],[88.54457092285156,21.810319900512923]]],[[[88.42180633544933,21.81109046936041],[88.41676330566423,21.80844879150402],[88.41246032714855,21.803630828857592],[88.40125274658232,21.794830322265682],[88.39523315429693,21.78897094726591],[88.3828201293947,21.77959632873535],[88.40085601806669,21.74394035339367],[88.42276000976574,21.71982002258295],[88.4228057861331,21.770860671997298],[88.43994140625028,21.789180755615234],[88.44055938720697,21.800519943237532],[88.43261718750006,21.7986431121829],[88.427017211914,21.80368804931652],[88.42587280273432,21.80940055847185],[88.42180633544933,21.81109046936041]]],[[[88.48487854003912,21.834690093994084],[88.45555877685553,21.81861114501953],[88.46005249023455,21.800598144531534],[88.48583221435553,21.798610687255973],[88.5002670288086,21.812501907348746],[88.48487854003912,21.834690093994084]]],[[[88.59221649169939,21.850000381469783],[88.57604217529297,21.817033767700252],[88.58497619628923,21.80199050903343],[88.60722351074247,21.814722061157454],[88.61614227294928,21.83077049255371],[88.59221649169939,21.850000381469783]]],[[[88.33113098144548,21.86068725585966],[88.3151473999024,21.857597351074446],[88.31166076660173,21.853937149048022],[88.31535339355474,21.84465980529791],[88.30773162841803,21.83030128479004],[88.26588439941423,21.813749313354606],[88.26029968261747,21.807199478149585],[88.26419830322271,21.793949127197266],[88.28213500976568,21.791255950927734],[88.30358886718778,21.76080322265642],[88.30580139160162,21.71760559082037],[88.33195495605474,21.71057319641119],[88.34500122070307,21.721666336059627],[88.33980560302763,21.75101089477539],[88.34345245361357,21.760269165039062],[88.35722351074236,21.766946792602482],[88.37790679931646,21.768602371216105],[88.37996673583984,21.78726959228527],[88.36138916015653,21.796020507812784],[88.35195922851568,21.820415496826342],[88.35212707519537,21.85486984252958],[88.33113098144548,21.86068725585966]]],[[[88.13694763183611,21.875000000000114],[88.12195587158209,21.86567115783697],[88.07226562500017,21.778312683105582],[88.06138610839844,21.73444175720232],[88.04422760009783,21.71769332885765],[88.0369415283206,21.673891067504883],[88.04166412353521,21.649166107177734],[88.09027862548834,21.629167556762752],[88.13471984863287,21.62944221496599],[88.15499877929716,21.65278053283697],[88.15361022949224,21.692499160766886],[88.17094421386724,21.74510192871122],[88.16366577148455,21.80014991760271],[88.16999816894537,21.81722068786638],[88.15721893310553,21.830299377441634],[88.13694763183611,21.875000000000114]]],[[[88.6216659545899,21.897779464721737],[88.59471893310564,21.85610961914091],[88.60639190673834,21.846389770507926],[88.62027740478533,21.824167251586857],[88.62223815917974,21.793220520019474],[88.6386108398438,21.784721374511776],[88.652847290039,21.868658065796012],[88.64554595947294,21.871343612671012],[88.6317367553711,21.87165451049833],[88.63464355468756,21.876688003540266],[88.62722015380865,21.88667106628418],[88.62695312500017,21.89389038085949],[88.6216659545899,21.897779464721737]]],[[[88.5623397827149,21.897460937500227],[88.54830932617216,21.90381813049322],[88.55026245117205,21.88095855712885],[88.54050445556635,21.870399475097713],[88.53055572509794,21.84916877746599],[88.54499816894537,21.826389312744368],[88.56311798095709,21.83093070983881],[88.57622528076189,21.88428115844721],[88.5623397827149,21.897460937500227]]],[[[88.44647979736328,21.904920578003043],[88.43583679199236,21.90167045593273],[88.41982269287126,21.903139114380053],[88.41713714599626,21.887279510498104],[88.40027618408232,21.873060226440543],[88.39251708984392,21.832601547241495],[88.4032058715822,21.797563552856673],[88.41826629638689,21.811611175537053],[88.42402648925781,21.81240081787115],[88.42691802978521,21.810319900512923],[88.42960357666021,21.801437377929858],[88.43344879150419,21.800081253052042],[88.44274139404303,21.802211761474666],[88.45433807373064,21.821809768676815],[88.49072265624994,21.85032081604004],[88.48382568359403,21.885250091552678],[88.46055603027372,21.893640518188477],[88.44647979736328,21.904920578003043]]],[[[88.6399993896485,21.921680450439396],[88.62338256835943,21.901409149170206],[88.62857818603544,21.89386177063011],[88.62947082519537,21.88442039489769],[88.6408920288086,21.87359046936035],[88.65305328369158,21.880832672119254],[88.6669464111331,21.91333580017084],[88.6399993896485,21.921680450439396]]],[[[88.13478851318388,21.926744461059684],[88.11675262451172,21.913581848144702],[88.129447937012,21.89888954162609],[88.14462280273443,21.91526031494152],[88.13478851318388,21.926744461059684]]],[[[88.6599731445313,22.019212722778377],[88.63485717773449,21.995950698852596],[88.63237762451183,21.952552795410384],[88.65722656249994,21.9541206359865],[88.67815399169933,21.942867279052905],[88.71578216552729,22.000640869140852],[88.67425537109392,22.019182205200252],[88.6599731445313,22.019212722778377]]],[[[88.77251434326178,22.17837715148943],[88.76634979248064,22.189176559448242],[88.74669647216797,22.195562362671183],[88.7318954467774,22.193990707397518],[88.69839477539091,22.208568572998047],[88.6528625488283,22.163391113281364],[88.6341857910158,22.10621070861845],[88.65215301513678,22.081430435180778],[88.66339111328142,22.024396896362305],[88.70229339599626,22.007331848144588],[88.72041320800798,22.005596160888615],[88.74018096923857,22.020349502563533],[88.72941589355474,22.038320541381836],[88.68840026855474,22.059770584106445],[88.68897247314459,22.089904785156477],[88.72326660156267,22.11325073242199],[88.73602294921892,22.13268089294428],[88.7663879394533,22.14611053466797],[88.78864288330072,22.16813468933117],[88.77251434326178,22.17837715148943]]]]}}]}